Date,SPX,DTTF,EUS,HSI,BITCOIN,GOLD,USD
2014-04-30 00:00:00,1883.95,19.704,3198.39,22133.97,448.23,1291.6,79.474
2014-05-01 00:00:00,1883.68,19.497,3198.66,22133.97,460.93,1284.31,79.527
2014-05-02 00:00:00,1881.14,20.105,3177.89,22260.67,451.51,1299.7,79.516
2014-05-03 00:00:00,1881.14,20.105,3177.89,22260.67,451.51,1299.7,79.516
2014-05-04 00:00:00,1881.14,20.105,3177.89,22260.67,438.44,1299.7,79.516
2014-05-05 00:00:00,1884.66,20.15,3171.29,21976.33,430.34,1310.28,79.486
2014-05-06 00:00:00,1867.72,19.541,3149.79,21976.33,427.66,1308.05,79.093
2014-05-07 00:00:00,1878.21,19.079,3159.67,21746.26,447.46,1289.88,79.202
2014-05-08 00:00:00,1875.63,19.645,3204.3,21837.12,441.8,1289.43,79.361
2014-05-09 00:00:00,1878.48,19.846,3184.09,21862.99,452.29,1288.91,79.903
2014-05-10 00:00:00,1878.48,19.846,3184.09,21862.99,452.29,1288.91,79.903
2014-05-11 00:00:00,1878.48,19.846,3184.09,21862.99,436.17,1288.91,79.903
2014-05-12 00:00:00,1896.65,19.894,3206.97,22261.61,441.44,1295.8,79.901
2014-05-13 00:00:00,1897.45,19.75,3211.78,22352.38,437.55,1293.63,80.143
2014-05-14 00:00:00,1888.53,19.597,3210.42,22582.77,448.31,1305.97,80.073
2014-05-15 00:00:00,1870.85,19.582,3163.22,22730.86,447.38,1296.22,80.003
2014-05-16 00:00:00,1877.86,19.306,3172.72,22712.91,449.68,1293.52,80.043
2014-05-17 00:00:00,1877.86,19.306,3172.72,22712.91,449.68,1293.52,80.043
2014-05-18 00:00:00,1877.86,19.306,3172.72,22712.91,445.91,1293.52,80.043
2014-05-19 00:00:00,1885.08,19.333,3169.9,22704.5,449.06,1292.97,79.993
2014-05-20 00:00:00,1872.83,19.359,3163.93,22834.68,489.43,1294.37,80.041
2014-05-21 00:00:00,1888.03,19.492,3187.08,22836.52,494.18,1292.04,80.095
2014-05-22 00:00:00,1892.49,19.469,3187.63,22953.76,522.31,1294.1,80.254
2014-05-23 00:00:00,1900.53,19.593,3203.28,22965.86,532.48,1292.61,80.393
2014-05-24 00:00:00,1900.53,19.593,3203.28,22965.86,532.48,1292.61,80.393
2014-05-25 00:00:00,1900.53,19.593,3203.28,22965.86,574.93,1292.61,80.393
2014-05-26 00:00:00,1900.53,19.593,3240.39,22963.18,581.81,1292.91,80.393
2014-05-27 00:00:00,1911.91,19.2,3244.28,22944.3,577.54,1264.95,80.352
2014-05-28 00:00:00,1909.78,18.894,3246.24,23080.03,570.67,1258.14,80.571
2014-05-29 00:00:00,1920.03,18.817,3244.66,23010.14,568.62,1255.56,80.494
2014-05-30 00:00:00,1923.57,19.022,3244.6,23081.65,613.92,1249.68,80.369
2014-05-31 00:00:00,1923.57,19.022,3244.6,23081.65,613.92,1249.68,80.369
2014-06-01 00:00:00,1923.57,19.022,3244.6,23081.65,647.41,1249.68,80.369
2014-06-02 00:00:00,1924.97,18.322,3247.8,23081.65,655.27,1243.93,80.644
2014-06-03 00:00:00,1924.24,18.231,3241.04,23291.04,671.83,1244.95,80.554
2014-06-04 00:00:00,1927.88,17.656,3237.93,23151.71,648.99,1243.94,80.663
2014-06-05 00:00:00,1940.46,17.411,3267.05,23109.66,659.99,1253.63,80.371
2014-06-06 00:00:00,1949.44,16.94,3294.28,22951.0,652.65,1253.23,80.409
2014-06-07 00:00:00,1949.44,16.94,3294.28,22951.0,652.65,1253.23,80.409
2014-06-08 00:00:00,1949.44,16.94,3294.28,22951.0,654.19,1253.23,80.409
2014-06-09 00:00:00,1951.27,17.303,3305.26,23117.47,646.2,1252.34,80.653
2014-06-10 00:00:00,1950.79,17.235,3313.8,23315.74,645.34,1259.9,80.82
2014-06-11 00:00:00,1943.89,17.371,3289.09,23257.29,634.44,1261.07,80.788
2014-06-12 00:00:00,1930.11,17.445,3284.28,23175.02,591.01,1273.46,80.576
2014-06-13 00:00:00,1936.16,18.179,3282.84,23319.17,582.37,1276.96,80.576
2014-06-14 00:00:00,1936.16,18.179,3282.84,23319.17,582.37,1276.96,80.576
2014-06-15 00:00:00,1936.16,18.179,3282.84,23319.17,574.04,1276.96,80.576
2014-06-16 00:00:00,1937.78,18.389,3261.42,23300.67,592.81,1272.0,80.471
2014-06-17 00:00:00,1941.99,17.756,3275.33,23203.59,606.39,1270.58,80.629
2014-06-18 00:00:00,1956.98,17.491,3279.2,23181.72,605.32,1277.71,80.584
2014-06-19 00:00:00,1959.48,17.398,3314.8,23167.73,604.87,1320.39,80.317
2014-06-20 00:00:00,1962.87,17.462,3302.36,23194.06,594.47,1314.82,80.372
2014-06-21 00:00:00,1962.87,17.462,3302.36,23194.06,594.47,1314.82,80.372
2014-06-22 00:00:00,1962.87,17.462,3302.36,23194.06,598.6,1314.82,80.372
2014-06-23 00:00:00,1962.61,17.278,3282.58,22804.81,586.97,1317.52,80.272
2014-06-24 00:00:00,1949.98,17.327,3284.81,22880.64,585.23,1318.29,80.327
2014-06-25 00:00:00,1959.53,17.375,3252.31,22866.7,570.43,1319.18,80.225
2014-06-26 00:00:00,1957.22,17.205,3233.19,23197.83,571.59,1316.58,80.22
2014-06-27 00:00:00,1960.96,17.22,3227.85,23221.52,576.53,1316.17,80.039
2014-06-28 00:00:00,1960.96,17.22,3227.85,23221.52,576.53,1316.17,80.039
2014-06-29 00:00:00,1960.96,17.22,3227.85,23221.52,594.53,1316.17,80.039
2014-06-30 00:00:00,1960.23,17.291,3228.24,23190.72,646.97,1327.33,79.775
2014-07-01 00:00:00,1973.32,16.878,3258.71,23190.72,643.33,1326.46,79.815
2014-07-02 00:00:00,1974.62,16.712,3252.25,23549.62,648.22,1326.86,79.956
2014-07-03 00:00:00,1985.44,16.479,3289.75,23531.44,642.87,1319.53,80.212
2014-07-04 00:00:00,1985.44,15.847,3270.47,23546.36,634.88,1320.55,80.269
2014-07-05 00:00:00,1985.44,15.847,3270.47,23546.36,634.88,1320.55,80.269
2014-07-06 00:00:00,1985.44,15.847,3270.47,23546.36,634.5,1320.55,80.269
2014-07-07 00:00:00,1977.65,15.454,3230.92,23540.92,623.92,1319.94,80.218
2014-07-08 00:00:00,1963.71,15.626,3184.38,23541.38,624.81,1319.24,80.179
2014-07-09 00:00:00,1972.83,15.5,3203.1,23176.07,624.14,1327.83,79.993
2014-07-10 00:00:00,1964.68,15.415,3150.59,23238.99,618.05,1335.75,80.127
2014-07-11 00:00:00,1967.57,15.369,3157.05,23233.45,633.68,1338.7,80.187
2014-07-12 00:00:00,1967.57,15.369,3157.05,23233.45,633.68,1338.7,80.187
2014-07-13 00:00:00,1967.57,15.369,3157.05,23233.45,629.42,1338.7,80.187
2014-07-14 00:00:00,1977.1,16.075,3185.86,23346.67,622.08,1307.15,80.188
2014-07-15 00:00:00,1973.28,15.899,3153.75,23459.96,621.74,1294.05,80.39
2014-07-16 00:00:00,1981.57,16.056,3202.94,23523.28,619.47,1299.21,80.559
2014-07-17 00:00:00,1958.12,16.508,3157.82,23520.87,623.03,1319.2,80.505
2014-07-18 00:00:00,1978.22,16.789,3164.21,23454.79,628.86,1310.88,80.524
2014-07-19 00:00:00,1978.22,16.789,3164.21,23454.79,628.86,1310.88,80.524
2014-07-20 00:00:00,1978.22,16.789,3164.21,23454.79,624.29,1310.88,80.524
2014-07-21 00:00:00,1973.63,16.322,3137.06,23387.14,620.78,1312.49,80.56
2014-07-22 00:00:00,1983.53,16.3,3189.22,23782.11,621.84,1306.42,80.781
2014-07-23 00:00:00,1987.01,16.678,3193.13,23971.87,620.0,1304.59,80.823
2014-07-24 00:00:00,1987.98,17.111,3220.07,24141.5,603.65,1293.66,80.872
2014-07-25 00:00:00,1978.34,18.169,3174.99,24216.01,599.5,1307.22,81.029
2014-07-26 00:00:00,1978.34,18.169,3174.99,24216.01,599.5,1307.22,81.029
2014-07-27 00:00:00,1978.34,18.169,3174.99,24216.01,594.18,1307.22,81.029
2014-07-28 00:00:00,1978.91,18.847,3171.55,24428.63,592.19,1304.05,81.025
2014-07-29 00:00:00,1969.95,18.116,3190.54,24640.53,582.28,1299.11,81.214
2014-07-30 00:00:00,1970.07,17.57,3169.23,24732.21,564.63,1296.3,81.432
2014-07-31 00:00:00,1930.67,18.528,3115.51,24756.85,586.36,1282.59,81.456
2014-08-01 00:00:00,1925.15,18.018,3072.57,24532.43,600.03,1293.75,81.302
2014-08-02 00:00:00,1925.15,18.018,3072.57,24532.43,600.03,1293.75,81.302
2014-08-03 00:00:00,1925.15,18.018,3072.57,24532.43,587.07,1293.75,81.302
2014-08-04 00:00:00,1938.99,17.489,3070.46,24600.08,586.86,1288.25,81.328
2014-08-05 00:00:00,1920.21,17.592,3072.2,24648.26,579.65,1288.78,81.328
2014-08-06 00:00:00,1920.24,18.193,3050.37,24584.13,580.67,1305.9,81.444
2014-08-07 00:00:00,1909.57,18.32,3012.88,24387.56,591.68,1312.63,81.524
2014-08-08 00:00:00,1931.59,18.264,3006.83,24331.41,591.32,1309.58,81.389
2014-08-09 00:00:00,1931.59,18.264,3006.83,24331.41,591.32,1309.58,81.389
2014-08-10 00:00:00,1931.59,18.264,3006.83,24331.41,586.48,1309.58,81.389
2014-08-11 00:00:00,1936.92,17.986,3047.56,24646.02,575.31,1308.48,81.466
2014-08-12 00:00:00,1933.75,17.831,3023.77,24689.41,570.17,1309.51,81.5
2014-08-13 00:00:00,1946.72,17.963,3056.17,24890.34,542.95,1312.92,81.596
2014-08-14 00:00:00,1955.18,18.408,3058.16,24801.36,513.7,1313.52,81.588
2014-08-15 00:00:00,1955.06,19.032,3033.52,24954.94,496.75,1304.7,81.424
2014-08-16 00:00:00,1955.06,19.032,3033.52,24954.94,496.75,1304.7,81.424
2014-08-17 00:00:00,1955.06,19.032,3033.52,24954.94,486.79,1304.7,81.424
2014-08-18 00:00:00,1971.74,18.252,3073.45,24955.46,457.43,1298.4,81.576
2014-08-19 00:00:00,1981.6,17.938,3091.11,25122.95,483.36,1295.73,81.883
2014-08-20 00:00:00,1986.51,17.311,3083.5,25159.76,514.21,1291.94,82.226
2014-08-21 00:00:00,1992.37,17.293,3124.56,24994.1,522.72,1276.78,82.154
2014-08-22 00:00:00,1988.4,18.007,3098.5,25112.23,516.93,1281.1,82.336
2014-08-23 00:00:00,1988.4,18.007,3098.5,25112.23,516.93,1281.1,82.336
2014-08-24 00:00:00,1988.4,18.007,3098.5,25112.23,508.83,1281.1,82.336
2014-08-25 00:00:00,1997.92,18.3,3165.47,25166.91,505.47,1276.84,82.549
2014-08-26 00:00:00,2000.02,18.06,3197.54,25074.5,509.84,1281.2,82.65
2014-08-27 00:00:00,2000.12,18.078,3194.45,24918.75,517.01,1282.63,82.428
2014-08-28 00:00:00,1996.74,19.011,3164.44,24741.0,508.15,1289.65,82.477
2014-08-29 00:00:00,2003.37,22.03,3172.63,24742.06,509.35,1287.32,82.748
2014-08-30 00:00:00,2003.37,22.03,3172.63,24742.06,509.35,1287.32,82.748
2014-08-31 00:00:00,2003.37,22.03,3172.63,24742.06,479.7,1287.32,82.748
2014-09-01 00:00:00,2003.37,22.807,3175.05,24752.09,481.87,1286.0,82.748
2014-09-02 00:00:00,2002.28,22.118,3180.29,24749.02,478.21,1265.4,82.992
2014-09-03 00:00:00,2000.72,21.701,3218.84,25317.95,476.63,1269.4,82.865
2014-09-04 00:00:00,1997.65,22.018,3277.25,25297.92,487.1,1261.67,83.82
2014-09-05 00:00:00,2007.71,21.81,3275.25,25240.15,478.42,1268.81,83.739
2014-09-06 00:00:00,2007.71,21.81,3275.25,25240.15,478.42,1268.81,83.739
2014-09-07 00:00:00,2007.71,21.81,3275.25,25240.15,477.99,1268.81,83.739
2014-09-08 00:00:00,2001.54,21.645,3267.54,25190.45,469.77,1255.45,84.232
2014-09-09 00:00:00,1988.44,21.287,3245.43,25190.45,473.01,1255.47,84.278
2014-09-10 00:00:00,1995.69,21.398,3244.16,24705.36,483.24,1249.77,84.283
2014-09-11 00:00:00,1997.45,21.542,3237.76,24662.64,475.52,1240.92,84.298
2014-09-12 00:00:00,1985.54,21.404,3235.07,24595.32,471.48,1229.65,84.24
2014-09-13 00:00:00,1985.54,21.404,3235.07,24595.32,471.48,1229.65,84.24
2014-09-14 00:00:00,1985.54,21.404,3235.07,24595.32,475.89,1229.65,84.24
2014-09-15 00:00:00,1984.13,22.095,3231.7,24356.99,475.62,1233.22,84.264
2014-09-16 00:00:00,1998.98,21.951,3221.73,24136.01,463.89,1235.55,84.074
2014-09-17 00:00:00,2001.57,21.984,3237.44,24376.41,444.81,1223.51,84.345
2014-09-18 00:00:00,2011.36,22.272,3271.37,24168.72,417.44,1225.15,84.323
2014-09-19 00:00:00,2010.4,22.264,3273.25,24306.16,396.47,1215.7,84.735
2014-09-20 00:00:00,2010.4,22.264,3273.25,24306.16,396.47,1215.7,84.735
2014-09-21 00:00:00,2010.4,22.264,3273.25,24306.16,399.71,1215.7,84.735
2014-09-22 00:00:00,1994.29,22.071,3257.48,23955.49,402.47,1215.08,84.752
2014-09-23 00:00:00,1982.77,21.601,3205.93,23837.07,448.34,1223.42,84.658
2014-09-24 00:00:00,1998.3,21.81,3244.01,23921.61,428.4,1217.09,85.037
2014-09-25 00:00:00,1965.99,22.222,3202.31,23768.13,407.43,1221.58,85.195
2014-09-26 00:00:00,1982.85,22.003,3219.58,23678.41,407.29,1218.38,85.64
2014-09-27 00:00:00,1982.85,22.003,3219.58,23678.41,407.29,1218.38,85.64
2014-09-28 00:00:00,1982.85,22.003,3219.58,23678.41,380.68,1218.38,85.64
2014-09-29 00:00:00,1977.8,22.131,3186.95,23229.21,375.22,1215.81,85.591
2014-09-30 00:00:00,1972.29,24.067,3225.93,22932.98,389.68,1208.15,85.936
2014-10-01 00:00:00,1946.16,24.493,3195.08,22932.98,383.45,1213.82,85.972
2014-10-02 00:00:00,1946.17,23.999,3106.42,22932.98,376.86,1214.57,85.601
2014-10-03 00:00:00,1967.9,23.548,3133.37,23064.56,358.65,1191.42,86.694
2014-10-04 00:00:00,1967.9,23.548,3133.37,23064.56,358.65,1191.42,86.694
2014-10-05 00:00:00,1967.9,23.548,3133.37,23064.56,309.1,1191.42,86.694
2014-10-06 00:00:00,1964.82,23.301,3138.67,23315.04,333.34,1207.3,85.928
2014-10-07 00:00:00,1935.1,23.228,3082.1,23422.52,330.68,1209.01,85.672
2014-10-08 00:00:00,1968.89,23.47,3053.31,23263.33,350.6,1221.14,85.297
2014-10-09 00:00:00,1928.21,23.45,3042.45,23534.53,366.31,1224.33,85.522
2014-10-10 00:00:00,1906.13,23.153,2991.5,23088.54,358.05,1223.16,85.912
2014-10-11 00:00:00,1906.13,23.153,2991.5,23088.54,358.05,1223.16,85.912
2014-10-12 00:00:00,1906.13,23.153,2991.5,23088.54,370.7,1223.16,85.912
2014-10-13 00:00:00,1874.74,22.69,2998.32,23143.38,388.77,1235.87,85.532
2014-10-14 00:00:00,1877.7,22.716,3000.99,23047.97,407.23,1232.83,85.822
2014-10-15 00:00:00,1862.49,22.6,2892.55,23140.05,391.87,1242.02,85.147
2014-10-16 00:00:00,1862.76,22.944,2874.65,22900.94,383.19,1238.81,84.955
2014-10-17 00:00:00,1886.76,22.626,2962.24,23023.21,381.6,1238.32,85.11
2014-10-18 00:00:00,1886.76,22.626,2962.24,23023.21,381.6,1238.32,85.11
2014-10-19 00:00:00,1886.76,22.626,2962.24,23023.21,387.92,1238.32,85.11
2014-10-20 00:00:00,1904.01,22.458,2927.3,23070.26,385.22,1246.91,84.953
2014-10-21 00:00:00,1941.28,22.478,2991.46,23088.58,386.69,1248.7,85.303
2014-10-22 00:00:00,1927.11,22.753,3008.53,23403.97,384.19,1241.27,85.741
2014-10-23 00:00:00,1950.82,22.576,3044.3,23333.18,359.65,1231.84,85.843
2014-10-24 00:00:00,1964.58,22.496,3030.37,23302.2,358.09,1231.01,85.732
2014-10-25 00:00:00,1964.58,22.496,3030.37,23302.2,358.09,1231.01,85.732
2014-10-26 00:00:00,1964.58,22.496,3030.37,23302.2,355.21,1231.01,85.732
2014-10-27 00:00:00,1961.63,22.351,2998.84,23143.23,351.88,1226.62,85.495
2014-10-28 00:00:00,1985.05,22.681,3036.15,23520.36,355.88,1228.52,85.408
2014-10-29 00:00:00,1982.3,22.848,3022.42,23819.87,341.22,1212.15,85.952
2014-10-30 00:00:00,1994.65,22.431,3035.9,23702.04,347.62,1198.85,86.147
2014-10-31 00:00:00,2018.05,22.852,3113.32,23998.06,342.38,1172.94,86.917
2014-11-01 00:00:00,2018.05,22.852,3113.32,23998.06,342.38,1172.94,86.917
2014-11-02 00:00:00,2018.05,22.852,3113.32,23998.06,325.03,1172.94,86.917
2014-11-03 00:00:00,2017.81,23.2,3082.32,23915.97,327.51,1165.63,87.309
2014-11-04 00:00:00,2012.1,22.835,3034.24,23845.66,327.55,1168.39,86.984
2014-11-05 00:00:00,2023.57,22.796,3091.54,23695.62,339.76,1140.54,87.444
2014-11-06 00:00:00,2031.21,22.861,3102.07,23649.31,349.63,1141.92,88.012
2014-11-07 00:00:00,2031.92,23.221,3064.92,23550.24,342.67,1177.97,87.642
2014-11-08 00:00:00,2031.92,23.221,3064.92,23550.24,342.67,1177.97,87.642
2014-11-09 00:00:00,2031.92,23.221,3064.92,23550.24,358.36,1177.97,87.642
2014-11-10 00:00:00,2038.26,23.274,3094.6,23744.7,365.92,1151.47,87.81
2014-11-11 00:00:00,2039.68,22.941,3104.59,23808.28,367.91,1164.33,87.531
2014-11-12 00:00:00,2038.25,22.933,3047.3,23938.18,426.3,1162.6,87.822
2014-11-13 00:00:00,2039.33,22.525,3056.8,24019.94,404.73,1162.55,87.674
2014-11-14 00:00:00,2039.82,22.276,3059.99,24087.38,396.45,1188.75,87.525
2014-11-15 00:00:00,2039.82,22.276,3059.99,24087.38,396.45,1188.75,87.525
2014-11-16 00:00:00,2039.82,22.276,3059.99,24087.38,387.59,1188.75,87.525
2014-11-17 00:00:00,2041.32,22.791,3084.79,23797.08,385.86,1186.57,87.926
2014-11-18 00:00:00,2051.8,22.815,3120.42,23529.17,378.73,1197.08,87.575
2014-11-19 00:00:00,2048.72,22.897,3123.12,23373.31,376.69,1182.68,87.647
2014-11-20 00:00:00,2052.75,23.078,3102.21,23349.64,357.97,1193.79,87.591
2014-11-21 00:00:00,2063.5,23.394,3194.22,23437.12,353.8,1201.55,88.31
2014-11-22 00:00:00,2063.5,23.394,3194.22,23437.12,353.8,1201.55,88.31
2014-11-23 00:00:00,2063.5,23.394,3194.22,23437.12,368.03,1201.55,88.31
2014-11-24 00:00:00,2069.41,23.786,3211.7,23893.14,378.44,1197.14,88.151
2014-11-25 00:00:00,2067.03,24.642,3226.15,23843.91,376.92,1200.98,87.92
2014-11-26 00:00:00,2072.83,24.55,3226.08,24111.98,366.6,1197.87,87.607
2014-11-27 00:00:00,2072.83,24.358,3244.92,24004.28,369.29,1192.67,87.607
2014-11-28 00:00:00,2067.56,24.207,3250.93,23987.45,377.77,1167.38,88.356
2014-11-29 00:00:00,2067.56,24.207,3250.93,23987.45,377.77,1167.38,88.356
2014-11-30 00:00:00,2067.56,24.207,3250.93,23987.45,375.76,1167.38,88.356
2014-12-01 00:00:00,2053.44,24.02,3232.91,23367.45,378.21,1212.1,87.946
2014-12-02 00:00:00,2066.55,23.74,3238.35,23654.3,379.37,1198.28,88.647
2014-12-03 00:00:00,2074.33,23.667,3247.72,23428.62,378.42,1209.43,88.956
2014-12-04 00:00:00,2071.92,23.468,3191.25,23832.56,372.94,1205.27,88.704
2014-12-05 00:00:00,2075.37,23.296,3277.38,24002.64,378.61,1192.35,89.334
2014-12-06 00:00:00,2075.37,23.296,3277.38,24002.64,378.61,1192.35,89.334
2014-12-07 00:00:00,2075.37,23.296,3277.38,24002.64,378.61,1192.35,89.334
2014-12-08 00:00:00,2060.31,23.027,3247.99,24047.67,367.72,1203.51,89.041
2014-12-09 00:00:00,2059.82,23.141,3162.77,23485.83,352.55,1231.06,88.69
2014-12-10 00:00:00,2026.14,23.106,3150.95,23524.52,350.42,1226.31,88.271
2014-12-11 00:00:00,2035.33,22.792,3159.11,23312.54,350.33,1227.72,88.663
2014-12-12 00:00:00,2002.33,22.734,3067.32,23249.2,356.43,1222.59,88.363
2014-12-13 00:00:00,2002.33,22.734,3067.32,23249.2,356.43,1222.59,88.363
2014-12-14 00:00:00,2002.33,22.734,3067.32,23249.2,355.02,1222.59,88.363
2014-12-15 00:00:00,1989.63,22.358,2982.9,23027.85,348.15,1193.23,88.46
2014-12-16 00:00:00,1972.74,22.471,3049.99,22670.5,333.36,1197.01,88.125
2014-12-17 00:00:00,2012.89,22.414,3051.99,22585.84,321.05,1189.71,89.133
2014-12-18 00:00:00,2061.23,22.667,3153.77,22832.21,311.39,1198.57,89.235
2014-12-19 00:00:00,2070.65,22.382,3141.28,23116.63,314.26,1195.74,89.598
2014-12-20 00:00:00,2070.65,22.382,3141.28,23116.63,314.26,1195.74,89.598
2014-12-21 00:00:00,2070.65,22.382,3141.28,23116.63,319.36,1195.74,89.598
2014-12-22 00:00:00,2078.54,22.194,3154.91,23408.57,329.54,1176.44,89.77
2014-12-23 00:00:00,2082.17,22.348,3192.47,23333.69,334.99,1176.57,90.064
2014-12-24 00:00:00,2081.88,22.595,3184.66,23349.34,321.87,1173.8,89.967
2014-12-25 00:00:00,2081.88,22.595,3184.66,23349.34,319.4,1173.8,89.835
2014-12-26 00:00:00,2088.77,22.595,3184.66,23349.34,329.49,1196.0,90.03
2014-12-27 00:00:00,2088.77,22.595,3184.66,23349.34,329.49,1196.0,90.03
2014-12-28 00:00:00,2088.77,22.595,3184.66,23349.34,315.83,1196.0,90.03
2014-12-29 00:00:00,2090.57,21.673,3185.17,23773.18,314.25,1183.29,90.19
2014-12-30 00:00:00,2080.35,21.208,3135.95,23501.1,310.17,1200.55,89.991
2014-12-31 00:00:00,2058.9,21.296,3146.43,23605.04,317.36,1184.37,90.269
2015-01-01 00:00:00,2058.9,21.296,3146.43,23605.04,314.49,1181.98,90.276
2015-01-02 00:00:00,2058.2,20.448,3139.44,23857.82,314.73,1188.39,91.08
2015-01-03 00:00:00,2058.2,20.448,3139.44,23857.82,314.73,1188.39,91.08
2015-01-04 00:00:00,2058.2,20.448,3139.44,23857.82,266.26,1188.39,91.08
2015-01-05 00:00:00,2020.58,20.145,3023.14,23721.32,270.93,1204.86,91.378
2015-01-06 00:00:00,2002.61,19.538,3007.91,23485.41,286.41,1218.58,91.499
2015-01-07 00:00:00,2025.9,19.594,3026.79,23681.26,296.13,1211.41,91.89
2015-01-08 00:00:00,2062.14,19.591,3135.08,23835.53,293.83,1208.79,92.368
2015-01-09 00:00:00,2044.81,19.56,3042.9,23919.95,289.81,1223.25,91.935
2015-01-10 00:00:00,2044.81,19.56,3042.9,23919.95,289.81,1223.25,91.935
2015-01-11 00:00:00,2044.81,19.56,3042.9,23919.95,268.12,1223.25,91.935
2015-01-12 00:00:00,2028.26,19.76,3084.18,24026.46,270.65,1233.31,91.983
2015-01-13 00:00:00,2023.03,20.451,3133.86,24215.97,236.05,1230.64,92.31
2015-01-14 00:00:00,2011.27,20.592,3089.67,24112.6,183.07,1228.72,92.161
2015-01-15 00:00:00,1992.67,20.25,3157.36,24350.91,206.68,1262.75,92.352
2015-01-16 00:00:00,2019.42,19.82,3202.24,24103.52,208.34,1280.45,92.52
2015-01-17 00:00:00,2019.42,19.82,3202.24,24103.52,208.34,1280.45,92.52
2015-01-18 00:00:00,2019.42,19.82,3202.24,24103.52,207.87,1280.45,92.52
2015-01-19 00:00:00,2019.42,19.275,3220.9,23738.49,216.21,1275.65,92.52
2015-01-20 00:00:00,2022.55,19.249,3244.92,23951.16,211.18,1295.32,93.046
2015-01-21 00:00:00,2032.12,19.525,3269.73,24352.58,225.1,1293.09,92.904
2015-01-22 00:00:00,2063.15,19.549,3322.65,24522.63,231.92,1302.25,94.077
2015-01-23 00:00:00,2051.82,19.467,3382.55,24850.45,237.01,1294.08,94.762
2015-01-24 00:00:00,2051.82,19.467,3382.55,24850.45,237.01,1294.08,94.762
2015-01-25 00:00:00,2051.82,19.467,3382.55,24850.45,251.78,1294.08,94.762
2015-01-26 00:00:00,2057.09,19.612,3414.28,24909.9,271.61,1281.4,94.802
2015-01-27 00:00:00,2029.55,19.919,3372.58,24807.28,261.76,1292.34,94.022
2015-01-28 00:00:00,2002.16,20.214,3358.96,24861.81,235.94,1284.49,94.467
2015-01-29 00:00:00,2021.25,20.7,3371.83,24595.85,234.12,1257.27,94.782
2015-01-30 00:00:00,1994.99,20.265,3351.44,24507.05,229.67,1283.79,94.804
2015-01-31 00:00:00,1994.99,20.265,3351.44,24507.05,229.67,1283.79,94.804
2015-02-01 00:00:00,1994.99,20.265,3351.44,24507.05,231.1,1283.79,94.804
2015-02-02 00:00:00,2020.85,20.287,3370.11,24484.74,227.3,1274.41,94.504
2015-02-03 00:00:00,2050.03,20.112,3414.18,24554.78,227.86,1260.52,93.6
2015-02-04 00:00:00,2041.51,20.406,3415.53,24679.76,224.98,1269.35,93.986
2015-02-05 00:00:00,2062.52,21.374,3408.96,24765.49,218.76,1264.82,93.569
2015-02-06 00:00:00,2055.47,21.009,3398.16,24679.39,223.37,1234.04,94.698
2015-02-07 00:00:00,2055.47,21.009,3398.16,24679.39,223.37,1234.04,94.698
2015-02-08 00:00:00,2055.47,21.009,3398.16,24679.39,222.08,1234.04,94.698
2015-02-09 00:00:00,2046.74,21.601,3347.75,24521.0,221.0,1239.03,94.449
2015-02-10 00:00:00,2068.59,22.344,3383.13,24528.1,219.7,1233.55,94.758
2015-02-11 00:00:00,2068.53,22.878,3374.14,24315.02,219.39,1218.83,94.985
2015-02-12 00:00:00,2088.48,24.102,3417.61,24422.15,222.2,1221.98,94.094
2015-02-13 00:00:00,2096.99,23.55,3447.59,24682.54,234.25,1229.76,94.201
2015-02-14 00:00:00,2096.99,23.55,3447.59,24682.54,234.25,1229.76,94.201
2015-02-15 00:00:00,2096.99,23.55,3447.59,24682.54,231.03,1229.76,94.201
2015-02-16 00:00:00,2096.99,22.807,3433.3,24726.53,237.01,1232.55,94.201
2015-02-17 00:00:00,2100.34,22.684,3438.44,24784.88,241.53,1209.89,94.061
2015-02-18 00:00:00,2099.68,22.654,3465.8,24832.08,233.48,1212.42,94.198
2015-02-19 00:00:00,2097.45,21.877,3488.08,24832.08,240.91,1206.84,94.404
2015-02-20 00:00:00,2110.3,22.203,3490.53,24832.08,244.84,1201.94,94.253
2015-02-21 00:00:00,2110.3,22.203,3490.53,24832.08,244.84,1201.94,94.253
2015-02-22 00:00:00,2110.3,22.203,3490.53,24832.08,235.59,1201.94,94.253
2015-02-23 00:00:00,2109.66,21.877,3519.58,24836.76,240.42,1201.83,94.569
2015-02-24 00:00:00,2115.48,22.308,3547.1,24750.07,239.34,1200.53,94.493
2015-02-25 00:00:00,2113.86,23.016,3541.78,24778.28,237.97,1205.0,94.213
2015-02-26 00:00:00,2110.74,23.756,3574.94,24902.06,236.5,1209.49,95.292
2015-02-27 00:00:00,2104.5,23.056,3599.0,24823.29,254.87,1213.18,95.293
2015-02-28 00:00:00,2104.5,23.056,3599.0,24823.29,254.87,1213.18,95.293
2015-03-01 00:00:00,2104.5,23.056,3599.0,24823.29,258.18,1213.18,95.293
2015-03-02 00:00:00,2117.39,22.4,3591.09,24887.44,272.88,1206.83,95.462
2015-03-03 00:00:00,2107.78,21.902,3549.11,24702.78,283.36,1203.74,95.383
2015-03-04 00:00:00,2098.53,22.127,3583.44,24465.38,273.1,1200.34,95.965
2015-03-05 00:00:00,2101.04,21.434,3618.21,24193.04,279.93,1198.4,96.378
2015-03-06 00:00:00,2071.26,20.999,3617.62,24164.0,273.25,1167.29,97.615
2015-03-07 00:00:00,2071.26,20.999,3617.62,24164.0,273.25,1167.29,97.615
2015-03-08 00:00:00,2071.26,20.999,3617.62,24164.0,274.29,1167.29,97.615
2015-03-09 00:00:00,2079.43,21.674,3610.28,24123.05,289.07,1167.21,97.588
2015-03-10 00:00:00,2044.16,21.586,3567.25,23896.98,293.19,1161.84,98.618
2015-03-11 00:00:00,2040.24,22.12,3649.54,23717.97,294.55,1155.31,99.795
2015-03-12 00:00:00,2065.95,21.876,3641.32,23797.96,296.15,1153.73,99.435
2015-03-13 00:00:00,2053.4,21.628,3656.21,23823.21,288.4,1158.48,100.33
2015-03-14 00:00:00,2053.4,21.628,3656.21,23823.21,288.4,1158.48,100.33
2015-03-15 00:00:00,2053.4,21.628,3656.21,23823.21,285.65,1158.48,100.33
2015-03-16 00:00:00,2081.19,21.365,3706.75,23949.55,290.13,1154.81,99.604
2015-03-17 00:00:00,2074.28,21.145,3672.16,23901.49,287.46,1149.57,99.585
2015-03-18 00:00:00,2099.5,21.306,3668.52,24120.08,263.42,1167.61,98.55
2015-03-19 00:00:00,2089.27,21.237,3670.73,24468.89,256.95,1171.18,99.26
2015-03-20 00:00:00,2108.1,21.067,3726.07,24375.24,263.17,1182.54,97.909
2015-03-21 00:00:00,2108.1,21.067,3726.07,24375.24,263.17,1182.54,97.909
2015-03-22 00:00:00,2108.1,21.067,3726.07,24375.24,266.74,1182.54,97.909
2015-03-23 00:00:00,2104.42,20.932,3699.04,24494.51,266.4,1189.54,97.033
2015-03-24 00:00:00,2091.5,21.186,3731.35,24399.6,247.76,1193.28,97.193
2015-03-25 00:00:00,2061.05,21.111,3684.04,24528.23,244.13,1195.47,96.979
2015-03-26 00:00:00,2056.15,21.707,3669.79,24497.08,248.76,1204.81,97.436
2015-03-27 00:00:00,2061.02,21.809,3679.03,24486.2,248.55,1198.55,97.291
2015-03-28 00:00:00,2061.02,21.809,3679.03,24486.2,248.55,1198.55,97.291
2015-03-29 00:00:00,2061.02,21.809,3679.03,24486.2,242.67,1198.55,97.291
2015-03-30 00:00:00,2086.24,21.773,3727.8,24855.12,247.52,1186.07,97.975
2015-03-31 00:00:00,2067.89,21.567,3697.38,24900.89,244.14,1183.57,98.357
2015-04-01 00:00:00,2059.69,21.931,3714.89,25082.75,245.82,1203.98,98.185
2015-04-02 00:00:00,2066.96,21.877,3715.27,25275.64,252.07,1202.61,97.436
2015-04-03 00:00:00,2066.96,21.877,3715.27,25275.64,254.51,1206.91,96.545
2015-04-04 00:00:00,2066.96,21.877,3715.27,25275.64,254.51,1206.91,96.545
2015-04-05 00:00:00,2066.96,21.877,3715.27,25275.64,256.03,1206.91,96.545
2015-04-06 00:00:00,2080.62,21.877,3715.27,25275.64,254.58,1214.84,96.777
2015-04-07 00:00:00,2076.33,21.488,3768.72,25275.64,254.94,1209.22,97.83
2015-04-08 00:00:00,2081.9,21.641,3742.63,26236.86,246.11,1202.57,97.94
2015-04-09 00:00:00,2091.18,21.841,3781.79,26944.39,242.91,1194.81,99.155
2015-04-10 00:00:00,2102.06,21.703,3816.76,27272.39,234.99,1207.59,99.338
2015-04-11 00:00:00,2102.06,21.703,3816.76,27272.39,234.99,1207.59,99.338
2015-04-12 00:00:00,2102.06,21.703,3816.76,27272.39,236.13,1207.59,99.338
2015-04-13 00:00:00,2092.43,21.975,3828.78,28016.34,225.16,1198.88,99.49
2015-04-14 00:00:00,2095.84,21.621,3784.53,27561.49,218.31,1192.78,98.733
2015-04-15 00:00:00,2106.63,21.806,3803.55,27618.82,220.23,1202.58,98.319
2015-04-16 00:00:00,2104.99,21.553,3751.72,27739.71,228.99,1198.55,97.415
2015-04-17 00:00:00,2081.18,21.147,3674.05,27653.12,223.31,1204.22,97.52
2015-04-18 00:00:00,2081.18,21.147,3674.05,27653.12,223.31,1204.22,97.52
2015-04-19 00:00:00,2081.18,21.147,3674.05,27653.12,223.21,1204.22,97.52
2015-04-20 00:00:00,2100.4,21.13,3718.04,27094.93,224.35,1195.89,97.941
2015-04-21 00:00:00,2097.29,21.399,3719.38,27850.49,233.03,1202.41,98.004
2015-04-22 00:00:00,2107.96,21.311,3724.49,27933.85,233.67,1187.13,97.932
2015-04-23 00:00:00,2112.93,21.007,3697.88,27827.7,234.7,1193.97,97.278
2015-04-24 00:00:00,2117.69,21.138,3713.96,28060.98,231.41,1179.0,96.922
2015-04-25 00:00:00,2117.69,21.138,3713.96,28060.98,231.41,1179.0,96.922
2015-04-26 00:00:00,2117.69,21.138,3713.96,28060.98,222.07,1179.0,96.922
2015-04-27 00:00:00,2108.92,21.003,3771.45,28433.59,223.73,1202.15,96.765
2015-04-28 00:00:00,2114.76,20.887,3715.42,28442.75,224.41,1212.17,96.092
2015-04-29 00:00:00,2106.85,20.946,3617.11,28400.34,226.48,1204.71,95.209
2015-04-30 00:00:00,2085.51,20.478,3615.59,28133.0,236.58,1184.37,94.6
2015-05-01 00:00:00,2108.29,20.163,3615.59,28133.0,234.8,1178.46,95.297
2015-05-02 00:00:00,2108.29,20.163,3615.59,28133.0,234.8,1178.46,95.297
2015-05-03 00:00:00,2108.29,20.163,3615.59,28133.0,241.09,1178.46,95.297
2015-05-04 00:00:00,2114.49,20.163,3632.94,28123.82,237.51,1188.33,95.48
2015-05-05 00:00:00,2089.46,20.427,3546.56,27755.54,234.69,1193.34,95.076
2015-05-06 00:00:00,2080.15,20.347,3558.03,27640.91,234.0,1192.24,94.087
2015-05-07 00:00:00,2088.0,20.129,3556.21,27289.97,237.2,1184.51,94.635
2015-05-08 00:00:00,2116.1,20.295,3649.48,27577.34,245.31,1188.39,94.794
2015-05-09 00:00:00,2116.1,20.295,3649.48,27577.34,245.31,1188.39,94.794
2015-05-10 00:00:00,2116.1,20.295,3649.48,27577.34,239.94,1188.39,94.794
2015-05-11 00:00:00,2105.33,20.9,3624.41,27718.2,242.61,1183.97,95.011
2015-05-12 00:00:00,2099.12,20.799,3573.1,27407.18,241.38,1193.94,94.534
2015-05-13 00:00:00,2098.48,20.751,3553.42,27249.28,243.2,1215.75,93.617
2015-05-14 00:00:00,2121.1,20.45,3602.22,27286.55,236.81,1221.14,93.457
2015-05-15 00:00:00,2122.73,20.484,3573.07,27822.28,237.31,1224.8,93.135
2015-05-16 00:00:00,2122.73,20.484,3573.07,27822.28,237.31,1224.8,93.135
2015-05-17 00:00:00,2122.73,20.484,3573.07,27822.28,235.81,1224.8,93.135
2015-05-18 00:00:00,2129.2,20.308,3589.22,27591.25,232.08,1225.51,94.221
2015-05-19 00:00:00,2127.83,20.356,3670.52,27693.54,231.83,1207.86,95.267
2015-05-20 00:00:00,2125.85,20.447,3683.48,27585.05,233.92,1209.8,95.448
2015-05-21 00:00:00,2130.82,20.413,3688.72,27523.72,235.51,1204.86,95.255
2015-05-22 00:00:00,2126.06,20.38,3679.14,27992.83,239.53,1206.21,96.014
2015-05-23 00:00:00,2126.06,20.38,3679.14,27992.83,239.53,1206.21,96.014
2015-05-24 00:00:00,2126.06,20.38,3679.14,27992.83,240.86,1206.21,96.014
2015-05-25 00:00:00,2126.06,20.38,3655.41,27992.83,235.57,1206.6,96.014
2015-05-26 00:00:00,2104.2,20.485,3619.3,28249.86,236.2,1187.3,97.299
2015-05-27 00:00:00,2123.48,20.492,3682.87,28081.21,235.57,1188.09,97.371
2015-05-28 00:00:00,2120.79,20.557,3650.71,27454.31,236.08,1188.4,96.965
2015-05-29 00:00:00,2107.39,20.244,3570.78,27424.19,235.95,1190.58,96.907
2015-05-30 00:00:00,2107.39,20.244,3570.78,27424.19,235.95,1190.58,96.907
2015-05-31 00:00:00,2107.39,20.244,3570.78,27424.19,231.78,1190.58,96.907
2015-06-01 00:00:00,2111.73,20.142,3575.04,27597.16,221.98,1189.2,97.392
2015-06-02 00:00:00,2109.6,20.17,3561.89,27466.72,225.09,1193.01,95.835
2015-06-03 00:00:00,2114.07,20.152,3583.82,27657.47,226.96,1185.17,95.465
2015-06-04 00:00:00,2095.84,19.978,3556.38,27551.89,223.68,1176.89,95.461
2015-06-05 00:00:00,2092.83,20.106,3510.01,27260.16,224.88,1171.94,96.306
2015-06-06 00:00:00,2092.83,20.106,3510.01,27260.16,224.88,1171.94,96.306
2015-06-07 00:00:00,2092.83,20.106,3510.01,27260.16,222.48,1171.94,96.306
2015-06-08 00:00:00,2079.28,20.35,3468.31,27316.28,228.48,1174.07,95.299
2015-06-09 00:00:00,2080.15,20.338,3456.79,26989.52,229.81,1176.8,95.166
2015-06-10 00:00:00,2105.2,20.4,3526.48,26687.64,228.46,1186.06,94.646
2015-06-11 00:00:00,2108.86,20.054,3551.91,26907.85,228.8,1182.01,94.976
2015-06-12 00:00:00,2094.11,20.045,3502.77,27280.54,229.9,1181.63,94.972
2015-06-13 00:00:00,2094.11,20.045,3502.77,27280.54,229.9,1181.63,94.972
2015-06-14 00:00:00,2094.11,20.045,3502.77,27280.54,232.17,1181.63,94.972
2015-06-15 00:00:00,2084.43,20.043,3438.07,26861.81,235.93,1186.43,94.81
2015-06-16 00:00:00,2096.29,20.214,3454.09,26566.7,246.32,1182.07,94.999
2015-06-17 00:00:00,2100.44,20.077,3428.76,26753.79,250.31,1185.55,94.296
2015-06-18 00:00:00,2121.24,20.119,3450.45,26694.66,249.08,1201.94,94.042
2015-06-19 00:00:00,2109.99,20.287,3455.8,26760.53,246.04,1200.27,94.085
2015-06-20 00:00:00,2109.99,20.287,3455.8,26760.53,246.04,1200.27,94.085
2015-06-21 00:00:00,2109.99,20.287,3455.8,26760.53,241.92,1200.27,94.085
2015-06-22 00:00:00,2122.85,20.711,3596.07,27080.85,247.24,1185.98,94.329
2015-06-23 00:00:00,2124.2,20.736,3625.97,27333.46,244.36,1178.63,95.432
2015-06-24 00:00:00,2108.58,20.631,3610.95,27404.97,240.98,1175.4,95.264
2015-06-25 00:00:00,2102.31,20.462,3610.91,27145.75,240.66,1173.17,95.187
2015-06-26 00:00:00,2101.49,20.447,3621.37,26663.87,241.27,1175.52,95.472
2015-06-27 00:00:00,2101.49,20.447,3621.37,26663.87,241.27,1175.52,95.472
2015-06-28 00:00:00,2101.49,20.447,3621.37,26663.87,248.63,1175.52,95.472
2015-06-29 00:00:00,2057.64,20.398,3468.9,25966.98,255.53,1179.83,94.79
2015-06-30 00:00:00,2063.11,20.454,3424.3,26250.03,260.97,1172.35,95.485
2015-07-01 00:00:00,2077.42,20.674,3496.28,26250.03,258.85,1168.79,96.31
2015-07-02 00:00:00,2076.78,20.876,3463.25,26282.32,255.81,1166.26,96.113
2015-07-03 00:00:00,2076.78,20.823,3441.76,26064.11,255.22,1169.1,96.113
2015-07-04 00:00:00,2076.78,20.823,3441.76,26064.11,255.22,1169.1,96.113
2015-07-05 00:00:00,2076.78,20.823,3441.76,26064.11,269.69,1169.1,96.113
2015-07-06 00:00:00,2068.76,20.721,3365.2,25236.28,273.94,1170.33,96.298
2015-07-07 00:00:00,2081.34,20.666,3294.19,24975.31,265.92,1155.26,96.865
2015-07-08 00:00:00,2046.68,20.462,3327.5,23516.56,268.05,1158.33,96.294
2015-07-09 00:00:00,2051.31,20.735,3420.03,24392.79,270.31,1159.43,96.606
2015-07-10 00:00:00,2076.62,20.872,3528.81,24901.28,287.13,1163.74,96.025
2015-07-11 00:00:00,2076.62,20.872,3528.81,24901.28,287.13,1163.74,96.025
2015-07-12 00:00:00,2076.62,20.872,3528.81,24901.28,309.16,1163.74,96.025
2015-07-13 00:00:00,2099.6,20.98,3590.43,25224.01,289.49,1157.98,96.858
2015-07-14 00:00:00,2108.95,20.836,3607.19,25120.91,290.34,1156.06,96.643
2015-07-15 00:00:00,2107.4,20.916,3623.87,25055.76,290.77,1149.45,97.166
2015-07-16 00:00:00,2124.29,21.073,3676.41,25162.78,278.11,1145.39,97.668
2015-07-17 00:00:00,2126.64,20.945,3670.34,25415.27,278.27,1134.14,97.862
2015-07-18 00:00:00,2126.64,20.945,3670.34,25415.27,278.27,1134.14,97.862
2015-07-19 00:00:00,2126.64,20.945,3670.34,25415.27,275.34,1134.14,97.862
2015-07-20 00:00:00,2128.28,20.991,3686.58,25404.81,277.55,1096.5,98.029
2015-07-21 00:00:00,2119.21,20.864,3647.96,25536.43,279.28,1101.25,97.328
2015-07-22 00:00:00,2114.15,20.655,3635.58,25282.62,276.53,1094.24,97.598
2015-07-23 00:00:00,2102.15,20.575,3634.64,25398.85,276.95,1090.7,97.115
2015-07-24 00:00:00,2079.65,20.449,3600.0,25128.51,288.16,1099.11,97.244
2015-07-25 00:00:00,2079.65,20.449,3600.0,25128.51,288.16,1099.11,97.244
2015-07-26 00:00:00,2079.65,20.449,3600.0,25128.51,291.52,1099.11,97.244
2015-07-27 00:00:00,2067.64,20.483,3513.1,24351.96,294.93,1093.98,96.502
2015-07-28 00:00:00,2093.25,20.709,3554.11,24503.94,295.59,1095.48,96.772
2015-07-29 00:00:00,2108.57,20.725,3575.53,24619.45,291.45,1096.85,96.976
2015-07-30 00:00:00,2108.63,20.882,3583.79,24497.98,287.48,1088.76,97.56
2015-07-31 00:00:00,2103.84,20.51,3600.69,24636.28,284.69,1095.8,97.336
2015-08-01 00:00:00,2103.84,20.51,3600.69,24636.28,284.69,1095.8,97.336
2015-08-02 00:00:00,2103.84,20.51,3600.69,24636.28,281.59,1095.8,97.336
2015-08-03 00:00:00,2098.04,20.358,3635.4,24411.42,283.89,1086.79,97.494
2015-08-04 00:00:00,2093.32,20.296,3619.31,24406.12,285.31,1087.7,97.931
2015-08-05 00:00:00,2099.84,20.216,3676.75,24514.16,282.83,1085.03,97.958
2015-08-06 00:00:00,2083.56,20.277,3668.47,24375.28,278.81,1089.55,97.833
2015-08-07 00:00:00,2077.57,20.024,3637.8,24552.47,279.66,1094.15,97.563
2015-08-08 00:00:00,2077.57,20.024,3637.8,24552.47,279.66,1094.15,97.563
2015-08-09 00:00:00,2077.57,20.024,3637.8,24552.47,262.77,1094.15,97.563
2015-08-10 00:00:00,2104.18,19.979,3674.94,24521.12,265.13,1104.51,97.159
2015-08-11 00:00:00,2084.07,19.969,3605.28,24498.21,266.21,1108.95,97.29
2015-08-12 00:00:00,2086.05,19.585,3484.41,23916.02,269.9,1124.47,96.262
2015-08-13 00:00:00,2083.39,19.466,3516.15,24018.8,265.37,1115.1,96.445
2015-08-14 00:00:00,2091.54,19.454,3491.03,23991.03,266.56,1115.07,96.52
2015-08-15 00:00:00,2091.54,19.454,3491.03,23991.03,266.56,1115.07,96.52
2015-08-16 00:00:00,2091.54,19.454,3491.03,23991.03,257.07,1115.07,96.52
2015-08-17 00:00:00,2102.44,19.317,3497.9,23814.65,257.88,1117.7,96.806
2015-08-18 00:00:00,2096.92,19.393,3495.38,23474.97,250.66,1117.71,97.04
2015-08-19 00:00:00,2079.61,19.204,3429.84,23167.85,227.11,1133.88,96.359
2015-08-20 00:00:00,2035.73,18.943,3353.48,22757.47,236.13,1152.2,95.98
2015-08-21 00:00:00,1970.89,18.9,3247.26,22409.62,233.14,1160.77,95.008
2015-08-22 00:00:00,1970.89,18.9,3247.26,22409.62,233.14,1160.77,95.008
2015-08-23 00:00:00,1970.89,18.9,3247.26,22409.62,228.34,1160.77,95.008
2015-08-24 00:00:00,1893.21,18.358,3073.39,21251.57,215.17,1155.11,93.332
2015-08-25 00:00:00,1867.61,18.729,3218.01,21404.96,226.0,1140.49,94.53
2015-08-26 00:00:00,1940.51,18.628,3170.73,21080.39,226.84,1125.26,95.1
2015-08-27 00:00:00,1987.66,18.973,3280.78,21838.54,227.01,1125.0,95.61
2015-08-28 00:00:00,1988.87,18.973,3286.59,21612.39,233.59,1133.6,96.106
2015-08-29 00:00:00,1988.87,18.973,3286.59,21612.39,233.59,1133.6,96.106
2015-08-30 00:00:00,1988.87,18.973,3286.59,21612.39,227.97,1133.6,96.106
2015-08-31 00:00:00,1972.18,19.25,3269.63,21670.58,230.41,1134.93,95.824
2015-09-01 00:00:00,1913.85,19.384,3188.73,21185.43,226.98,1140.27,95.45
2015-09-02 00:00:00,1948.86,19.501,3198.86,20934.94,229.2,1134.05,95.828
2015-09-03 00:00:00,1951.13,19.704,3270.09,20934.94,227.35,1125.46,96.405
2015-09-04 00:00:00,1921.22,19.425,3180.25,20840.61,231.09,1121.85,96.229
2015-09-05 00:00:00,1921.22,19.425,3180.25,20840.61,231.09,1121.85,96.229
2015-09-06 00:00:00,1921.22,19.425,3180.25,20840.61,241.46,1121.85,96.229
2015-09-07 00:00:00,1921.22,19.345,3197.97,20583.52,240.78,1119.35,96.229
2015-09-08 00:00:00,1969.41,19.343,3233.84,21259.04,244.11,1121.55,95.985
2015-09-09 00:00:00,1942.04,19.388,3269.98,22131.31,239.48,1107.85,96.012
2015-09-10 00:00:00,1952.29,19.321,3221.14,21562.5,239.5,1110.75,95.456
2015-09-11 00:00:00,1961.05,19.278,3187.94,21504.37,239.9,1107.95,95.194
2015-09-12 00:00:00,1961.05,19.278,3187.94,21504.37,239.9,1107.95,95.194
2015-09-13 00:00:00,1961.05,19.278,3187.94,21504.37,230.09,1107.95,95.194
2015-09-14 00:00:00,1953.03,19.172,3175.62,21561.9,231.37,1109.1,95.246
2015-09-15 00:00:00,1978.09,19.04,3207.6,21455.23,229.79,1105.35,95.611
2015-09-16 00:00:00,1995.31,19.261,3251.79,21966.66,228.14,1119.52,95.42
2015-09-17 00:00:00,1990.2,19.057,3255.79,21854.63,233.23,1131.51,94.55
2015-09-18 00:00:00,1958.03,18.927,3157.3,21920.83,233.24,1139.23,94.863
2015-09-19 00:00:00,1958.03,18.927,3157.3,21920.83,233.24,1139.23,94.863
2015-09-20 00:00:00,1958.03,18.927,3157.3,21920.83,230.56,1139.23,94.863
2015-09-21 00:00:00,1966.97,18.782,3184.72,21756.93,227.48,1133.44,95.894
2015-09-22 00:00:00,1942.74,18.953,3076.05,21796.58,229.95,1124.76,96.283
2015-09-23 00:00:00,1938.76,18.88,3079.99,21302.91,230.17,1130.3,96.068
2015-09-24 00:00:00,1932.24,18.587,3019.34,21095.98,235.07,1153.95,95.994
2015-09-25 00:00:00,1931.34,18.753,3113.16,21186.32,234.61,1146.2,96.269
2015-09-26 00:00:00,1931.34,18.753,3113.16,21186.32,234.61,1146.2,96.269
2015-09-27 00:00:00,1931.34,18.753,3113.16,21186.32,232.27,1146.2,96.269
2015-09-28 00:00:00,1881.77,18.496,3039.44,21186.32,237.84,1131.95,96.034
2015-09-29 00:00:00,1884.09,18.482,3029.86,20556.6,237.23,1127.43,95.855
2015-09-30 00:00:00,1920.03,18.667,3100.67,20846.3,236.99,1115.09,96.35
2015-10-01 00:00:00,1923.82,18.396,3069.05,20846.3,237.95,1113.61,96.185
2015-10-02 00:00:00,1951.36,18.177,3088.18,21506.09,237.6,1138.6,95.83
2015-10-03 00:00:00,1951.36,18.177,3088.18,21506.09,237.6,1138.6,95.83
2015-10-04 00:00:00,1951.36,18.177,3088.18,21506.09,238.49,1138.6,95.83
2015-10-05 00:00:00,1987.05,18.381,3190.39,21854.5,239.61,1135.75,96.106
2015-10-06 00:00:00,1979.92,18.859,3220.09,21831.62,246.2,1147.24,95.455
2015-10-07 00:00:00,1995.83,18.746,3226.4,22515.76,245.09,1145.54,95.497
2015-10-08 00:00:00,2013.43,18.8,3224.96,22354.91,243.84,1139.01,95.318
2015-10-09 00:00:00,2014.89,18.754,3250.31,22458.8,244.5,1156.53,94.813
2015-10-10 00:00:00,2014.89,18.754,3250.31,22458.8,244.5,1156.53,94.813
2015-10-11 00:00:00,2014.89,18.754,3250.31,22458.8,247.66,1156.53,94.813
2015-10-12 00:00:00,2017.46,18.449,3247.33,22730.93,245.99,1163.85,94.841
2015-10-13 00:00:00,2003.69,18.176,3221.28,22600.46,249.46,1168.84,94.759
2015-10-14 00:00:00,1994.24,18.028,3191.57,22439.91,253.76,1184.13,93.931
2015-10-15 00:00:00,2023.86,18.173,3238.81,22888.17,254.77,1183.1,94.371
2015-10-16 00:00:00,2033.11,18.198,3264.93,23067.37,260.48,1177.3,94.54
2015-10-17 00:00:00,2033.11,18.198,3264.93,23067.37,260.48,1177.3,94.54
2015-10-18 00:00:00,2033.11,18.198,3264.93,23067.37,263.3,1177.3,94.54
2015-10-19 00:00:00,2033.66,18.411,3272.04,23075.61,263.97,1170.79,94.928
2015-10-20 00:00:00,2030.77,18.187,3255.72,22989.22,270.37,1176.04,94.913
2015-10-21 00:00:00,2018.94,18.065,3272.23,22989.22,268.67,1167.18,95.035
2015-10-22 00:00:00,2052.51,18.144,3353.11,22845.37,275.52,1166.05,96.378
2015-10-23 00:00:00,2075.15,18.276,3425.81,23151.94,278.12,1164.45,97.127
2015-10-24 00:00:00,2075.15,18.276,3425.81,23151.94,278.12,1164.45,97.127
2015-10-25 00:00:00,2075.15,18.276,3425.81,23151.94,290.12,1164.45,97.127
2015-10-26 00:00:00,2071.18,18.05,3414.6,23116.25,286.15,1163.04,96.861
2015-10-27 00:00:00,2065.89,18.09,3381.01,23142.73,295.44,1166.88,96.906
2015-10-28 00:00:00,2090.35,18.125,3421.09,22956.57,302.06,1156.1,97.782
2015-10-29 00:00:00,2089.41,18.15,3413.39,22819.94,313.52,1145.97,97.282
2015-10-30 00:00:00,2079.36,17.989,3418.23,22640.04,323.23,1142.11,96.946
2015-10-31 00:00:00,2079.36,17.989,3418.23,22640.04,323.23,1142.11,96.946
2015-11-01 00:00:00,2079.36,17.989,3418.23,22640.04,326.35,1142.11,96.946
2015-11-02 00:00:00,2104.05,17.831,3434.5,22370.04,363.76,1133.84,96.928
2015-11-03 00:00:00,2109.79,17.876,3442.68,22568.43,395.0,1117.79,97.158
2015-11-04 00:00:00,2102.31,17.95,3439.16,23053.57,411.96,1107.9,97.95
2015-11-05 00:00:00,2099.93,17.707,3447.49,23051.04,403.09,1103.92,97.936
2015-11-06 00:00:00,2099.2,17.871,3468.21,22867.33,370.07,1089.8,99.168
2015-11-07 00:00:00,2099.2,17.871,3468.21,22867.33,370.07,1089.8,99.168
2015-11-08 00:00:00,2099.2,17.871,3468.21,22867.33,370.63,1089.8,99.168
2015-11-09 00:00:00,2078.58,17.458,3418.36,22726.77,376.64,1092.31,98.979
2015-11-10 00:00:00,2081.72,17.251,3425.4,22401.7,334.15,1089.67,99.293
2015-11-11 00:00:00,2075.0,17.074,3448.42,22352.17,307.53,1086.26,99.013
2015-11-12 00:00:00,2045.97,16.899,3387.7,22888.92,326.5,1085.2,98.649
2015-11-13 00:00:00,2023.04,17.001,3360.65,22396.14,332.93,1083.91,98.998
2015-11-14 00:00:00,2023.04,17.001,3360.65,22396.14,332.93,1083.91,98.998
2015-11-15 00:00:00,2023.04,17.001,3360.65,22396.14,319.95,1083.91,98.998
2015-11-16 00:00:00,2053.19,17.225,3362.23,22010.82,330.33,1082.76,99.442
2015-11-17 00:00:00,2050.44,17.624,3451.94,22264.25,336.11,1070.3,99.631
2015-11-18 00:00:00,2083.58,17.345,3431.92,22188.26,337.11,1070.73,99.652
2015-11-19 00:00:00,2081.24,17.36,3448.93,22500.22,327.96,1082.21,98.989
2015-11-20 00:00:00,2089.17,17.221,3452.45,22754.72,321.27,1078.01,99.565
2015-11-21 00:00:00,2089.17,17.221,3452.45,22754.72,321.27,1078.01,99.565
2015-11-22 00:00:00,2089.17,17.221,3452.45,22754.72,324.38,1078.01,99.565
2015-11-23 00:00:00,2086.59,17.192,3445.26,22665.9,324.46,1069.18,99.803
2015-11-24 00:00:00,2089.14,17.423,3409.6,22587.63,320.91,1075.65,99.527
2015-11-25 00:00:00,2088.87,17.561,3462.06,22498.0,328.16,1071.12,99.795
2015-11-26 00:00:00,2088.87,17.606,3498.62,22488.94,349.57,1072.33,99.795
2015-11-27 00:00:00,2090.11,17.542,3488.99,22068.32,359.56,1057.45,100.02
2015-11-28 00:00:00,2090.11,17.542,3488.99,22068.32,359.56,1057.45,100.02
2015-11-29 00:00:00,2090.11,17.542,3488.99,22068.32,367.18,1057.45,100.02
2015-11-30 00:00:00,2080.41,18.025,3506.45,21996.42,376.82,1064.77,100.17
2015-12-01 00:00:00,2102.63,18.218,3479.64,22381.35,361.0,1069.29,99.795
2015-12-02 00:00:00,2079.51,17.85,3468.66,22479.69,361.14,1053.7,99.993
2015-12-03 00:00:00,2049.62,17.354,3343.34,22417.01,360.61,1062.11,97.621
2015-12-04 00:00:00,2091.69,17.453,3330.75,22235.89,362.4,1086.44,98.354
2015-12-05 00:00:00,2091.69,17.453,3330.75,22235.89,362.4,1086.44,98.354
2015-12-06 00:00:00,2091.69,17.453,3330.75,22235.89,395.76,1086.44,98.354
2015-12-07 00:00:00,2077.07,16.836,3360.21,22203.22,393.72,1071.34,98.655
2015-12-08 00:00:00,2063.59,16.84,3297.46,21905.13,396.1,1074.96,98.474
2015-12-09 00:00:00,2047.62,16.586,3277.21,21803.76,416.11,1072.78,97.345
2015-12-10 00:00:00,2052.23,16.506,3269.97,21704.61,416.82,1071.58,97.939
2015-12-11 00:00:00,2012.37,16.289,3203.21,21464.05,450.55,1074.77,97.565
2015-12-12 00:00:00,2012.37,16.289,3203.21,21464.05,450.55,1074.77,97.565
2015-12-13 00:00:00,2012.37,16.289,3203.21,21464.05,437.68,1074.77,97.565
2015-12-14 00:00:00,2021.94,15.872,3139.24,21309.85,440.51,1059.86,97.604
2015-12-15 00:00:00,2043.41,16.094,3241.51,21274.37,462.96,1061.22,98.217
2015-12-16 00:00:00,2073.07,15.73,3246.78,21701.21,457.44,1072.32,97.871
2015-12-17 00:00:00,2041.89,15.603,3306.47,21872.06,454.68,1051.1,99.27
2015-12-18 00:00:00,2005.55,15.394,3260.72,21755.56,461.66,1066.25,98.703
2015-12-19 00:00:00,2005.55,15.394,3260.72,21755.56,461.66,1066.25,98.703
2015-12-20 00:00:00,2005.55,15.394,3260.72,21755.56,439.99,1066.25,98.703
2015-12-21 00:00:00,2021.15,15.086,3213.01,21791.68,434.63,1078.4,98.363
2015-12-22 00:00:00,2038.97,14.944,3214.32,21830.02,436.86,1072.43,98.235
2015-12-23 00:00:00,2064.29,14.566,3286.68,22040.59,444.79,1070.5,98.341
2015-12-24 00:00:00,2060.99,14.457,3284.47,22138.13,453.19,1076.1,97.984
2015-12-25 00:00:00,2060.99,14.457,3284.47,22138.13,455.88,1076.1,97.847
2015-12-26 00:00:00,2060.99,14.457,3284.47,22138.13,455.88,1076.1,97.847
2015-12-27 00:00:00,2060.99,14.457,3284.47,22138.13,422.95,1076.1,97.847
2015-12-28 00:00:00,2056.5,14.83,3256.49,21919.62,419.21,1069.08,97.919
2015-12-29 00:00:00,2078.36,15.393,3314.28,21999.62,428.95,1069.11,98.101
2015-12-30 00:00:00,2063.36,14.911,3287.98,21882.15,427.13,1061.44,98.266
2015-12-31 00:00:00,2043.94,14.786,3267.52,21914.4,432.12,1061.1,98.631
2016-01-01 00:00:00,2043.94,14.786,3267.52,21914.4,434.35,1061.1,98.683
2016-01-02 00:00:00,2043.94,14.786,3267.52,21914.4,434.35,1061.1,98.683
2016-01-03 00:00:00,2043.94,14.786,3267.52,21914.4,428.61,1061.1,98.683
2016-01-04 00:00:00,2012.66,14.605,3164.76,21327.12,434.94,1074.61,98.869
2016-01-05 00:00:00,2016.71,14.784,3178.01,21188.72,432.6,1077.68,99.404
2016-01-06 00:00:00,1990.26,15.126,3139.32,20980.81,430.8,1093.67,99.181
2016-01-07 00:00:00,1943.09,15.528,3084.68,20333.34,455.36,1108.97,98.219
2016-01-08 00:00:00,1922.03,14.766,3033.47,20453.71,452.42,1104.15,98.54
2016-01-09 00:00:00,1922.03,14.766,3033.47,20453.71,452.42,1104.15,98.54
2016-01-10 00:00:00,1922.03,14.766,3033.47,20453.71,447.32,1104.15,98.54
2016-01-11 00:00:00,1923.67,14.642,3027.49,19888.5,448.92,1094.2,98.725
2016-01-12 00:00:00,1938.68,14.048,3064.66,19711.76,447.05,1086.56,98.974
2016-01-13 00:00:00,1890.28,14.172,3073.02,19934.88,428.83,1093.59,98.933
2016-01-14 00:00:00,1921.84,13.757,3024.0,19817.41,432.13,1078.38,99.089
2016-01-15 00:00:00,1880.33,13.321,2952.48,19520.77,387.31,1088.88,98.956
2016-01-16 00:00:00,1880.33,13.321,2952.48,19520.77,387.31,1088.88,98.956
2016-01-17 00:00:00,1880.33,13.321,2952.48,19520.77,387.08,1088.88,98.956
2016-01-18 00:00:00,1880.33,13.39,2935.39,19237.45,383.87,1089.68,98.956
2016-01-19 00:00:00,1881.33,13.35,2980.49,19635.81,379.99,1087.41,98.991
2016-01-20 00:00:00,1859.33,12.797,2882.59,18886.3,407.11,1100.92,99.091
2016-01-21 00:00:00,1868.99,12.577,2943.92,18542.15,406.9,1101.2,99.056
2016-01-22 00:00:00,1906.9,13.458,3023.21,19080.51,379.03,1097.95,99.574
2016-01-23 00:00:00,1906.9,13.458,3023.21,19080.51,379.03,1097.95,99.574
2016-01-24 00:00:00,1906.9,13.458,3023.21,19080.51,402.04,1097.95,99.574
2016-01-25 00:00:00,1877.08,12.757,3001.78,19340.14,391.32,1107.9,99.36
2016-01-26 00:00:00,1903.63,12.892,3032.84,18860.8,393.13,1119.91,99.087
2016-01-27 00:00:00,1882.95,13.284,3043.47,19052.45,394.65,1124.97,98.902
2016-01-28 00:00:00,1893.36,13.669,2979.42,19195.83,382.23,1115.33,98.51
2016-01-29 00:00:00,1940.24,13.376,3045.09,19683.11,375.2,1118.21,99.606
2016-01-30 00:00:00,1940.24,13.376,3045.09,19683.11,375.2,1118.21,99.606
2016-01-31 00:00:00,1940.24,13.376,3045.09,19683.11,377.29,1118.21,99.606
2016-02-01 00:00:00,1939.38,12.803,3021.01,19595.5,370.15,1128.41,99.009
2016-02-02 00:00:00,1903.03,12.78,2951.85,19446.84,373.43,1129.01,98.872
2016-02-03 00:00:00,1912.53,12.924,2896.63,18991.59,368.69,1142.63,97.288
2016-02-04 00:00:00,1915.45,12.406,2905.3,19183.09,386.84,1155.59,96.474
2016-02-05 00:00:00,1880.05,12.272,2879.39,19288.17,384.88,1173.4,97.031
2016-02-06 00:00:00,1880.05,12.272,2879.39,19288.17,384.88,1173.4,97.031
2016-02-07 00:00:00,1880.05,12.272,2879.39,19288.17,373.72,1173.4,97.031
2016-02-08 00:00:00,1853.44,12.24,2785.17,19288.17,372.42,1189.23,96.57
2016-02-09 00:00:00,1852.21,12.156,2736.5,19288.17,373.34,1189.13,96.071
2016-02-10 00:00:00,1851.86,11.981,2789.05,19288.17,377.64,1197.12,95.888
2016-02-11 00:00:00,1829.08,11.859,2680.35,18545.8,375.13,1246.7,95.562
2016-02-12 00:00:00,1864.78,12.082,2756.16,18319.58,381.62,1237.97,95.94
2016-02-13 00:00:00,1864.78,12.082,2756.16,18319.58,381.62,1237.97,95.94
2016-02-14 00:00:00,1864.78,12.082,2756.16,18319.58,399.74,1237.97,95.94
2016-02-15 00:00:00,1864.78,11.965,2833.87,18918.14,396.13,1209.3,95.94
2016-02-16 00:00:00,1895.58,11.726,2821.26,19122.08,405.53,1200.44,96.868
2016-02-17 00:00:00,1926.82,11.886,2897.72,18924.57,418.59,1208.5,96.786
2016-02-18 00:00:00,1917.83,12.139,2895.15,19363.08,419.82,1230.87,96.951
2016-02-19 00:00:00,1917.78,11.995,2871.05,19285.5,418.69,1226.8,96.6
2016-02-20 00:00:00,1917.78,11.995,2871.05,19285.5,418.69,1226.8,96.6
2016-02-21 00:00:00,1917.78,11.995,2871.05,19285.5,437.68,1226.8,96.6
2016-02-22 00:00:00,1945.5,12.381,2933.91,19464.09,437.25,1208.63,97.379
2016-02-23 00:00:00,1921.27,12.309,2887.38,19414.78,420.56,1226.85,97.481
2016-02-24 00:00:00,1929.8,12.051,2820.24,19192.45,423.4,1228.75,97.458
2016-02-25 00:00:00,1951.7,11.904,2877.42,18888.75,423.27,1232.91,97.287
2016-02-26 00:00:00,1948.05,12.164,2929.16,19364.15,423.96,1223.46,98.148
2016-02-27 00:00:00,1948.05,12.164,2929.16,19364.15,423.96,1223.46,98.148
2016-02-28 00:00:00,1948.05,12.164,2929.16,19364.15,433.46,1223.46,98.148
2016-02-29 00:00:00,1932.23,12.193,2945.75,19111.93,433.91,1238.67,98.211
2016-03-01 00:00:00,1978.35,12.172,2996.39,19407.46,431.38,1232.15,98.352
2016-03-02 00:00:00,1986.45,12.214,3022.14,20003.49,428.02,1239.98,98.214
2016-03-03 00:00:00,1993.4,12.036,3012.87,19941.76,419.91,1264.25,97.592
2016-03-04 00:00:00,1999.99,11.852,3037.35,20176.7,411.29,1258.95,97.34
2016-03-05 00:00:00,1999.99,11.852,3037.35,20176.7,411.29,1258.95,97.34
2016-03-06 00:00:00,1999.99,11.852,3037.35,20176.7,406.64,1258.95,97.34
2016-03-07 00:00:00,2001.76,11.825,3021.09,20159.72,411.91,1267.33,97.071
2016-03-08 00:00:00,1979.26,11.942,3002.01,20011.58,411.36,1261.44,97.209
2016-03-09 00:00:00,1989.26,12.074,3016.18,19996.26,411.43,1253.23,97.173
2016-03-10 00:00:00,1989.57,11.877,2970.78,19984.42,416.14,1272.25,96.066
2016-03-11 00:00:00,2022.19,12.0,3073.8,20199.6,418.65,1249.45,96.172
2016-03-12 00:00:00,2022.19,12.0,3073.8,20199.6,418.65,1249.45,96.172
2016-03-13 00:00:00,2022.19,12.0,3073.8,20199.6,412.74,1249.45,96.172
2016-03-14 00:00:00,2019.64,12.02,3091.98,20435.34,413.78,1235.27,96.624
2016-03-15 00:00:00,2015.93,12.044,3067.21,20288.77,415.07,1232.38,96.633
2016-03-16 00:00:00,2027.22,11.995,3062.05,20257.7,416.63,1262.57,95.89
2016-03-17 00:00:00,2040.59,12.056,3043.1,20503.81,418.37,1257.97,94.76
2016-03-18 00:00:00,2049.58,12.121,3059.77,20671.63,405.78,1255.4,95.086
2016-03-19 00:00:00,2049.58,12.121,3059.77,20671.63,405.78,1255.4,95.086
2016-03-20 00:00:00,2049.58,12.121,3059.77,20671.63,411.06,1255.4,95.086
2016-03-21 00:00:00,2051.6,11.927,3048.77,20684.15,410.76,1243.75,95.288
2016-03-22 00:00:00,2049.8,11.921,3051.23,20666.75,416.84,1248.32,95.648
2016-03-23 00:00:00,2036.71,11.958,3042.42,20615.23,418.16,1220.11,96.046
2016-03-24 00:00:00,2035.94,12.042,2986.73,20345.61,416.06,1216.82,96.142
2016-03-25 00:00:00,2035.94,12.042,2986.73,20345.61,415.92,1217.05,96.273
2016-03-26 00:00:00,2035.94,12.042,2986.73,20345.61,415.92,1217.05,96.273
2016-03-27 00:00:00,2035.94,12.042,2986.73,20345.61,424.4,1217.05,96.273
2016-03-28 00:00:00,2037.05,12.042,2986.73,20345.61,421.98,1221.71,95.943
2016-03-29 00:00:00,2055.01,12.044,3004.87,20366.3,414.96,1242.2,95.16
2016-03-30 00:00:00,2063.95,12.073,3044.1,20803.39,413.53,1225.02,94.841
2016-03-31 00:00:00,2059.74,11.937,3004.93,20776.7,416.85,1232.75,94.586
2016-04-01 00:00:00,2072.78,11.639,2953.28,20498.92,416.64,1222.6,94.619
2016-04-02 00:00:00,2072.78,11.639,2953.28,20498.92,416.64,1222.6,94.619
2016-04-03 00:00:00,2072.78,11.639,2953.28,20498.92,419.32,1222.6,94.619
2016-04-04 00:00:00,2066.13,11.375,2962.28,20498.92,419.0,1215.43,94.51
2016-04-05 00:00:00,2045.17,11.237,2890.35,20177.0,421.94,1231.35,94.631
2016-04-06 00:00:00,2066.66,11.4,2909.36,20206.67,421.83,1222.47,94.43
2016-04-07 00:00:00,2041.91,11.15,2871.57,20266.05,422.0,1240.45,94.482
2016-04-08 00:00:00,2047.6,11.226,2911.98,20370.4,419.34,1240.69,94.235
2016-04-09 00:00:00,2047.6,11.226,2911.98,20370.4,419.34,1240.69,94.235
2016-04-10 00:00:00,2047.6,11.226,2911.98,20370.4,421.83,1240.69,94.235
2016-04-11 00:00:00,2041.99,11.188,2924.23,20440.81,422.98,1257.88,93.95
2016-04-12 00:00:00,2061.72,11.26,2942.09,20504.44,425.37,1255.63,93.959
2016-04-13 00:00:00,2082.42,11.322,3039.19,21158.71,424.6,1242.47,94.744
2016-04-14 00:00:00,2082.78,11.225,3060.86,21337.81,424.94,1227.89,94.902
2016-04-15 00:00:00,2080.73,11.21,3054.34,21316.47,429.79,1233.99,94.696
2016-04-16 00:00:00,2080.73,11.21,3054.34,21316.47,429.79,1233.99,94.696
2016-04-17 00:00:00,2080.73,11.21,3054.34,21316.47,428.1,1233.99,94.696
2016-04-18 00:00:00,2094.34,11.343,3064.03,21161.5,428.56,1232.49,94.49
2016-04-19 00:00:00,2100.8,11.663,3112.99,21436.21,432.64,1250.19,93.976
2016-04-20 00:00:00,2102.4,11.799,3142.52,21236.31,442.82,1244.25,94.492
2016-04-21 00:00:00,2091.48,12.5,3151.69,21622.25,451.13,1248.05,94.599
2016-04-22 00:00:00,2091.58,13.08,3141.12,21467.04,448.56,1233.03,95.116
2016-04-23 00:00:00,2091.58,13.08,3141.12,21467.04,448.56,1233.03,95.116
2016-04-24 00:00:00,2091.58,13.08,3141.12,21467.04,463.96,1233.03,95.116
2016-04-25 00:00:00,2087.79,12.969,3117.62,21304.44,468.5,1237.97,94.842
2016-04-26 00:00:00,2091.7,13.98,3121.29,21407.27,469.1,1243.4,94.573
2016-04-27 00:00:00,2095.15,13.98,3130.43,21361.6,454.0,1245.83,94.387
2016-04-28 00:00:00,2075.81,12.643,3125.43,21388.03,449.71,1266.26,93.761
2016-04-29 00:00:00,2065.3,12.779,3028.21,21067.05,455.15,1293.53,93.082
2016-04-30 00:00:00,2065.3,12.779,3028.21,21067.05,455.15,1293.53,93.082
2016-05-01 00:00:00,2065.3,12.779,3028.21,21067.05,452.39,1293.53,93.082
2016-05-02 00:00:00,2081.43,12.275,3032.6,21067.05,446.11,1291.55,92.626
2016-05-03 00:00:00,2063.37,12.148,2974.2,20676.94,450.66,1286.5,92.944
2016-05-04 00:00:00,2051.12,12.425,2938.75,20525.83,447.39,1279.68,93.179
2016-05-05 00:00:00,2050.63,12.834,2940.35,20449.82,448.67,1277.74,93.78
2016-05-06 00:00:00,2057.14,12.875,2936.84,20109.87,462.1,1288.99,93.888
2016-05-07 00:00:00,2057.14,12.875,2936.84,20109.87,462.1,1288.99,93.888
2016-05-08 00:00:00,2057.14,12.875,2936.84,20109.87,458.76,1288.99,93.888
2016-05-09 00:00:00,2058.69,13.123,2955.83,20156.81,462.13,1263.88,94.128
2016-05-10 00:00:00,2084.39,12.919,2978.97,20242.68,454.51,1265.84,94.29
2016-05-11 00:00:00,2064.46,13.011,2956.71,20055.29,452.52,1277.21,93.823
2016-05-12 00:00:00,2064.11,12.914,2935.46,19915.46,452.69,1263.68,94.15
2016-05-13 00:00:00,2046.61,12.854,2956.63,19719.29,456.15,1273.45,94.608
2016-05-14 00:00:00,2046.61,12.854,2956.63,19719.29,456.15,1273.45,94.608
2016-05-15 00:00:00,2046.61,12.854,2956.63,19719.29,457.77,1273.45,94.608
2016-05-16 00:00:00,2066.66,13.094,2951.39,19883.95,453.16,1274.16,94.572
2016-05-17 00:00:00,2047.21,13.144,2938.09,20118.8,453.66,1278.95,94.548
2016-05-18 00:00:00,2047.63,13.096,2956.43,19826.41,454.69,1258.5,95.08
2016-05-19 00:00:00,2040.04,12.951,2919.22,19694.33,443.06,1254.75,95.287
2016-05-20 00:00:00,2052.32,13.028,2962.16,19852.2,441.56,1251.98,95.334
2016-05-21 00:00:00,2052.32,13.028,2962.16,19852.2,441.56,1251.98,95.334
2016-05-22 00:00:00,2052.32,13.028,2962.16,19852.2,439.36,1251.98,95.334
2016-05-23 00:00:00,2048.04,12.918,2932.93,19809.03,442.31,1249.13,95.231
2016-05-24 00:00:00,2076.06,12.999,3010.12,19830.43,444.83,1227.21,95.571
2016-05-25 00:00:00,2090.54,13.296,3061.6,20368.05,448.14,1224.41,95.354
2016-05-26 00:00:00,2090.1,13.486,3071.21,20397.11,453.0,1219.8,95.168
2016-05-27 00:00:00,2099.06,13.817,3078.48,20576.77,470.89,1212.38,95.521
2016-05-28 00:00:00,2099.06,13.817,3078.48,20576.77,470.89,1212.38,95.521
2016-05-29 00:00:00,2099.06,13.817,3078.48,20576.77,531.22,1212.38,95.521
2016-05-30 00:00:00,2099.06,13.91,3090.01,20629.39,531.25,1204.95,95.521
2016-05-31 00:00:00,2096.96,14.238,3063.48,20815.09,521.74,1215.32,95.891
2016-06-01 00:00:00,2099.33,14.073,3038.77,20760.98,535.91,1212.98,95.455
2016-06-02 00:00:00,2105.26,14.393,3033.86,20859.22,536.28,1211.0,95.564
2016-06-03 00:00:00,2099.13,14.268,2997.55,20947.24,576.55,1244.2,94.029
2016-06-04 00:00:00,2099.13,14.268,2997.55,20947.24,576.55,1244.2,94.029
2016-06-05 00:00:00,2099.13,14.268,2997.55,20947.24,574.51,1244.2,94.029
2016-06-06 00:00:00,2109.41,14.496,3001.9,21030.22,581.67,1245.34,93.902
2016-06-07 00:00:00,2112.13,14.62,3040.69,21328.24,577.68,1243.81,93.828
2016-06-08 00:00:00,2119.12,14.4,3019.76,21297.88,579.79,1262.8,93.59
2016-06-09 00:00:00,2115.48,14.193,2989.03,21297.88,575.46,1269.8,93.953
2016-06-10 00:00:00,2096.07,13.987,2911.11,21042.64,578.98,1274.24,94.571
2016-06-11 00:00:00,2096.07,13.987,2911.11,21042.64,578.98,1274.24,94.571
2016-06-12 00:00:00,2096.07,13.987,2911.11,21042.64,664.18,1274.24,94.571
2016-06-13 00:00:00,2079.06,13.85,2853.52,20512.99,690.0,1283.86,94.362
2016-06-14 00:00:00,2075.32,14.02,2797.18,20387.53,689.56,1285.72,94.928
2016-06-15 00:00:00,2071.5,14.2,2830.3,20467.52,693.44,1291.75,94.61
2016-06-16 00:00:00,2077.99,14.176,2819.3,20038.42,762.67,1278.43,94.569
2016-06-17 00:00:00,2071.22,14.518,2849.17,20169.98,754.37,1298.65,94.206
2016-06-18 00:00:00,2071.22,14.518,2849.17,20169.98,754.37,1298.65,94.206
2016-06-19 00:00:00,2071.22,14.518,2849.17,20169.98,760.46,1298.65,94.206
2016-06-20 00:00:00,2083.25,15.144,2942.88,20510.2,740.94,1289.9,93.611
2016-06-21 00:00:00,2088.9,14.884,2967.34,20668.44,651.85,1268.12,94.017
2016-06-22 00:00:00,2085.45,15.26,2978.31,20795.12,611.11,1266.22,93.716
2016-06-23 00:00:00,2113.32,15.171,3037.86,20868.34,613.38,1256.84,93.529
2016-06-24 00:00:00,2037.41,14.9,2776.09,20259.13,657.05,1315.75,95.448
2016-06-25 00:00:00,2037.41,14.9,2776.09,20259.13,657.05,1315.75,95.448
2016-06-26 00:00:00,2037.41,14.9,2776.09,20259.13,635.51,1315.75,95.448
2016-06-27 00:00:00,2000.54,14.302,2697.44,20227.3,642.87,1324.6,96.544
2016-06-28 00:00:00,2036.09,14.153,2758.67,20172.46,647.39,1311.79,96.245
2016-06-29 00:00:00,2070.77,14.428,2832.18,20436.12,638.8,1319.15,95.769
2016-06-30 00:00:00,2098.86,14.375,2864.74,20794.37,665.27,1321.9,96.143
2016-07-01 00:00:00,2102.95,14.28,2883.06,20794.37,677.36,1341.35,95.649
2016-07-02 00:00:00,2102.95,14.28,2883.06,20794.37,677.36,1341.35,95.649
2016-07-03 00:00:00,2102.95,14.28,2883.06,20794.37,659.73,1341.35,95.649
2016-07-04 00:00:00,2102.95,14.539,2862.21,21059.2,675.83,1350.79,95.649
2016-07-05 00:00:00,2088.55,14.24,2812.88,20750.72,669.94,1356.45,96.166
2016-07-06 00:00:00,2099.73,14.162,2761.37,20495.29,675.16,1363.78,96.053
2016-07-07 00:00:00,2097.9,14.387,2780.1,20706.92,621.5,1360.45,96.328
2016-07-08 00:00:00,2129.9,14.137,2838.01,20564.17,660.7,1366.33,96.302
2016-07-09 00:00:00,2129.9,14.137,2838.01,20564.17,660.7,1366.33,96.302
2016-07-10 00:00:00,2129.9,14.137,2838.01,20564.17,649.22,1366.33,96.302
2016-07-11 00:00:00,2137.16,14.114,2885.32,20880.5,650.39,1355.4,96.571
2016-07-12 00:00:00,2152.14,14.303,2933.44,21224.74,667.84,1333.1,96.441
2016-07-13 00:00:00,2152.43,14.225,2926.14,21322.37,662.44,1342.64,96.216
2016-07-14 00:00:00,2163.75,14.307,2963.07,21561.06,661.28,1335.23,96.077
2016-07-15 00:00:00,2161.74,14.219,2958.65,21659.25,669.01,1337.45,96.58
2016-07-16 00:00:00,2161.74,14.219,2958.65,21659.25,669.01,1337.45,96.58
2016-07-17 00:00:00,2161.74,14.219,2958.65,21659.25,680.74,1337.45,96.58
2016-07-18 00:00:00,2166.89,14.289,2949.17,21803.18,673.05,1328.85,96.562
2016-07-19 00:00:00,2163.78,14.413,2931.1,21673.2,671.2,1332.01,97.063
2016-07-20 00:00:00,2173.02,14.723,2966.95,21882.48,665.58,1316.06,97.201
2016-07-21 00:00:00,2165.17,14.983,2968.49,22000.49,664.6,1331.43,97.0
2016-07-22 00:00:00,2175.03,14.85,2972.23,21964.27,657.65,1322.73,97.467
2016-07-23 00:00:00,2175.03,14.85,2972.23,21964.27,657.65,1322.73,97.467
2016-07-24 00:00:00,2175.03,14.85,2972.23,21964.27,661.17,1322.73,97.467
2016-07-25 00:00:00,2168.48,14.843,2973.22,21993.44,655.94,1315.6,97.286
2016-07-26 00:00:00,2169.18,14.594,2978.9,22129.73,656.0,1320.26,97.156
2016-07-27 00:00:00,2166.58,14.45,2999.48,22218.99,657.22,1340.08,97.053
2016-07-28 00:00:00,2170.06,14.152,2966.1,22174.34,656.0,1335.75,96.739
2016-07-29 00:00:00,2173.6,14.458,2990.76,21891.37,657.67,1351.28,95.53
2016-07-30 00:00:00,2173.6,14.458,2990.76,21891.37,657.67,1351.28,95.53
2016-07-31 00:00:00,2173.6,14.458,2990.76,21891.37,632.0,1351.28,95.53
2016-08-01 00:00:00,2170.84,14.05,2967.31,22129.14,616.76,1353.15,95.713
2016-08-02 00:00:00,2157.03,13.803,2906.98,22129.14,568.59,1363.57,95.064
2016-08-03 00:00:00,2163.79,13.702,2911.06,21739.12,568.96,1358.18,95.563
2016-08-04 00:00:00,2164.25,13.65,2932.34,21832.23,573.56,1361.15,95.758
2016-08-05 00:00:00,2182.87,13.35,2973.71,22146.09,577.23,1336.0,96.194
2016-08-06 00:00:00,2182.87,13.35,2973.71,22146.09,577.23,1336.0,96.194
2016-08-07 00:00:00,2182.87,13.35,2973.71,22146.09,591.16,1336.0,96.194
2016-08-08 00:00:00,2180.89,13.074,2982.92,22494.76,593.58,1335.31,96.401
2016-08-09 00:00:00,2181.74,12.856,3029.18,22465.61,586.03,1340.73,96.183
2016-08-10 00:00:00,2175.49,12.895,3018.46,22492.43,595.34,1346.61,95.65
2016-08-11 00:00:00,2185.79,12.8,3049.03,22580.55,589.72,1338.78,95.857
2016-08-12 00:00:00,2184.05,12.273,3044.94,22766.91,586.46,1335.97,95.722
2016-08-13 00:00:00,2184.05,12.273,3044.94,22766.91,586.46,1335.97,95.722
2016-08-14 00:00:00,2184.05,12.273,3044.94,22766.91,569.41,1335.97,95.722
2016-08-15 00:00:00,2190.15,11.67,3046.65,22932.51,568.23,1339.4,95.629
2016-08-16 00:00:00,2178.15,11.884,3016.19,22910.84,579.56,1346.24,94.791
2016-08-17 00:00:00,2182.22,12.101,2980.54,22799.78,573.23,1348.73,94.718
2016-08-18 00:00:00,2187.02,12.024,2995.3,23023.16,574.24,1352.36,94.157
2016-08-19 00:00:00,2183.87,10.613,2968.2,22937.22,575.4,1341.47,94.511
2016-08-20 00:00:00,2183.87,10.613,2968.2,22937.22,575.4,1341.47,94.511
2016-08-21 00:00:00,2183.87,10.613,2968.2,22937.22,580.68,1341.47,94.511
2016-08-22 00:00:00,2182.64,11.276,2960.37,22997.91,585.96,1339.09,94.519
2016-08-23 00:00:00,2186.9,11.688,2993.73,22998.93,580.94,1337.56,94.539
2016-08-24 00:00:00,2175.44,11.127,3008.59,22820.78,579.12,1324.13,94.786
2016-08-25 00:00:00,2172.47,11.103,2987.69,22814.95,575.71,1321.97,94.772
2016-08-26 00:00:00,2169.04,11.438,3010.36,22909.54,577.84,1321.18,95.566
2016-08-27 00:00:00,2169.04,11.438,3010.36,22909.54,577.84,1321.18,95.566
2016-08-28 00:00:00,2169.04,11.438,3010.36,22909.54,573.67,1321.18,95.566
2016-08-29 00:00:00,2180.38,11.8,2998.5,22821.34,573.2,1323.38,95.58
2016-08-30 00:00:00,2176.12,11.544,3030.75,23016.11,575.22,1311.11,96.054
2016-08-31 00:00:00,2170.95,12.673,3023.13,22976.88,572.41,1308.97,96.022
2016-09-01 00:00:00,2170.86,12.62,3017.49,23162.34,571.9,1313.89,95.653
2016-09-02 00:00:00,2179.98,12.72,3079.74,23266.7,574.23,1325.21,95.844
2016-09-03 00:00:00,2179.98,12.72,3079.74,23266.7,574.23,1325.21,95.844
2016-09-04 00:00:00,2179.98,12.72,3079.74,23266.7,604.19,1325.21,95.844
2016-09-05 00:00:00,2179.98,12.521,3077.66,23649.55,607.88,1327.08,95.844
2016-09-06 00:00:00,2186.48,12.375,3070.16,23787.68,611.14,1350.0,94.823
2016-09-07 00:00:00,2186.16,12.0,3091.66,23741.81,614.55,1345.18,94.956
2016-09-08 00:00:00,2181.3,11.971,3083.54,23919.34,625.7,1338.3,95.027
2016-09-09 00:00:00,2127.81,11.9,3053.2,24099.7,620.84,1327.83,95.336
2016-09-10 00:00:00,2127.81,11.9,3053.2,24099.7,620.84,1327.83,95.336
2016-09-11 00:00:00,2127.81,11.9,3053.2,24099.7,602.27,1327.83,95.336
2016-09-12 00:00:00,2159.04,11.829,3012.88,23290.6,606.92,1327.82,95.095
2016-09-13 00:00:00,2127.02,12.006,2974.8,23215.76,608.67,1319.05,95.633
2016-09-14 00:00:00,2125.77,11.947,2964.9,23190.64,609.86,1322.94,95.327
2016-09-15 00:00:00,2147.26,12.482,2973.77,23335.59,606.82,1314.75,95.288
2016-09-16 00:00:00,2139.16,12.778,2935.25,23335.59,606.86,1310.35,96.108
2016-09-17 00:00:00,2139.16,12.778,2935.25,23335.59,606.86,1310.35,96.108
2016-09-18 00:00:00,2139.16,12.778,2935.25,23335.59,608.38,1310.35,96.108
2016-09-19 00:00:00,2139.12,13.377,2968.31,23550.45,609.32,1313.19,95.841
2016-09-20 00:00:00,2139.76,13.029,2964.86,23530.86,608.39,1314.84,96.019
2016-09-21 00:00:00,2163.12,13.267,2982.18,23669.9,595.31,1335.17,95.66
2016-09-22 00:00:00,2177.18,13.553,3051.69,23759.8,596.61,1337.07,95.448
2016-09-23 00:00:00,2164.69,14.01,3032.31,23686.48,602.0,1337.56,95.477
2016-09-24 00:00:00,2164.69,14.01,3032.31,23686.48,602.0,1337.56,95.477
2016-09-25 00:00:00,2164.69,14.01,3032.31,23686.48,600.17,1337.56,95.477
2016-09-26 00:00:00,2146.1,13.898,2975.88,23317.92,606.34,1337.95,95.297
2016-09-27 00:00:00,2159.93,13.3,2970.84,23571.9,602.9,1327.32,95.435
2016-09-28 00:00:00,2171.37,13.9,2991.11,23619.65,604.39,1321.54,95.431
2016-09-29 00:00:00,2151.13,13.95,2991.58,23739.47,606.52,1320.37,95.535
2016-09-30 00:00:00,2168.27,15.35,3002.24,23297.15,605.99,1315.87,95.463
2016-10-01 00:00:00,2168.27,15.35,3002.24,23297.15,605.99,1315.87,95.463
2016-10-02 00:00:00,2168.27,15.35,3002.24,23297.15,609.68,1315.87,95.463
2016-10-03 00:00:00,2161.2,15.598,2998.5,23584.43,612.58,1311.6,95.695
2016-10-04 00:00:00,2150.49,15.975,3029.5,23689.44,609.22,1268.44,96.169
2016-10-05 00:00:00,2159.73,16.128,3026.28,23788.31,612.79,1266.85,96.125
2016-10-06 00:00:00,2160.77,16.438,3021.58,23952.5,611.75,1254.38,96.765
2016-10-07 00:00:00,2153.74,16.075,3000.57,23851.82,617.94,1257.08,96.632
2016-10-08 00:00:00,2153.74,16.075,3000.57,23851.82,617.94,1257.08,96.632
2016-10-09 00:00:00,2153.74,16.075,3000.57,23851.82,615.67,1257.08,96.632
2016-10-10 00:00:00,2163.66,15.818,3035.76,23851.82,616.89,1259.65,96.929
2016-10-11 00:00:00,2136.73,15.459,3020.69,23549.52,637.73,1252.8,97.69
2016-10-12 00:00:00,2139.18,15.397,3008.03,23407.05,634.14,1255.25,97.966
2016-10-13 00:00:00,2132.55,15.725,2975.04,23031.3,635.24,1258.09,97.516
2016-10-14 00:00:00,2132.98,16.147,3025.19,23233.31,638.58,1251.03,98.019
2016-10-15 00:00:00,2132.98,16.147,3025.19,23233.31,638.58,1251.03,98.019
2016-10-16 00:00:00,2132.98,16.147,3025.19,23233.31,640.55,1251.03,98.019
2016-10-17 00:00:00,2126.5,16.29,3008.72,23037.54,637.1,1255.85,97.888
2016-10-18 00:00:00,2139.6,16.76,3046.99,23394.39,632.76,1262.5,97.895
2016-10-19 00:00:00,2144.29,16.746,3055.94,23304.97,628.47,1269.23,97.92
2016-10-20 00:00:00,2141.34,16.902,3076.63,23374.4,628.83,1265.76,98.315
2016-10-21 00:00:00,2141.16,16.775,3077.65,23374.4,630.53,1266.46,98.695
2016-10-22 00:00:00,2141.16,16.775,3077.65,23374.4,630.53,1266.46,98.695
2016-10-23 00:00:00,2141.16,16.775,3077.65,23374.4,649.47,1266.46,98.695
2016-10-24 00:00:00,2151.33,17.295,3093.86,23604.08,648.56,1264.44,98.756
2016-10-25 00:00:00,2143.16,17.587,3087.41,23565.11,654.08,1273.87,98.719
2016-10-26 00:00:00,2139.43,17.132,3080.98,23325.43,669.58,1267.1,98.629
2016-10-27 00:00:00,2133.04,17.434,3085.17,23132.35,681.14,1268.4,98.888
2016-10-28 00:00:00,2126.41,17.25,3079.24,22954.81,688.36,1275.47,98.348
2016-10-29 00:00:00,2126.41,17.25,3079.24,22954.81,688.36,1275.47,98.348
2016-10-30 00:00:00,2126.41,17.25,3079.24,22954.81,699.88,1275.47,98.348
2016-10-31 00:00:00,2126.15,17.791,3055.25,22934.54,702.17,1277.21,98.445
2016-11-01 00:00:00,2111.72,18.447,3023.15,23147.07,727.97,1288.2,97.699
2016-11-02 00:00:00,2097.94,18.955,2980.17,22810.5,730.21,1296.81,97.398
2016-11-03 00:00:00,2088.66,18.868,2973.49,22683.51,695.18,1302.7,97.157
2016-11-04 00:00:00,2085.18,18.338,2954.53,22642.62,698.86,1305.06,97.065
2016-11-05 00:00:00,2085.18,18.338,2954.53,22642.62,698.86,1305.06,97.065
2016-11-06 00:00:00,2085.18,18.338,2954.53,22642.62,711.15,1305.06,97.065
2016-11-07 00:00:00,2131.52,17.988,3009.28,22801.4,706.9,1281.64,97.781
2016-11-08 00:00:00,2139.56,17.646,3023.43,22909.47,711.51,1275.68,97.861
2016-11-09 00:00:00,2163.26,17.914,3056.29,22415.19,717.24,1277.98,98.504
2016-11-10 00:00:00,2167.48,18.071,3046.59,22839.11,709.83,1259.2,98.785
2016-11-11 00:00:00,2164.45,18.062,3030.02,22531.09,714.94,1227.64,99.06
2016-11-12 00:00:00,2164.45,18.062,3030.02,22531.09,714.94,1227.64,99.06
2016-11-13 00:00:00,2164.45,18.062,3030.02,22531.09,704.6,1227.64,99.06
2016-11-14 00:00:00,2164.2,17.589,3039.8,22222.22,706.89,1221.35,100.11
2016-11-15 00:00:00,2180.39,17.85,3049.72,22323.91,710.94,1228.73,100.23
2016-11-16 00:00:00,2176.94,17.63,3026.36,22280.53,741.01,1224.99,100.41
2016-11-17 00:00:00,2187.12,17.638,3041.79,22262.88,738.34,1216.42,100.89
2016-11-18 00:00:00,2181.9,17.898,3020.83,22344.21,743.26,1207.89,101.21
2016-11-19 00:00:00,2181.9,17.898,3020.83,22344.21,743.26,1207.89,101.21
2016-11-20 00:00:00,2181.9,17.898,3020.83,22344.21,726.77,1207.89,101.21
2016-11-21 00:00:00,2198.18,17.37,3032.97,22357.78,737.46,1214.23,101.05
2016-11-22 00:00:00,2202.94,17.629,3044.33,22678.07,747.89,1212.32,101.04
2016-11-23 00:00:00,2204.72,17.805,3032.14,22676.69,739.75,1188.32,101.7
2016-11-24 00:00:00,2204.72,17.844,3040.6,22608.49,736.33,1181.67,101.7
2016-11-25 00:00:00,2213.35,17.703,3048.38,22723.45,737.69,1183.56,101.49
2016-11-26 00:00:00,2213.35,17.703,3048.38,22723.45,737.69,1183.56,101.49
2016-11-27 00:00:00,2213.35,17.703,3048.38,22723.45,732.18,1183.56,101.49
2016-11-28 00:00:00,2201.72,17.961,3016.8,22830.57,731.27,1194.0,101.33
2016-11-29 00:00:00,2204.66,17.971,3038.42,22737.07,731.34,1188.31,100.93
2016-11-30 00:00:00,2198.81,18.213,3051.61,22789.77,743.26,1173.2,101.5
2016-12-01 00:00:00,2191.08,18.09,3030.98,22878.23,752.42,1171.69,101.04
2016-12-02 00:00:00,2191.95,17.54,3015.13,22564.82,774.0,1177.43,100.77
2016-12-03 00:00:00,2191.95,17.54,3015.13,22564.82,774.0,1177.43,100.77
2016-12-04 00:00:00,2191.95,17.54,3015.13,22564.82,764.73,1177.43,100.77
2016-12-05 00:00:00,2204.71,16.967,3052.75,22505.55,753.78,1170.38,100.09
2016-12-06 00:00:00,2212.23,16.316,3100.76,22675.15,757.6,1169.85,100.49
2016-12-07 00:00:00,2241.35,16.25,3142.24,22800.92,766.43,1173.98,100.23
2016-12-08 00:00:00,2246.19,16.404,3185.79,22861.84,770.91,1170.78,101.1
2016-12-09 00:00:00,2259.53,16.492,3197.54,22760.98,771.14,1159.86,101.59
2016-12-10 00:00:00,2259.53,16.492,3197.54,22760.98,771.14,1159.86,101.59
2016-12-11 00:00:00,2259.53,16.492,3197.54,22760.98,768.3,1159.86,101.59
2016-12-12 00:00:00,2256.96,17.1,3199.11,22433.02,777.62,1162.22,101.03
2016-12-13 00:00:00,2271.72,17.133,3236.71,22446.7,781.51,1158.54,101.07
2016-12-14 00:00:00,2253.28,17.124,3211.71,22456.62,777.97,1142.95,101.76
2016-12-15 00:00:00,2262.03,17.17,3249.74,22059.4,776.71,1128.5,103.02
2016-12-16 00:00:00,2258.07,17.499,3259.24,22020.75,780.68,1134.88,102.95
2016-12-17 00:00:00,2258.07,17.499,3259.24,22020.75,780.68,1134.88,102.95
2016-12-18 00:00:00,2258.07,17.499,3259.24,22020.75,789.84,1134.88,102.95
2016-12-19 00:00:00,2262.53,17.35,3257.85,21832.68,790.38,1138.21,103.14
2016-12-20 00:00:00,2270.76,17.499,3279.41,21729.06,793.04,1132.35,103.29
2016-12-21 00:00:00,2265.18,17.63,3270.75,21809.8,825.33,1131.61,103.02
2016-12-22 00:00:00,2260.96,18.061,3269.51,21636.2,861.51,1128.38,103.09
2016-12-23 00:00:00,2263.79,18.081,3273.97,21574.76,904.48,1133.3,103.01
2016-12-24 00:00:00,2263.79,18.081,3273.97,21574.76,904.48,1133.3,103.01
2016-12-25 00:00:00,2263.79,18.081,3273.97,21574.76,890.9,1133.3,103.01
2016-12-26 00:00:00,2263.79,18.081,3273.97,21574.76,898.25,1133.3,102.97
2016-12-27 00:00:00,2268.88,18.334,3278.53,21574.76,931.73,1138.78,103.02
2016-12-28 00:00:00,2249.92,18.774,3278.72,21754.74,967.36,1141.67,103.3
2016-12-29 00:00:00,2249.26,18.996,3271.76,21790.91,968.09,1158.19,102.68
2016-12-30 00:00:00,2238.83,19.541,3290.52,22000.56,952.01,1147.5,102.21
2016-12-31 00:00:00,2238.83,19.541,3290.52,22000.56,952.01,1147.5,102.21
2017-01-01 00:00:00,2238.83,19.541,3290.52,22000.56,1003.0,1147.5,102.21
2017-01-02 00:00:00,2238.83,19.202,3308.67,22000.56,1012.35,1147.5,102.78
2017-01-03 00:00:00,2257.83,18.385,3315.02,22150.4,1024.38,1158.84,103.21
2017-01-04 00:00:00,2270.75,18.843,3317.52,22134.47,1091.66,1163.65,102.7
2017-01-05 00:00:00,2269.0,18.86,3316.47,22456.69,971.26,1180.12,101.52
2017-01-06 00:00:00,2276.98,18.543,3321.17,22503.01,898.16,1172.63,102.22
2017-01-07 00:00:00,2276.98,18.543,3321.17,22503.01,898.16,1172.63,102.22
2017-01-08 00:00:00,2276.98,18.543,3321.17,22503.01,917.41,1172.63,102.22
2017-01-09 00:00:00,2268.9,19.137,3308.97,22558.69,897.51,1181.1,101.93
2017-01-10 00:00:00,2268.9,19.806,3306.21,22744.85,909.81,1187.88,102.01
2017-01-11 00:00:00,2275.32,20.501,3307.94,22935.35,789.11,1191.62,101.78
2017-01-12 00:00:00,2270.44,20.319,3286.7,22829.02,827.63,1195.43,101.35
2017-01-13 00:00:00,2274.64,20.008,3324.34,22937.38,830.7,1197.34,101.18
2017-01-14 00:00:00,2274.64,20.008,3324.34,22937.38,830.7,1197.34,101.18
2017-01-15 00:00:00,2274.64,20.008,3324.34,22937.38,822.2,1197.34,101.18
2017-01-16 00:00:00,2274.64,19.002,3294.53,22718.15,833.1,1202.73,101.18
2017-01-17 00:00:00,2267.89,19.465,3285.04,22840.97,898.92,1217.07,100.33
2017-01-18 00:00:00,2271.89,19.619,3294.0,23098.26,875.76,1204.3,100.93
2017-01-19 00:00:00,2263.69,19.909,3290.33,23049.96,907.31,1204.85,101.15
2017-01-20 00:00:00,2271.31,20.493,3299.44,22885.91,898.86,1210.32,100.74
2017-01-21 00:00:00,2271.31,20.493,3299.44,22885.91,898.86,1210.32,100.74
2017-01-22 00:00:00,2271.31,20.493,3299.44,22885.91,920.85,1210.32,100.74
2017-01-23 00:00:00,2265.2,21.128,3273.04,22898.52,921.64,1218.23,100.16
2017-01-24 00:00:00,2280.07,20.703,3281.53,22949.86,898.19,1208.94,100.35
2017-01-25 00:00:00,2298.37,20.023,3326.15,23049.12,895.34,1200.69,100.03
2017-01-26 00:00:00,2296.68,19.846,3319.13,23374.17,914.19,1188.5,100.38
2017-01-27 00:00:00,2294.69,19.5,3303.33,23360.78,919.95,1191.2,100.53
2017-01-28 00:00:00,2294.69,19.5,3303.33,23360.78,919.95,1191.2,100.53
2017-01-29 00:00:00,2294.69,19.5,3303.33,23360.78,917.01,1191.2,100.53
2017-01-30 00:00:00,2280.9,20.4,3262.72,23360.78,922.79,1195.7,100.43
2017-01-31 00:00:00,2278.87,20.749,3230.68,23360.78,961.69,1210.72,99.512
2017-02-01 00:00:00,2279.55,21.515,3258.92,23318.39,979.37,1209.84,99.641
2017-02-02 00:00:00,2280.85,21.75,3253.61,23184.52,1010.14,1215.96,99.79
2017-02-03 00:00:00,2297.42,22.243,3273.11,23129.21,1011.67,1220.3,99.868
2017-02-04 00:00:00,2297.42,22.243,3273.11,23129.21,1011.67,1220.3,99.868
2017-02-05 00:00:00,2297.42,22.243,3273.11,23129.21,1013.48,1220.3,99.868
2017-02-06 00:00:00,2292.56,21.942,3238.31,23348.24,1025.29,1235.53,99.907
2017-02-07 00:00:00,2293.08,21.27,3235.71,23331.57,1052.19,1233.85,100.26
2017-02-08 00:00:00,2294.67,20.291,3238.04,23485.13,1060.55,1241.53,100.28
2017-02-09 00:00:00,2307.87,20.188,3277.79,23525.14,977.4,1228.36,100.65
2017-02-10 00:00:00,2316.1,19.772,3270.83,23574.98,1004.03,1233.62,100.8
2017-02-11 00:00:00,2316.1,19.772,3270.83,23574.98,1004.03,1233.62,100.8
2017-02-12 00:00:00,2316.1,19.772,3270.83,23574.98,1002.11,1233.62,100.8
2017-02-13 00:00:00,2328.25,19.05,3305.23,23710.98,1002.4,1225.26,100.96
2017-02-14 00:00:00,2337.58,18.731,3308.89,23703.01,1011.27,1228.13,101.25
2017-02-15 00:00:00,2349.25,18.85,3323.71,23994.87,1015.44,1233.7,101.18
2017-02-16 00:00:00,2347.22,19.01,3311.04,24107.7,1038.54,1239.04,100.44
2017-02-17 00:00:00,2351.16,18.476,3308.81,24033.74,1058.86,1234.6,100.95
2017-02-18 00:00:00,2351.16,18.476,3308.81,24033.74,1058.86,1234.6,100.95
2017-02-19 00:00:00,2351.16,18.476,3308.81,24033.74,1055.12,1234.6,100.95
2017-02-20 00:00:00,2351.16,18.569,3312.39,24146.08,1064.11,1238.47,100.95
2017-02-21 00:00:00,2365.38,18.121,3339.33,23963.63,1115.67,1235.74,101.37
2017-02-22 00:00:00,2362.82,18.046,3339.27,24201.96,1129.3,1237.44,101.22
2017-02-23 00:00:00,2363.81,18.302,3333.96,24114.86,1164.1,1249.56,101.05
2017-02-24 00:00:00,2367.34,17.798,3304.09,23965.7,1177.28,1257.19,101.09
2017-02-25 00:00:00,2367.34,17.798,3304.09,23965.7,1177.28,1257.19,101.09
2017-02-26 00:00:00,2367.34,17.798,3304.09,23965.7,1177.78,1257.19,101.09
2017-02-27 00:00:00,2369.75,17.281,3309.3,23925.05,1194.26,1252.73,101.13
2017-02-28 00:00:00,2363.64,16.896,3319.61,23740.73,1192.7,1248.44,101.12
2017-03-01 00:00:00,2395.96,17.112,3390.2,23776.49,1225.32,1249.69,101.78
2017-03-02 00:00:00,2381.92,16.76,3384.71,23728.07,1257.94,1234.25,102.2
2017-03-03 00:00:00,2383.12,16.766,3403.39,23552.72,1277.39,1234.81,101.54
2017-03-04 00:00:00,2383.12,16.766,3403.39,23552.72,1277.39,1234.81,101.54
2017-03-05 00:00:00,2383.12,16.766,3403.39,23552.72,1277.57,1234.81,101.54
2017-03-06 00:00:00,2375.31,16.614,3387.46,23596.28,1277.65,1225.29,101.64
2017-03-07 00:00:00,2368.39,16.503,3385.12,23681.07,1245.0,1215.86,101.81
2017-03-08 00:00:00,2362.98,16.245,3389.62,23782.27,1165.19,1208.31,102.07
2017-03-09 00:00:00,2364.87,16.121,3409.89,23501.56,1199.86,1201.24,101.85
2017-03-10 00:00:00,2372.6,16.15,3416.27,23568.67,1100.56,1204.64,101.25
2017-03-11 00:00:00,2372.6,16.15,3416.27,23568.67,1100.56,1204.64,101.25
2017-03-12 00:00:00,2372.6,16.15,3416.27,23568.67,1223.39,1204.64,101.25
2017-03-13 00:00:00,2373.47,15.825,3415.49,23829.67,1237.5,1204.3,101.31
2017-03-14 00:00:00,2365.45,15.925,3399.43,23827.95,1253.21,1199.12,101.7
2017-03-15 00:00:00,2385.26,16.095,3409.32,23792.85,1251.57,1219.88,100.74
2017-03-16 00:00:00,2381.38,15.979,3439.96,24288.28,1148.5,1226.61,100.36
2017-03-17 00:00:00,2378.25,15.983,3448.41,24309.93,1096.91,1229.26,100.3
2017-03-18 00:00:00,2378.25,15.983,3448.41,24309.93,1096.91,1229.26,100.3
2017-03-19 00:00:00,2378.25,15.983,3448.41,24309.93,1039.64,1229.26,100.3
2017-03-20 00:00:00,2373.47,15.775,3437.48,24501.99,1023.8,1234.24,100.41
2017-03-21 00:00:00,2344.02,15.636,3429.62,24593.12,1092.56,1244.81,99.813
2017-03-22 00:00:00,2348.45,15.6,3420.7,24320.41,1009.31,1248.84,99.677
2017-03-23 00:00:00,2345.96,15.579,3452.18,24327.7,1038.9,1245.2,99.76
2017-03-24 00:00:00,2343.98,15.247,3444.15,24358.27,960.74,1243.57,99.627
2017-03-25 00:00:00,2343.98,15.247,3444.15,24358.27,960.74,1243.57,99.627
2017-03-26 00:00:00,2343.98,15.247,3444.15,24358.27,974.59,1243.57,99.627
2017-03-27 00:00:00,2341.59,14.937,3437.14,24193.7,1023.73,1254.86,99.166
2017-03-28 00:00:00,2358.57,15.074,3465.07,24345.87,1030.17,1251.82,99.712
2017-03-29 00:00:00,2361.13,15.576,3475.27,24392.05,1039.32,1253.45,99.998
2017-03-30 00:00:00,2368.06,15.937,3481.58,24301.09,1035.44,1242.64,100.41
2017-03-31 00:00:00,2362.72,15.801,3500.93,24111.59,1074.69,1249.2,100.35
2017-04-01 00:00:00,2362.72,15.801,3500.93,24111.59,1074.69,1249.2,100.35
2017-04-02 00:00:00,2362.72,15.801,3500.93,24111.59,1109.08,1249.2,100.35
2017-04-03 00:00:00,2358.84,15.991,3472.94,24261.48,1153.83,1253.5,100.54
2017-04-04 00:00:00,2360.16,16.133,3481.66,24261.48,1138.86,1256.28,100.54
2017-04-05 00:00:00,2352.95,16.223,3472.58,24400.8,1128.13,1255.76,100.56
2017-04-06 00:00:00,2357.49,16.15,3489.57,24273.72,1199.17,1251.7,100.67
2017-04-07 00:00:00,2355.54,15.835,3495.8,24267.3,1199.24,1254.53,101.18
2017-04-08 00:00:00,2355.54,15.835,3495.8,24267.3,1199.24,1254.53,101.18
2017-04-09 00:00:00,2355.54,15.835,3495.8,24267.3,1210.11,1254.53,101.18
2017-04-10 00:00:00,2357.16,15.514,3480.44,24262.18,1203.1,1254.68,101.02
2017-04-11 00:00:00,2353.78,15.5,3470.04,24088.46,1226.7,1274.86,100.71
2017-04-12 00:00:00,2344.93,15.635,3468.51,24313.5,1216.07,1286.78,100.78
2017-04-13 00:00:00,2328.95,15.65,3448.26,24261.66,1170.01,1287.92,100.49
2017-04-14 00:00:00,2328.95,15.65,3448.26,24261.66,1183.59,1285.69,100.51
2017-04-15 00:00:00,2328.95,15.65,3448.26,24261.66,1183.59,1285.69,100.51
2017-04-16 00:00:00,2328.95,15.65,3448.26,24261.66,1180.36,1285.69,100.51
2017-04-17 00:00:00,2349.01,15.65,3448.26,24261.66,1193.94,1284.71,100.29
2017-04-18 00:00:00,2342.19,16.234,3409.78,23924.54,1204.67,1289.76,99.499
2017-04-19 00:00:00,2338.17,16.164,3420.99,23825.88,1206.45,1280.21,99.738
2017-04-20 00:00:00,2355.84,16.043,3440.03,24056.98,1240.02,1281.9,99.778
2017-04-21 00:00:00,2348.69,16.321,3440.27,24042.02,1242.73,1284.44,99.977
2017-04-22 00:00:00,2348.69,16.321,3440.27,24042.02,1242.73,1284.44,99.977
2017-04-23 00:00:00,2348.69,16.321,3440.27,24042.02,1245.74,1284.44,99.977
2017-04-24 00:00:00,2374.15,16.125,3577.38,24139.48,1255.91,1276.31,99.092
2017-04-25 00:00:00,2388.61,15.774,3583.16,24455.94,1281.47,1264.13,98.785
2017-04-26 00:00:00,2387.45,16.062,3578.71,24578.43,1294.3,1269.22,99.045
2017-04-27 00:00:00,2388.77,16.049,3563.29,24698.48,1347.91,1264.3,99.076
2017-04-28 00:00:00,2384.2,16.182,3559.59,24615.13,1304.91,1268.28,99.05
2017-04-29 00:00:00,2384.2,16.182,3559.59,24615.13,1304.91,1268.28,99.05
2017-04-30 00:00:00,2384.2,16.182,3559.59,24615.13,1356.03,1268.28,99.05
2017-05-01 00:00:00,2388.33,16.175,3559.59,24615.13,1435.89,1256.58,99.077
2017-05-02 00:00:00,2391.17,16.448,3578.21,24696.13,1439.45,1256.76,98.976
2017-05-03 00:00:00,2388.13,16.327,3586.25,24696.13,1516.69,1238.17,99.209
2017-05-04 00:00:00,2389.52,15.9,3627.88,24683.88,1502.29,1228.16,98.797
2017-05-05 00:00:00,2399.29,15.822,3658.79,24476.35,1529.41,1228.01,98.648
2017-05-06 00:00:00,2399.29,15.822,3658.79,24476.35,1529.41,1228.01,98.648
2017-05-07 00:00:00,2399.29,15.822,3658.79,24476.35,1556.06,1228.01,98.648
2017-05-08 00:00:00,2399.38,15.457,3642.11,24577.91,1657.55,1226.23,99.06
2017-05-09 00:00:00,2396.92,15.42,3649.08,24889.03,1712.16,1221.23,99.658
2017-05-10 00:00:00,2399.63,15.542,3645.74,25015.42,1776.34,1219.1,99.669
2017-05-11 00:00:00,2394.44,15.4,3623.55,25125.55,1820.84,1225.04,99.623
2017-05-12 00:00:00,2390.9,15.35,3637.52,25156.34,1691.8,1228.43,99.252
2017-05-13 00:00:00,2390.9,15.35,3637.52,25156.34,1691.8,1228.43,99.252
2017-05-14 00:00:00,2390.9,15.35,3637.52,25156.34,1790.31,1228.43,99.252
2017-05-15 00:00:00,2402.32,15.49,3641.88,25371.59,1719.63,1230.82,98.911
2017-05-16 00:00:00,2400.67,15.345,3641.89,25335.94,1769.41,1237.24,98.105
2017-05-17 00:00:00,2357.03,15.578,3584.83,25293.63,1816.73,1261.36,97.575
2017-05-18 00:00:00,2365.72,15.722,3562.22,25136.52,1883.04,1247.07,97.879
2017-05-19 00:00:00,2381.73,15.5,3587.01,25174.87,1938.04,1255.93,97.142
2017-05-20 00:00:00,2381.73,15.5,3587.01,25174.87,1938.04,1255.93,97.142
2017-05-21 00:00:00,2381.73,15.5,3587.01,25174.87,2011.23,1255.93,97.142
2017-05-22 00:00:00,2394.02,15.501,3576.53,25391.34,2149.63,1260.63,96.984
2017-05-23 00:00:00,2398.42,15.634,3595.03,25403.15,2216.18,1251.22,97.351
2017-05-24 00:00:00,2404.39,15.549,3586.62,25428.5,2435.88,1258.73,97.238
2017-05-25 00:00:00,2415.07,15.377,3584.55,25630.78,2465.54,1255.67,97.248
2017-05-26 00:00:00,2415.82,15.35,3579.02,25639.27,2268.7,1266.76,97.442
2017-05-27 00:00:00,2415.82,15.35,3579.02,25639.27,2268.7,1266.76,97.442
2017-05-28 00:00:00,2415.82,15.35,3579.02,25639.27,2118.76,1266.76,97.442
2017-05-29 00:00:00,2415.82,15.425,3578.95,25701.63,2306.61,1268.1,97.442
2017-05-30 00:00:00,2412.91,15.65,3561.22,25701.63,2249.94,1263.09,97.28
2017-05-31 00:00:00,2411.8,15.295,3554.59,25660.65,2286.1,1268.92,96.922
2017-06-01 00:00:00,2430.06,15.1,3567.02,25809.22,2410.55,1265.96,97.198
2017-06-02 00:00:00,2439.07,14.943,3591.82,25924.05,2430.83,1279.17,96.715
2017-06-03 00:00:00,2439.07,14.943,3591.82,25924.05,2430.83,1279.17,96.715
2017-06-04 00:00:00,2439.07,14.943,3591.82,25924.05,2504.5,1279.17,96.715
2017-06-05 00:00:00,2436.1,15.025,3579.55,25862.99,2663.5,1279.8,96.799
2017-06-06 00:00:00,2429.33,14.846,3554.18,25997.14,2871.13,1294.39,96.636
2017-06-07 00:00:00,2433.14,14.925,3548.84,25974.16,2738.88,1287.15,96.748
2017-06-08 00:00:00,2433.79,15.285,3563.88,26063.06,2749.46,1278.01,96.918
2017-06-09 00:00:00,2431.77,15.002,3586.07,26030.29,2834.48,1266.76,97.274
2017-06-10 00:00:00,2431.77,15.002,3586.07,26030.29,2834.48,1266.76,97.274
2017-06-11 00:00:00,2431.77,15.002,3586.07,26030.29,2922.82,1266.76,97.274
2017-06-12 00:00:00,2429.39,14.794,3543.95,25708.04,2599.16,1266.18,97.138
2017-06-13 00:00:00,2440.35,14.671,3557.87,25852.1,2701.55,1266.55,96.975
2017-06-14 00:00:00,2437.92,14.7,3547.15,25875.9,2552.48,1260.86,96.939
2017-06-15 00:00:00,2432.46,14.583,3525.46,25565.34,2361.34,1253.98,97.433
2017-06-16 00:00:00,2433.15,14.599,3543.88,25626.49,2484.65,1253.73,97.164
2017-06-17 00:00:00,2433.15,14.599,3543.88,25626.49,2484.65,1253.73,97.164
2017-06-18 00:00:00,2433.15,14.599,3543.88,25626.49,2471.55,1253.73,97.164
2017-06-19 00:00:00,2453.46,14.755,3579.58,25924.55,2573.17,1243.84,97.548
2017-06-20 00:00:00,2437.03,14.794,3560.66,25843.04,2749.63,1243.01,97.76
2017-06-21 00:00:00,2435.61,14.733,3554.35,25694.58,2659.27,1246.48,97.559
2017-06-22 00:00:00,2434.5,14.619,3555.76,25674.53,2671.67,1250.51,97.593
2017-06-23 00:00:00,2438.3,14.625,3543.68,25670.05,2707.64,1256.71,97.264
2017-06-24 00:00:00,2438.3,14.625,3543.68,25670.05,2707.64,1256.71,97.264
2017-06-25 00:00:00,2438.3,14.625,3543.68,25670.05,2472.48,1256.71,97.264
2017-06-26 00:00:00,2439.07,14.799,3561.76,25871.89,2347.32,1244.72,97.426
2017-06-27 00:00:00,2419.38,15.011,3538.32,25839.99,2457.46,1247.17,96.394
2017-06-28 00:00:00,2440.69,15.127,3535.7,25683.5,2593.58,1249.27,96.01
2017-06-29 00:00:00,2419.7,14.975,3471.33,25965.42,2558.28,1245.51,95.628
2017-06-30 00:00:00,2423.41,14.84,3441.88,25764.58,2502.5,1241.61,95.628
2017-07-01 00:00:00,2423.41,14.84,3441.88,25764.58,2502.5,1241.61,95.628
2017-07-02 00:00:00,2423.41,14.84,3441.88,25764.58,2497.65,1241.61,95.628
2017-07-03 00:00:00,2429.01,15.124,3491.81,25784.17,2557.75,1220.2,96.218
2017-07-04 00:00:00,2429.01,14.954,3479.47,25389.01,2575.53,1223.42,96.218
2017-07-05 00:00:00,2432.54,14.949,3478.41,25521.97,2611.09,1227.04,96.29
2017-07-06 00:00:00,2409.75,15.003,3462.06,25465.22,2597.68,1225.22,95.802
2017-07-07 00:00:00,2425.18,14.776,3463.84,25340.85,2514.87,1212.46,96.008
2017-07-08 00:00:00,2425.18,14.776,3463.84,25340.85,2514.87,1212.46,96.008
2017-07-09 00:00:00,2425.18,14.776,3463.84,25340.85,2527.97,1212.46,96.008
2017-07-10 00:00:00,2427.43,14.597,3478.06,25500.06,2384.54,1214.36,96.022
2017-07-11 00:00:00,2425.53,14.461,3464.48,25877.64,2328.94,1217.72,95.669
2017-07-12 00:00:00,2443.25,14.469,3515.23,26043.64,2382.02,1220.51,95.761
2017-07-13 00:00:00,2447.83,14.6,3527.83,26346.17,2337.69,1217.58,95.728
2017-07-14 00:00:00,2459.27,14.635,3525.94,26389.23,2159.05,1228.7,95.153
2017-07-15 00:00:00,2459.27,14.635,3525.94,26389.23,2159.05,1228.7,95.153
2017-07-16 00:00:00,2459.27,14.635,3525.94,26389.23,1865.67,1228.7,95.153
2017-07-17 00:00:00,2459.14,14.871,3516.35,26470.58,2174.02,1234.11,95.128
2017-07-18 00:00:00,2460.61,14.74,3478.68,26524.94,2348.48,1242.47,94.604
2017-07-19 00:00:00,2473.83,14.775,3500.28,26672.16,2255.0,1241.25,94.779
2017-07-20 00:00:00,2473.45,14.948,3499.49,26740.21,2729.32,1244.49,94.306
2017-07-21 00:00:00,2472.54,14.884,3451.71,26706.09,2640.5,1254.98,93.858
2017-07-22 00:00:00,2472.54,14.884,3451.71,26706.09,2640.5,1254.98,93.858
2017-07-23 00:00:00,2472.54,14.884,3451.71,26706.09,2785.0,1254.98,93.858
2017-07-24 00:00:00,2469.91,14.723,3453.17,26846.83,2760.01,1255.3,93.977
2017-07-25 00:00:00,2477.13,14.828,3473.54,26852.05,2468.53,1250.06,94.054
2017-07-26 00:00:00,2477.83,15.177,3491.19,26941.02,2503.29,1260.53,93.672
2017-07-27 00:00:00,2475.42,15.129,3493.14,27131.17,2583.77,1259.15,93.864
2017-07-28 00:00:00,2472.1,14.983,3467.73,26979.39,2755.65,1269.64,93.259
2017-07-29 00:00:00,2472.1,14.983,3467.73,26979.39,2755.65,1269.64,93.259
2017-07-30 00:00:00,2472.1,14.983,3467.73,26979.39,2717.71,1269.64,93.259
2017-07-31 00:00:00,2470.3,14.966,3449.36,27323.99,2886.71,1269.44,92.863
2017-08-01 00:00:00,2476.35,14.675,3477.39,27540.23,2740.99,1268.76,93.043
2017-08-02 00:00:00,2477.57,14.742,3459.32,27607.38,2691.01,1266.65,92.836
2017-08-03 00:00:00,2472.16,14.79,3466.37,27531.01,2781.45,1268.6,92.839
2017-08-04 00:00:00,2476.83,15.0,3507.41,27562.68,2832.0,1258.88,93.542
2017-08-05 00:00:00,2476.83,15.0,3507.41,27562.68,2832.0,1258.88,93.542
2017-08-06 00:00:00,2476.83,15.0,3507.41,27562.68,3265.55,1258.88,93.542
2017-08-07 00:00:00,2480.91,15.349,3505.8,27690.36,3341.29,1257.85,93.432
2017-08-08 00:00:00,2474.92,15.173,3515.63,27854.91,3447.35,1260.96,93.647
2017-08-09 00:00:00,2474.02,15.571,3468.45,27757.09,3361.7,1277.3,93.548
2017-08-10 00:00:00,2438.21,15.775,3433.54,27444.0,3424.49,1286.53,93.401
2017-08-11 00:00:00,2441.32,16.014,3406.34,26883.51,3588.05,1289.31,93.069
2017-08-12 00:00:00,2441.32,16.014,3406.34,26883.51,3588.05,1289.31,93.069
2017-08-13 00:00:00,2441.32,16.014,3406.34,26883.51,4010.46,1289.31,93.069
2017-08-14 00:00:00,2465.84,15.875,3450.66,27250.23,4262.99,1282.15,93.411
2017-08-15 00:00:00,2464.61,15.577,3461.91,27174.96,4071.6,1271.53,93.853
2017-08-16 00:00:00,2468.11,16.098,3484.57,27409.07,4350.42,1283.11,93.541
2017-08-17 00:00:00,2430.01,16.198,3461.97,27344.22,4330.12,1288.15,93.622
2017-08-18 00:00:00,2425.55,16.098,3446.03,27047.57,4022.75,1284.13,93.434
2017-08-19 00:00:00,2425.55,16.098,3446.03,27047.57,4022.75,1284.13,93.434
2017-08-20 00:00:00,2425.55,16.098,3446.03,27047.57,4124.91,1284.13,93.434
2017-08-21 00:00:00,2428.37,16.182,3423.53,27154.68,3997.99,1291.88,93.095
2017-08-22 00:00:00,2452.51,16.153,3455.59,27401.67,4073.01,1285.08,93.545
2017-08-23 00:00:00,2444.04,16.36,3438.63,27401.67,4134.37,1290.96,93.147
2017-08-24 00:00:00,2438.97,16.348,3444.73,27518.6,4234.0,1286.4,93.277
2017-08-25 00:00:00,2443.05,16.303,3438.55,27848.16,4329.03,1291.35,92.74
2017-08-26 00:00:00,2443.05,16.303,3438.55,27848.16,4329.03,1291.35,92.74
2017-08-27 00:00:00,2443.05,16.303,3438.55,27848.16,4362.85,1291.35,92.74
2017-08-28 00:00:00,2444.24,16.305,3421.03,27863.29,4339.74,1310.13,92.207
2017-08-29 00:00:00,2446.3,16.471,3388.22,27765.01,4597.02,1309.23,92.249
2017-08-30 00:00:00,2457.59,16.519,3403.71,28094.61,4574.99,1308.6,92.884
2017-08-31 00:00:00,2471.65,16.451,3421.47,27970.3,4741.39,1321.43,92.668
2017-09-01 00:00:00,2476.55,16.412,3443.88,27953.16,4880.85,1325.23,92.814
2017-09-02 00:00:00,2476.55,16.412,3443.88,27953.16,4880.85,1325.23,92.814
2017-09-03 00:00:00,2476.55,16.412,3443.88,27953.16,4580.98,1325.23,92.814
2017-09-04 00:00:00,2476.55,16.449,3429.98,27740.26,4362.08,1333.87,92.635
2017-09-05 00:00:00,2457.85,16.847,3420.86,27741.35,4458.44,1339.71,92.252
2017-09-06 00:00:00,2465.54,16.827,3433.8,27613.76,4569.25,1334.22,92.29
2017-09-07 00:00:00,2465.1,16.799,3447.66,27522.92,4575.48,1349.22,91.663
2017-09-08 00:00:00,2461.43,16.787,3447.69,27668.47,4247.55,1346.59,91.352
2017-09-09 00:00:00,2461.43,16.787,3447.69,27668.47,4247.55,1346.59,91.352
2017-09-10 00:00:00,2461.43,16.787,3447.69,27668.47,4289.22,1346.59,91.352
2017-09-11 00:00:00,2488.11,17.193,3495.19,27955.13,4192.47,1327.54,91.875
2017-09-12 00:00:00,2496.48,17.152,3512.56,27972.24,4179.95,1331.81,91.882
2017-09-13 00:00:00,2498.37,17.292,3523.14,27894.08,3897.95,1322.37,92.52
2017-09-14 00:00:00,2495.62,17.585,3526.48,27777.2,3391.25,1329.74,92.124
2017-09-15 00:00:00,2500.23,17.198,3515.55,27807.59,3722.68,1320.18,91.872
2017-09-16 00:00:00,2500.23,17.198,3515.55,27807.59,3722.68,1320.18,91.872
2017-09-17 00:00:00,2500.23,17.198,3515.55,27807.59,3747.8,1320.18,91.872
2017-09-18 00:00:00,2503.87,17.103,3526.74,28159.77,4006.56,1307.44,92.047
2017-09-19 00:00:00,2506.65,17.127,3531.18,28051.41,3905.56,1311.15,91.793
2017-09-20 00:00:00,2508.24,16.925,3525.55,28127.8,3957.01,1301.1,92.508
2017-09-21 00:00:00,2500.6,16.75,3539.59,28110.33,3647.5,1291.2,92.259
2017-09-22 00:00:00,2502.22,16.647,3541.42,27880.53,3615.1,1297.3,92.171
2017-09-23 00:00:00,2502.22,16.647,3541.42,27880.53,3615.1,1297.3,92.171
2017-09-24 00:00:00,2502.22,16.647,3541.42,27880.53,3669.78,1297.3,92.171
2017-09-25 00:00:00,2496.66,17.406,3537.81,27500.34,3941.31,1310.78,92.648
2017-09-26 00:00:00,2496.84,17.36,3536.38,27513.01,3908.25,1293.98,92.966
2017-09-27 00:00:00,2507.04,17.496,3555.17,27642.43,4154.27,1282.78,93.361
2017-09-28 00:00:00,2510.06,17.608,3563.64,27421.6,4164.5,1287.3,93.085
2017-09-29 00:00:00,2519.36,17.382,3594.85,27554.3,4171.25,1279.75,93.076
2017-09-30 00:00:00,2519.36,17.382,3594.85,27554.3,4171.25,1279.75,93.076
2017-10-01 00:00:00,2519.36,17.382,3594.85,27554.3,4335.84,1279.75,93.076
2017-10-02 00:00:00,2529.12,17.633,3602.69,27554.3,4391.34,1271.13,93.559
2017-10-03 00:00:00,2534.58,17.927,3605.73,28173.21,4283.49,1271.66,93.569
2017-10-04 00:00:00,2537.74,17.958,3594.91,28379.18,4200.44,1274.85,93.458
2017-10-05 00:00:00,2552.07,18.079,3613.54,28379.18,4347.1,1268.22,93.961
2017-10-06 00:00:00,2549.33,18.049,3603.32,28458.04,4339.4,1276.68,93.8
2017-10-07 00:00:00,2549.33,18.049,3603.32,28458.04,4339.4,1276.68,93.8
2017-10-08 00:00:00,2549.33,18.049,3603.32,28458.04,4583.01,1276.68,93.8
2017-10-09 00:00:00,2544.73,18.227,3610.5,28326.59,4841.19,1284.05,93.675
2017-10-10 00:00:00,2550.64,18.1,3598.79,28490.83,4873.1,1288.03,93.29
2017-10-11 00:00:00,2555.24,18.038,3607.39,28389.57,4826.85,1291.72,93.015
2017-10-12 00:00:00,2550.93,17.872,3605.54,28459.03,5317.43,1293.72,93.057
2017-10-13 00:00:00,2553.17,17.94,3604.55,28476.43,5614.64,1303.82,93.091
2017-10-14 00:00:00,2553.17,17.94,3604.55,28476.43,5614.64,1303.82,93.091
2017-10-15 00:00:00,2553.17,17.94,3604.55,28476.43,5524.56,1303.82,93.091
2017-10-16 00:00:00,2557.64,18.131,3606.27,28692.8,5678.73,1295.79,93.312
2017-10-17 00:00:00,2559.36,18.082,3607.77,28697.49,5577.3,1285.12,93.486
2017-10-18 00:00:00,2561.26,18.305,3619.65,28711.76,5507.01,1281.08,93.363
2017-10-19 00:00:00,2562.1,18.1,3602.08,28159.09,5700.17,1290.13,93.266
2017-10-20 00:00:00,2575.21,17.769,3605.09,28487.24,5973.19,1280.47,93.701
2017-10-21 00:00:00,2575.21,17.769,3605.09,28487.24,5973.19,1280.47,93.701
2017-10-22 00:00:00,2575.21,17.769,3605.09,28487.24,5881.65,1280.47,93.701
2017-10-23 00:00:00,2564.98,17.723,3608.87,28305.88,5911.12,1282.27,93.936
2017-10-24 00:00:00,2569.13,17.573,3610.69,28154.97,5593.52,1276.58,93.772
2017-10-25 00:00:00,2557.15,17.73,3591.46,28302.89,5679.54,1277.53,93.711
2017-10-26 00:00:00,2560.4,17.6,3637.2,28202.38,5842.24,1266.99,94.612
2017-10-27 00:00:00,2581.07,17.62,3652.23,28438.85,5753.71,1273.35,94.916
2017-10-28 00:00:00,2581.07,17.62,3652.23,28438.85,5753.71,1273.35,94.916
2017-10-29 00:00:00,2581.07,17.62,3652.23,28438.85,6176.91,1273.35,94.916
2017-10-30 00:00:00,2572.83,17.612,3662.18,28336.19,6099.6,1276.29,94.56
2017-10-31 00:00:00,2575.26,18.211,3673.95,28245.54,6377.45,1271.45,94.552
2017-11-01 00:00:00,2579.36,18.436,3697.4,28594.06,6580.0,1274.66,94.815
2017-11-02 00:00:00,2579.85,18.45,3688.8,28518.64,7057.82,1276.13,94.685
2017-11-03 00:00:00,2587.84,18.215,3689.96,28603.61,7228.65,1269.91,94.941
2017-11-04 00:00:00,2587.84,18.215,3689.96,28603.61,7228.65,1269.91,94.941
2017-11-05 00:00:00,2587.84,18.215,3689.96,28603.61,7369.78,1269.91,94.941
2017-11-06 00:00:00,2591.13,18.856,3682.36,28596.8,7127.39,1281.95,94.757
2017-11-07 00:00:00,2590.64,19.22,3658.77,28994.34,7074.84,1275.3,94.913
2017-11-08 00:00:00,2594.38,19.251,3655.04,28907.6,7260.63,1281.36,94.866
2017-11-09 00:00:00,2584.62,19.418,3612.5,29136.57,7120.48,1285.07,94.444
2017-11-10 00:00:00,2582.3,19.633,3593.76,29120.92,6581.83,1275.07,94.391
2017-11-11 00:00:00,2582.3,19.633,3593.76,29120.92,6581.83,1275.07,94.391
2017-11-12 00:00:00,2582.3,19.633,3593.76,29120.92,5893.08,1275.07,94.391
2017-11-13 00:00:00,2584.84,19.835,3574.52,29182.18,6506.62,1278.31,94.49
2017-11-14 00:00:00,2578.87,19.25,3556.38,29152.12,6590.9,1280.25,93.827
2017-11-15 00:00:00,2564.62,18.895,3545.72,28851.69,7291.96,1278.14,93.813
2017-11-16 00:00:00,2585.64,19.185,3564.8,29018.76,7892.22,1278.58,93.932
2017-11-17 00:00:00,2578.85,18.85,3547.46,29199.04,7701.88,1292.42,93.662
2017-11-18 00:00:00,2578.85,18.85,3547.46,29199.04,7701.88,1292.42,93.662
2017-11-19 00:00:00,2578.85,18.85,3547.46,29199.04,8019.16,1292.42,93.662
2017-11-20 00:00:00,2582.14,19.389,3561.41,29260.31,8245.04,1276.92,94.08
2017-11-21 00:00:00,2599.03,19.746,3579.32,29818.07,8134.25,1280.61,93.952
2017-11-22 00:00:00,2597.08,19.588,3562.65,30003.49,8203.84,1292.12,93.22
2017-11-23 00:00:00,2597.08,19.943,3572.07,29707.94,8166.19,1291.47,93.22
2017-11-24 00:00:00,2602.42,20.441,3581.23,29866.32,8249.34,1288.37,92.782
2017-11-25 00:00:00,2602.42,20.441,3581.23,29866.32,8249.34,1288.37,92.782
2017-11-26 00:00:00,2602.42,20.441,3581.23,29866.32,9387.66,1288.37,92.782
2017-11-27 00:00:00,2601.42,20.608,3564.02,29686.19,9652.66,1294.52,92.904
2017-11-28 00:00:00,2627.04,20.236,3583.49,29680.85,9944.74,1293.98,93.27
2017-11-29 00:00:00,2626.07,20.339,3589.91,29623.83,10193.45,1283.64,93.164
2017-11-30 00:00:00,2647.58,20.304,3569.93,29177.35,9653.93,1275.01,93.047
2017-12-01 00:00:00,2642.22,20.852,3527.55,29074.24,10899.25,1280.62,92.885
2017-12-02 00:00:00,2642.22,20.852,3527.55,29074.24,10899.25,1280.62,92.885
2017-12-03 00:00:00,2642.22,20.852,3527.55,29074.24,10930.29,1280.62,92.885
2017-12-04 00:00:00,2639.44,21.303,3576.22,29138.28,11500.01,1276.18,93.188
2017-12-05 00:00:00,2629.57,21.355,3570.57,28842.8,11776.95,1265.77,93.379
2017-12-06 00:00:00,2629.27,21.175,3561.57,28224.8,13346.75,1263.37,93.61
2017-12-07 00:00:00,2636.98,21.375,3573.13,28303.19,16051.08,1247.22,93.795
2017-12-08 00:00:00,2651.5,20.95,3591.45,28639.85,15644.0,1248.49,93.901
2017-12-09 00:00:00,2651.5,20.95,3591.45,28639.85,15644.0,1248.49,93.901
2017-12-10 00:00:00,2651.5,20.95,3591.45,28639.85,14705.41,1248.49,93.901
2017-12-11 00:00:00,2659.99,20.985,3582.21,28965.29,17148.2,1242.02,93.866
2017-12-12 00:00:00,2664.11,21.764,3600.35,28793.88,17248.22,1244.49,94.101
2017-12-13 00:00:00,2662.85,20.648,3581.75,29222.1,16752.0,1255.5,93.429
2017-12-14 00:00:00,2652.01,21.303,3556.22,29166.38,16503.72,1252.96,93.489
2017-12-15 00:00:00,2675.81,21.036,3560.53,28848.11,17630.12,1256.44,93.932
2017-12-16 00:00:00,2675.81,21.036,3560.53,28848.11,17630.12,1256.44,93.932
2017-12-17 00:00:00,2675.81,21.036,3560.53,28848.11,19041.63,1256.44,93.932
2017-12-18 00:00:00,2690.16,20.475,3609.42,29050.41,18674.48,1262.26,93.695
2017-12-19 00:00:00,2681.47,20.122,3582.22,29253.66,16964.39,1261.7,93.441
2017-12-20 00:00:00,2679.25,20.336,3552.65,29234.09,16210.13,1265.57,93.313
2017-12-21 00:00:00,2684.57,20.016,3570.78,29367.06,15385.2,1266.6,93.278
2017-12-22 00:00:00,2683.34,19.675,3553.39,29578.01,14239.65,1274.16,93.347
2017-12-23 00:00:00,2683.34,19.675,3553.39,29578.01,14239.65,1274.16,93.347
2017-12-24 00:00:00,2683.34,19.675,3553.39,29578.01,13147.99,1274.16,93.347
2017-12-25 00:00:00,2683.34,19.675,3553.39,29578.01,13768.02,1274.16,93.267
2017-12-26 00:00:00,2680.5,19.675,3553.39,29578.01,15925.0,1283.1,93.257
2017-12-27 00:00:00,2682.62,19.167,3550.17,29597.66,15189.39,1287.18,93.025
2017-12-28 00:00:00,2687.54,19.711,3524.31,29863.71,13939.48,1295.04,92.602
2017-12-29 00:00:00,2673.61,19.625,3503.96,29919.15,14310.94,1302.8,92.124
2017-12-30 00:00:00,2673.61,19.625,3503.96,29919.15,14310.94,1302.8,92.124
2017-12-31 00:00:00,2673.61,19.625,3503.96,29919.15,14043.06,1302.8,92.124
2018-01-01 00:00:00,2673.61,19.625,3503.96,29919.15,13624.57,1302.8,92.24
2018-01-02 00:00:00,2695.81,19.428,3490.19,30515.31,14784.6,1317.56,91.872
2018-01-03 00:00:00,2713.06,19.31,3509.88,30560.95,15055.23,1313.21,92.162
2018-01-04 00:00:00,2723.99,19.2,3568.88,30736.48,14946.35,1323.01,91.853
2018-01-05 00:00:00,2743.15,18.927,3607.63,30814.64,16753.24,1319.59,91.949
2018-01-06 00:00:00,2743.15,18.927,3607.63,30814.64,16753.24,1319.59,91.949
2018-01-07 00:00:00,2743.15,18.927,3607.63,30814.64,16200.0,1319.59,91.949
2018-01-08 00:00:00,2747.71,19.059,3616.45,30899.53,14935.7,1320.4,92.358
2018-01-09 00:00:00,2751.29,19.446,3622.87,31011.41,14554.08,1312.85,92.528
2018-01-10 00:00:00,2748.23,19.512,3609.83,31073.72,14494.74,1316.89,92.332
2018-01-11 00:00:00,2767.56,19.332,3595.24,31120.39,13462.98,1322.44,91.852
2018-01-12 00:00:00,2786.24,19.854,3612.61,31412.54,13746.58,1337.64,90.974
2018-01-13 00:00:00,2786.24,19.854,3612.61,31412.54,13746.58,1337.64,90.974
2018-01-14 00:00:00,2786.24,19.854,3612.61,31412.54,13383.28,1337.64,90.974
2018-01-15 00:00:00,2786.24,19.175,3611.81,31338.87,13916.82,1339.99,90.974
2018-01-16 00:00:00,2776.42,18.999,3622.01,31904.75,10720.0,1338.41,90.393
2018-01-17 00:00:00,2802.56,18.465,3612.78,31983.41,11376.69,1326.84,90.541
2018-01-18 00:00:00,2798.03,18.3,3620.91,32121.94,11605.5,1327.03,90.498
2018-01-19 00:00:00,2810.3,18.177,3649.07,32254.89,11366.61,1331.84,90.572
2018-01-20 00:00:00,2810.3,18.177,3649.07,32254.89,11366.61,1331.84,90.572
2018-01-21 00:00:00,2810.3,18.177,3649.07,32254.89,11366.62,1331.84,90.572
2018-01-22 00:00:00,2832.97,18.539,3665.28,32393.41,10354.0,1333.92,90.401
2018-01-23 00:00:00,2839.13,18.234,3672.29,32930.7,10981.05,1341.21,90.124
2018-01-24 00:00:00,2837.54,17.862,3643.22,32958.69,11213.37,1358.46,89.206
2018-01-25 00:00:00,2839.25,17.781,3630.15,32654.45,11256.52,1348.26,89.391
2018-01-26 00:00:00,2872.87,17.853,3647.41,33154.12,10874.79,1349.12,89.067
2018-01-27 00:00:00,2872.87,17.853,3647.41,33154.12,10874.79,1349.12,89.067
2018-01-28 00:00:00,2872.87,17.853,3647.41,33154.12,11755.16,1349.12,89.067
2018-01-29 00:00:00,2853.53,17.486,3643.04,32966.89,11207.0,1340.33,89.308
2018-01-30 00:00:00,2822.43,17.351,3606.75,32607.29,10086.8,1338.59,89.16
2018-01-31 00:00:00,2823.81,17.95,3609.29,32887.27,9962.31,1345.14,89.133
2018-02-01 00:00:00,2821.98,18.25,3577.35,32642.09,9094.2,1348.79,88.671
2018-02-02 00:00:00,2762.13,18.185,3523.28,32601.78,8570.0,1333.39,89.195
2018-02-03 00:00:00,2762.13,18.185,3523.28,32601.78,8570.0,1333.39,89.195
2018-02-04 00:00:00,2762.13,18.185,3523.28,32601.78,8077.39,1333.39,89.195
2018-02-05 00:00:00,2648.94,17.624,3478.77,32245.22,7100.87,1339.67,89.554
2018-02-06 00:00:00,2695.14,17.857,3394.92,30595.42,7764.6,1324.16,89.585
2018-02-07 00:00:00,2681.66,18.262,3454.52,30323.2,8087.51,1318.39,90.255
2018-02-08 00:00:00,2581.0,17.898,3377.3,30451.27,8171.19,1318.76,90.229
2018-02-09 00:00:00,2619.55,17.901,3325.99,29507.42,8552.65,1316.65,90.442
2018-02-10 00:00:00,2619.55,17.901,3325.99,29507.42,8552.65,1316.65,90.442
2018-02-11 00:00:00,2619.55,17.901,3325.99,29507.42,8315.1,1316.65,90.442
2018-02-12 00:00:00,2656.0,17.955,3368.25,29459.63,8831.25,1322.7,90.208
2018-02-13 00:00:00,2662.94,18.31,3340.93,29839.53,8557.91,1329.55,89.703
2018-02-14 00:00:00,2698.63,18.153,3369.83,30515.6,9287.96,1350.73,89.121
2018-02-15 00:00:00,2731.2,17.775,3389.63,31115.43,9873.45,1353.67,88.593
2018-02-16 00:00:00,2732.22,18.204,3426.8,31115.43,10088.2,1346.96,89.1
2018-02-17 00:00:00,2732.22,18.204,3426.8,31115.43,10088.2,1346.96,89.1
2018-02-18 00:00:00,2732.22,18.204,3426.8,31115.43,10784.81,1346.96,89.1
2018-02-19 00:00:00,2732.22,19.181,3407.79,31115.43,11081.41,1346.46,89.1
2018-02-20 00:00:00,2716.26,19.888,3435.08,30873.63,11705.73,1329.19,89.716
2018-02-21 00:00:00,2701.33,19.806,3430.16,31431.89,10286.84,1324.63,90.0
2018-02-22 00:00:00,2703.96,19.928,3431.99,30965.68,9915.69,1332.05,89.736
2018-02-23 00:00:00,2747.3,20.71,3441.46,31267.17,9920.01,1328.71,89.883
2018-02-24 00:00:00,2747.3,20.71,3441.46,31267.17,9920.01,1328.71,89.883
2018-02-25 00:00:00,2747.3,20.71,3441.46,31267.17,9596.64,1328.71,89.883
2018-02-26 00:00:00,2779.6,18.602,3463.18,31498.6,10380.3,1333.68,89.853
2018-02-27 00:00:00,2744.28,19.185,3458.03,31268.66,10755.9,1318.36,90.355
2018-02-28 00:00:00,2713.83,17.35,3438.96,30844.72,10538.02,1318.31,90.613
2018-03-01 00:00:00,2677.67,17.542,3399.16,31044.25,10933.75,1317.03,90.324
2018-03-02 00:00:00,2691.25,17.925,3324.75,30583.45,11029.95,1322.75,89.935
2018-03-03 00:00:00,2691.25,17.925,3324.75,30583.45,11029.95,1322.75,89.935
2018-03-04 00:00:00,2691.25,17.925,3324.75,30583.45,11400.19,1322.75,89.935
2018-03-05 00:00:00,2720.94,17.54,3355.32,29886.39,11555.99,1320.11,90.08
2018-03-06 00:00:00,2728.12,17.811,3357.86,30510.73,10790.35,1334.56,89.618
2018-03-07 00:00:00,2726.8,17.803,3377.36,30196.92,9939.53,1325.57,89.637
2018-03-08 00:00:00,2738.97,18.28,3413.28,30654.52,9330.23,1321.99,90.179
2018-03-09 00:00:00,2786.57,18.937,3420.54,30996.21,9004.84,1323.93,90.093
2018-03-10 00:00:00,2786.57,18.937,3420.54,30996.21,9004.84,1323.93,90.093
2018-03-11 00:00:00,2786.57,18.937,3420.54,30996.21,9613.95,1323.93,90.093
2018-03-12 00:00:00,2783.02,19.825,3429.48,31594.33,9017.65,1323.1,89.895
2018-03-13 00:00:00,2765.31,19.595,3397.35,31601.45,9062.92,1326.51,89.664
2018-03-14 00:00:00,2749.48,18.411,3390.98,31435.01,8304.32,1324.85,89.704
2018-03-15 00:00:00,2747.33,18.92,3414.13,31541.1,8251.71,1316.1,90.139
2018-03-16 00:00:00,2752.01,18.679,3437.4,31501.97,8524.17,1314.24,90.233
2018-03-17 00:00:00,2752.01,18.679,3437.4,31501.97,8524.17,1314.24,90.233
2018-03-18 00:00:00,2752.01,18.679,3437.4,31501.97,7655.03,1314.24,90.233
2018-03-19 00:00:00,2712.92,18.737,3394.79,31513.76,8427.2,1316.85,89.765
2018-03-20 00:00:00,2716.94,19.163,3412.08,31549.93,8920.33,1311.31,90.371
2018-03-21 00:00:00,2711.93,19.375,3401.04,31414.52,8895.59,1332.24,89.783
2018-03-22 00:00:00,2643.69,19.019,3348.19,31071.05,8598.85,1329.03,89.857
2018-03-23 00:00:00,2588.26,18.453,3298.07,30309.29,8616.25,1347.33,89.436
2018-03-24 00:00:00,2588.26,18.453,3298.07,30309.29,8616.25,1347.33,89.436
2018-03-25 00:00:00,2588.26,18.453,3298.07,30309.29,8605.14,1347.33,89.436
2018-03-26 00:00:00,2658.55,17.979,3278.72,30548.77,7888.84,1353.5,89.027
2018-03-27 00:00:00,2612.62,18.493,3316.95,30790.83,7990.87,1345.05,89.372
2018-03-28 00:00:00,2605.0,18.393,3331.25,30022.53,7906.96,1325.01,90.058
2018-03-29 00:00:00,2640.87,18.206,3361.5,30093.38,7098.14,1325.5,90.151
2018-03-30 00:00:00,2640.87,18.206,3361.5,30093.38,6852.51,1325.48,89.974
2018-03-31 00:00:00,2640.87,18.206,3361.5,30093.38,6852.51,1325.48,89.974
2018-04-01 00:00:00,2640.87,18.206,3361.5,30093.38,6890.64,1325.48,89.974
2018-04-02 00:00:00,2581.88,18.206,3361.5,30093.38,6937.38,1341.29,90.052
2018-04-03 00:00:00,2614.45,18.05,3346.93,30180.1,7401.4,1332.74,90.2
2018-04-04 00:00:00,2644.69,18.193,3340.35,29518.69,6830.76,1333.19,90.142
2018-04-05 00:00:00,2662.84,18.155,3429.95,29518.69,6749.55,1326.57,90.46
2018-04-06 00:00:00,2604.47,18.159,3408.1,29844.94,6604.48,1333.03,90.108
2018-04-07 00:00:00,2604.47,18.159,3408.1,29844.94,6604.48,1333.03,90.108
2018-04-08 00:00:00,2604.47,18.159,3408.1,29844.94,6955.33,1333.03,90.108
2018-04-09 00:00:00,2613.16,18.639,3414.85,30229.58,6662.14,1336.35,89.838
2018-04-10 00:00:00,2656.87,18.855,3438.78,30728.74,6839.62,1339.64,89.587
2018-04-11 00:00:00,2642.19,19.295,3419.71,30897.71,6891.03,1353.38,89.568
2018-04-12 00:00:00,2663.99,19.222,3443.97,30831.28,7730.47,1334.94,89.751
2018-04-13 00:00:00,2656.3,19.6,3448.0,30808.38,7903.91,1346.2,89.8
2018-04-14 00:00:00,2656.3,19.6,3448.0,30808.38,7903.91,1346.2,89.8
2018-04-15 00:00:00,2656.3,19.6,3448.0,30808.38,8287.52,1346.2,89.8
2018-04-16 00:00:00,2677.84,19.44,3441.04,30315.59,7986.06,1345.93,89.425
2018-04-17 00:00:00,2706.39,19.084,3477.91,30062.75,7914.7,1347.52,89.516
2018-04-18 00:00:00,2708.64,19.35,3490.89,30284.25,8187.53,1349.41,89.623
2018-04-19 00:00:00,2693.13,19.764,3486.6,30708.44,8233.85,1345.53,89.94
2018-04-20 00:00:00,2670.14,19.774,3494.2,30418.33,8524.52,1336.36,90.316
2018-04-21 00:00:00,2670.14,19.774,3494.2,30418.33,8524.52,1336.36,90.316
2018-04-22 00:00:00,2670.14,19.774,3494.2,30418.33,8893.04,1336.36,90.316
2018-04-23 00:00:00,2670.29,19.942,3513.06,30254.4,8932.25,1324.83,90.946
2018-04-24 00:00:00,2634.56,19.684,3510.88,30636.24,9449.88,1330.35,90.766
2018-04-25 00:00:00,2639.4,19.871,3485.83,30328.15,9073.19,1323.13,91.172
2018-04-26 00:00:00,2666.94,20.168,3506.03,30007.68,9118.96,1316.8,91.561
2018-04-27 00:00:00,2669.91,20.248,3518.78,30280.67,8977.07,1324.0,91.542
2018-04-28 00:00:00,2669.91,20.248,3518.78,30280.67,8977.07,1324.0,91.542
2018-04-29 00:00:00,2669.91,20.248,3518.78,30280.67,9295.78,1324.0,91.542
2018-04-30 00:00:00,2648.05,20.604,3536.52,30808.45,9272.7,1315.39,91.841
2018-05-01 00:00:00,2654.8,20.16,3536.26,30808.45,9015.73,1303.85,92.449
2018-05-02 00:00:00,2635.67,19.876,3553.79,30723.88,9175.76,1304.96,92.512
2018-05-03 00:00:00,2629.73,19.896,3529.12,30313.37,9652.04,1312.06,92.414
2018-05-04 00:00:00,2663.42,20.4,3550.59,29926.5,9683.54,1314.5,92.566
2018-05-05 00:00:00,2663.42,20.4,3550.59,29926.5,9683.54,1314.5,92.566
2018-05-06 00:00:00,2663.42,20.4,3550.59,29926.5,9514.36,1314.5,92.566
2018-05-07 00:00:00,2672.63,20.65,3564.19,29994.26,9437.62,1314.21,92.749
2018-05-08 00:00:00,2671.92,20.677,3557.88,30402.81,9160.97,1314.63,93.12
2018-05-09 00:00:00,2697.79,20.837,3569.74,30536.14,9248.19,1312.72,93.04
2018-05-10 00:00:00,2723.07,20.89,3569.71,30809.22,9092.67,1321.6,92.65
2018-05-11 00:00:00,2727.72,21.242,3565.52,31122.06,8432.01,1319.3,92.537
2018-05-12 00:00:00,2727.72,21.242,3565.52,31122.06,8432.01,1319.3,92.537
2018-05-13 00:00:00,2727.72,21.242,3565.52,31122.06,8714.52,1319.3,92.537
2018-05-14 00:00:00,2730.13,21.597,3565.74,31541.08,8811.66,1313.5,92.587
2018-05-15 00:00:00,2711.45,21.692,3564.29,31152.03,8518.76,1290.53,93.219
2018-05-16 00:00:00,2722.46,21.575,3562.85,31110.2,8291.23,1290.73,93.392
2018-05-17 00:00:00,2720.13,22.242,3592.18,30942.15,8204.05,1290.79,93.469
2018-05-18 00:00:00,2712.97,22.053,3573.76,31047.91,8229.58,1293.04,93.637
2018-05-19 00:00:00,2712.97,22.053,3573.76,31047.91,8229.58,1293.04,93.637
2018-05-20 00:00:00,2712.97,22.053,3573.76,31047.91,8554.55,1293.04,93.637
2018-05-21 00:00:00,2733.01,22.316,3572.57,31234.35,8406.89,1292.6,93.677
2018-05-22 00:00:00,2724.44,22.968,3587.25,31234.35,8108.52,1291.14,93.609
2018-05-23 00:00:00,2733.29,22.754,3541.82,30665.64,7590.0,1293.41,94.003
2018-05-24 00:00:00,2727.76,22.743,3521.76,30760.41,7552.45,1304.63,93.775
2018-05-25 00:00:00,2721.33,21.918,3515.36,30588.04,7448.08,1302.25,94.253
2018-05-26 00:00:00,2721.33,21.918,3515.36,30588.04,7448.08,1302.25,94.253
2018-05-27 00:00:00,2721.33,21.918,3515.36,30588.04,7314.74,1302.25,94.253
2018-05-28 00:00:00,2721.33,21.956,3482.64,30792.26,7214.8,1299.04,94.418
2018-05-29 00:00:00,2689.86,22.79,3428.14,30484.58,7501.54,1298.77,94.82
2018-05-30 00:00:00,2724.01,23.087,3441.19,30056.79,7337.26,1301.38,94.069
2018-05-31 00:00:00,2705.27,22.6,3406.65,30468.56,7538.28,1298.51,93.979
2018-06-01 00:00:00,2734.62,21.755,3453.54,30492.91,7437.74,1293.4,94.156
2018-06-02 00:00:00,2734.62,21.755,3453.54,30492.91,7437.74,1293.4,94.156
2018-06-03 00:00:00,2734.62,21.755,3453.54,30492.91,7724.98,1293.4,94.156
2018-06-04 00:00:00,2746.87,21.947,3469.57,30997.98,7525.77,1292.02,94.038
2018-06-05 00:00:00,2748.8,21.475,3456.79,31093.45,7629.53,1296.4,93.876
2018-06-06 00:00:00,2772.35,21.311,3460.82,31259.1,7619.32,1296.4,93.614
2018-06-07 00:00:00,2770.37,21.65,3459.77,31512.63,7660.06,1297.18,93.435
2018-06-08 00:00:00,2779.03,21.536,3447.3,30958.21,7646.28,1298.17,93.535
2018-06-09 00:00:00,2779.03,21.536,3447.3,30958.21,7646.28,1298.17,93.535
2018-06-10 00:00:00,2779.03,21.536,3447.3,30958.21,6710.06,1298.17,93.535
2018-06-11 00:00:00,2782.0,21.339,3480.22,31063.7,6760.89,1300.49,93.608
2018-06-12 00:00:00,2786.85,21.79,3475.58,31103.06,6531.39,1295.97,93.818
2018-06-13 00:00:00,2775.63,22.389,3479.56,30725.15,6260.96,1299.31,93.544
2018-06-14 00:00:00,2782.49,22.488,3527.11,30440.17,6658.78,1302.25,94.879
2018-06-15 00:00:00,2779.66,21.76,3505.02,30309.49,6497.97,1278.94,94.788
2018-06-16 00:00:00,2779.66,21.76,3505.02,30309.49,6497.97,1278.94,94.788
2018-06-17 00:00:00,2779.66,21.76,3505.02,30309.49,6491.0,1278.94,94.788
2018-06-18 00:00:00,2773.75,22.175,3466.65,30309.49,6727.55,1278.32,94.756
2018-06-19 00:00:00,2762.59,21.702,3435.3,29468.15,6695.44,1274.66,95.013
2018-06-20 00:00:00,2767.32,21.492,3439.6,29696.17,6748.89,1267.86,95.124
2018-06-21 00:00:00,2749.76,21.572,3403.51,29296.05,6719.47,1267.19,94.862
2018-06-22 00:00:00,2754.88,21.682,3441.6,29338.7,6070.19,1270.56,94.52
2018-06-23 00:00:00,2754.88,21.682,3441.6,29338.7,6070.19,1270.56,94.52
2018-06-24 00:00:00,2754.88,21.682,3441.6,29338.7,6189.28,1270.56,94.52
2018-06-25 00:00:00,2717.07,21.594,3369.21,28961.39,6250.81,1265.64,94.289
2018-06-26 00:00:00,2723.06,21.461,3368.72,28881.4,6181.64,1259.04,94.676
2018-06-27 00:00:00,2699.63,22.039,3397.13,28356.26,6124.96,1252.35,95.29
2018-06-28 00:00:00,2716.31,21.96,3365.52,28497.32,6044.92,1248.25,95.312
2018-06-29 00:00:00,2718.37,21.87,3395.6,28955.11,5899.64,1252.6,94.47
2018-06-30 00:00:00,2718.37,21.87,3395.6,28955.11,5899.64,1252.6,94.47
2018-07-01 00:00:00,2718.37,21.87,3395.6,28955.11,6348.59,1252.6,94.47
2018-07-02 00:00:00,2726.71,22.2,3372.21,28955.11,6620.01,1242.04,94.871
2018-07-03 00:00:00,2713.22,22.282,3406.34,28545.57,6613.86,1252.73,94.591
2018-07-04 00:00:00,2713.22,22.251,3412.03,28241.67,6686.23,1254.99,94.531
2018-07-05 00:00:00,2736.61,22.463,3440.92,28182.09,6507.68,1257.91,94.395
2018-07-06 00:00:00,2759.82,22.356,3448.49,28315.62,6570.76,1255.48,93.963
2018-07-07 00:00:00,2759.82,22.356,3448.49,28315.62,6570.76,1255.48,93.963
2018-07-08 00:00:00,2759.82,22.356,3448.49,28315.62,6743.0,1255.48,93.963
2018-07-09 00:00:00,2784.17,22.732,3460.44,28688.5,6695.86,1257.68,94.077
2018-07-10 00:00:00,2793.84,22.731,3473.31,28682.25,6387.83,1255.54,94.158
2018-07-11 00:00:00,2774.02,22.58,3422.35,28311.69,6354.19,1241.96,94.719
2018-07-12 00:00:00,2798.29,21.971,3445.49,28480.83,6172.95,1247.39,94.827
2018-07-13 00:00:00,2801.31,22.264,3454.54,28525.44,6185.23,1244.32,94.677
2018-07-14 00:00:00,2801.31,22.264,3454.54,28525.44,6185.23,1244.32,94.677
2018-07-15 00:00:00,2801.31,22.264,3454.54,28525.44,6372.23,1244.32,94.677
2018-07-16 00:00:00,2798.43,22.022,3449.08,28539.66,6661.85,1240.93,94.511
2018-07-17 00:00:00,2809.55,21.852,3457.5,28181.68,7314.0,1227.54,94.985
2018-07-18 00:00:00,2815.62,22.138,3485.08,28117.42,7336.6,1227.51,95.085
2018-07-19 00:00:00,2804.49,22.153,3471.64,28010.86,7418.83,1222.97,95.164
2018-07-20 00:00:00,2801.83,21.874,3460.03,28224.48,7351.07,1229.53,94.476
2018-07-21 00:00:00,2801.83,21.874,3460.03,28224.48,7351.07,1229.53,94.476
2018-07-22 00:00:00,2801.83,21.874,3460.03,28224.48,7523.48,1229.53,94.476
2018-07-23 00:00:00,2806.98,22.028,3454.05,28256.12,7702.88,1224.5,94.632
2018-07-24 00:00:00,2820.4,22.097,3483.31,28662.57,8227.05,1224.52,94.613
2018-07-25 00:00:00,2846.07,22.172,3468.45,28920.9,8176.35,1231.63,94.233
2018-07-26 00:00:00,2837.44,22.113,3509.26,28781.14,8138.47,1222.69,94.785
2018-07-27 00:00:00,2818.82,21.892,3527.18,28804.28,8225.12,1224.22,94.669
2018-07-28 00:00:00,2818.82,21.892,3527.18,28804.28,8225.12,1224.22,94.669
2018-07-29 00:00:00,2818.82,21.892,3527.18,28804.28,8193.47,1224.22,94.669
2018-07-30 00:00:00,2802.6,22.059,3512.31,28733.13,8146.16,1221.45,94.348
2018-07-31 00:00:00,2816.29,22.113,3525.49,28583.01,7689.43,1224.15,94.554
2018-08-01 00:00:00,2813.36,21.932,3509.23,28340.74,7482.23,1215.96,94.661
2018-08-02 00:00:00,2827.22,21.936,3469.21,27714.56,7546.53,1207.83,95.17
2018-08-03 00:00:00,2840.35,22.261,3482.4,27676.32,7388.58,1214.9,95.161
2018-08-04 00:00:00,2840.35,22.261,3482.4,27676.32,7388.58,1214.9,95.161
2018-08-05 00:00:00,2840.35,22.261,3482.4,27676.32,7049.57,1214.9,95.161
2018-08-06 00:00:00,2850.4,22.5,3483.3,27819.56,6919.84,1207.64,95.358
2018-08-07 00:00:00,2858.45,22.611,3504.37,28248.88,6877.76,1210.97,95.186
2018-08-08 00:00:00,2857.7,22.599,3493.6,28359.14,6316.9,1213.88,95.092
2018-08-09 00:00:00,2853.58,22.713,3494.13,28607.3,6507.67,1212.47,95.504
2018-08-10 00:00:00,2833.28,22.881,3426.28,28366.62,6191.24,1210.57,96.357
2018-08-11 00:00:00,2833.28,22.881,3426.28,28366.62,6191.24,1210.57,96.357
2018-08-12 00:00:00,2833.28,22.881,3426.28,28366.62,6339.47,1210.57,96.357
2018-08-13 00:00:00,2821.93,23.5,3409.68,27936.57,6277.69,1193.5,96.391
2018-08-14 00:00:00,2839.96,23.724,3409.44,27752.93,6074.26,1194.09,96.731
2018-08-15 00:00:00,2818.37,23.519,3359.08,27323.59,6374.87,1174.85,96.696
2018-08-16 00:00:00,2840.69,23.833,3377.56,27100.06,6255.1,1174.16,96.645
2018-08-17 00:00:00,2850.13,24.153,3372.94,27213.41,6480.85,1184.25,96.101
2018-08-18 00:00:00,2850.13,24.153,3372.94,27213.41,6480.85,1184.25,96.101
2018-08-19 00:00:00,2850.13,24.153,3372.94,27213.41,6536.55,1184.25,96.101
2018-08-20 00:00:00,2857.05,24.179,3393.67,27598.02,6455.22,1190.48,95.9
2018-08-21 00:00:00,2862.96,24.406,3411.66,27752.79,6451.86,1195.99,95.256
2018-08-22 00:00:00,2861.82,24.448,3420.18,27927.58,6331.13,1195.8,95.146
2018-08-23 00:00:00,2856.98,24.76,3419.26,27790.46,6418.67,1185.56,95.666
2018-08-24 00:00:00,2874.69,24.975,3427.44,27671.87,6611.44,1205.35,95.146
2018-08-25 00:00:00,2874.69,24.975,3427.44,27671.87,6611.44,1205.35,95.146
2018-08-26 00:00:00,2874.69,24.975,3427.44,27671.87,6678.58,1205.35,95.146
2018-08-27 00:00:00,2896.74,25.411,3456.01,28271.27,6719.04,1211.38,94.779
2018-08-28 00:00:00,2897.52,25.36,3447.57,28351.62,7083.46,1201.0,94.72
2018-08-29 00:00:00,2914.04,25.868,3456.13,28416.44,7042.05,1206.6,94.6
2018-08-30 00:00:00,2901.13,26.13,3430.99,28164.05,6916.68,1199.98,94.723
2018-08-31 00:00:00,2901.52,25.837,3392.9,27888.55,7044.6,1201.15,95.14
2018-09-01 00:00:00,2901.52,25.837,3392.9,27888.55,7044.6,1201.15,95.14
2018-09-02 00:00:00,2901.52,25.837,3392.9,27888.55,7280.88,1201.15,95.14
2018-09-03 00:00:00,2901.52,26.239,3394.99,27712.54,7298.59,1201.27,95.14
2018-09-04 00:00:00,2896.72,26.712,3359.36,27973.34,7361.57,1191.52,95.439
2018-09-05 00:00:00,2888.6,27.019,3315.62,27243.85,6949.01,1196.73,95.184
2018-09-06 00:00:00,2878.05,27.454,3295.95,26974.82,6440.22,1199.98,95.021
2018-09-07 00:00:00,2871.68,27.989,3293.36,26973.47,6446.93,1196.93,95.365
2018-09-08 00:00:00,2871.68,27.989,3293.36,26973.47,6446.93,1196.93,95.365
2018-09-09 00:00:00,2871.68,27.989,3293.36,26973.47,6386.93,1196.93,95.365
2018-09-10 00:00:00,2877.13,29.125,3309.28,26613.42,6301.63,1195.88,95.15
2018-09-11 00:00:00,2887.89,28.782,3311.66,26422.55,6253.25,1198.59,95.249
2018-09-12 00:00:00,2888.92,27.494,3326.6,26345.04,6305.47,1206.24,94.799
2018-09-13 00:00:00,2904.18,26.808,3333.68,27014.49,6467.47,1201.47,94.518
2018-09-14 00:00:00,2904.98,26.929,3344.63,27286.41,6535.01,1194.85,94.927
2018-09-15 00:00:00,2904.98,26.929,3344.63,27286.41,6535.01,1194.85,94.927
2018-09-16 00:00:00,2904.98,26.929,3344.63,27286.41,6500.09,1194.85,94.927
2018-09-17 00:00:00,2888.8,28.077,3346.11,26932.85,6216.01,1201.46,94.496
2018-09-18 00:00:00,2904.31,27.41,3358.46,27084.66,6317.7,1198.36,94.64
2018-09-19 00:00:00,2907.95,28.322,3368.56,27407.37,6423.81,1204.04,94.537
2018-09-20 00:00:00,2930.75,28.591,3403.12,27477.67,6377.21,1207.18,93.912
2018-09-21 00:00:00,2929.67,28.724,3430.81,27953.58,6708.69,1200.04,94.22
2018-09-22 00:00:00,2929.67,28.724,3430.81,27953.58,6708.69,1200.04,94.22
2018-09-23 00:00:00,2929.67,28.724,3430.81,27953.58,6676.59,1200.04,94.22
2018-09-24 00:00:00,2919.37,29.244,3410.44,27499.39,6626.29,1199.03,94.185
2018-09-25 00:00:00,2915.56,29.232,3419.78,27499.39,6386.6,1201.22,94.133
2018-09-26 00:00:00,2905.97,28.262,3433.15,27816.87,6497.72,1194.44,94.193
2018-09-27 00:00:00,2914.0,27.577,3449.79,27715.67,6694.08,1182.83,94.894
2018-09-28 00:00:00,2913.98,27.329,3399.2,27788.52,6643.42,1190.88,95.132
2018-09-29 00:00:00,2913.98,27.329,3399.2,27788.52,6643.42,1190.88,95.132
2018-09-30 00:00:00,2913.98,27.329,3399.2,27788.52,6561.3,1190.88,95.132
2018-10-01 00:00:00,2924.59,27.443,3414.16,27788.52,6550.06,1188.99,95.298
2018-10-02 00:00:00,2923.43,27.257,3388.99,27126.38,6524.3,1203.32,95.507
2018-10-03 00:00:00,2925.51,27.114,3405.48,27091.26,6438.41,1197.35,95.762
2018-10-04 00:00:00,2901.61,27.471,3375.08,26623.87,6546.01,1199.92,95.751
2018-10-05 00:00:00,2885.57,27.902,3345.51,26572.57,6539.04,1203.63,95.624
2018-10-06 00:00:00,2885.57,27.902,3345.51,26572.57,6539.04,1203.63,95.624
2018-10-07 00:00:00,2885.57,27.902,3345.51,26572.57,6532.65,1203.63,95.624
2018-10-08 00:00:00,2884.43,27.218,3309.72,26202.57,6623.01,1188.08,95.761
2018-10-09 00:00:00,2880.34,26.835,3321.79,26172.91,6579.83,1189.77,95.668
2018-10-10 00:00:00,2785.68,26.22,3266.9,26193.07,6534.38,1194.79,95.508
2018-10-11 00:00:00,2728.37,25.759,3209.19,25266.37,6204.33,1224.09,95.017
2018-10-12 00:00:00,2767.13,26.628,3194.41,25801.49,6214.23,1217.05,95.221
2018-10-13 00:00:00,2767.13,26.628,3194.41,25801.49,6214.23,1217.05,95.221
2018-10-14 00:00:00,2767.13,26.628,3194.41,25801.49,6217.26,1217.05,95.221
2018-10-15 00:00:00,2750.79,26.625,3210.37,25445.06,6390.7,1227.06,95.059
2018-10-16 00:00:00,2809.92,26.328,3257.34,25462.26,6460.39,1224.95,95.048
2018-10-17 00:00:00,2809.21,25.942,3243.08,25462.26,6437.85,1222.29,95.575
2018-10-18 00:00:00,2768.78,26.025,3211.59,25454.55,6392.22,1225.81,95.9
2018-10-19 00:00:00,2767.78,26.858,3210.82,25561.4,6384.37,1226.49,95.713
2018-10-20 00:00:00,2767.78,26.858,3210.82,25561.4,6384.37,1226.49,95.713
2018-10-21 00:00:00,2767.78,26.858,3210.82,25561.4,6438.3,1226.49,95.713
2018-10-22 00:00:00,2755.88,26.114,3190.09,26153.15,6413.52,1222.1,96.013
2018-10-23 00:00:00,2740.69,25.667,3140.94,25346.55,6390.78,1230.3,95.961
2018-10-24 00:00:00,2656.1,25.261,3130.33,25249.78,6425.61,1233.79,96.434
2018-10-25 00:00:00,2705.57,24.866,3164.4,24994.46,6400.44,1232.17,96.679
2018-10-26 00:00:00,2658.69,24.281,3134.89,24717.63,6401.99,1233.53,96.359
2018-10-27 00:00:00,2658.69,24.281,3134.89,24717.63,6401.99,1233.53,96.359
2018-10-28 00:00:00,2658.69,24.281,3134.89,24717.63,6395.61,1233.53,96.359
2018-10-29 00:00:00,2641.25,24.578,3154.93,24812.04,6243.46,1229.42,96.579
2018-10-30 00:00:00,2682.63,23.873,3147.13,24585.53,6265.27,1222.93,97.011
2018-10-31 00:00:00,2711.74,24.333,3197.51,24979.69,6302.4,1214.76,97.127
2018-11-01 00:00:00,2740.37,23.649,3204.21,25416.0,6335.36,1233.43,96.277
2018-11-02 00:00:00,2723.06,24.283,3214.41,26486.35,6351.1,1232.89,96.542
2018-11-03 00:00:00,2723.06,24.283,3214.41,26486.35,6351.1,1232.89,96.542
2018-11-04 00:00:00,2723.06,24.283,3214.41,26486.35,6413.12,1232.89,96.542
2018-11-05 00:00:00,2738.31,23.808,3217.37,25934.39,6400.96,1231.49,96.279
2018-11-06 00:00:00,2755.45,23.896,3207.42,26120.96,6420.95,1227.19,96.317
2018-11-07 00:00:00,2813.89,24.42,3246.16,26147.69,6501.65,1226.49,95.997
2018-11-08 00:00:00,2806.83,24.429,3237.6,26227.72,6419.5,1224.0,96.724
2018-11-09 00:00:00,2781.01,24.326,3229.49,25601.92,6326.2,1209.65,96.905
2018-11-10 00:00:00,2781.01,24.326,3229.49,25601.92,6326.2,1209.65,96.905
2018-11-11 00:00:00,2781.01,24.326,3229.49,25601.92,6314.2,1209.65,96.905
2018-11-12 00:00:00,2726.22,25.955,3194.08,25633.18,6309.96,1200.37,97.542
2018-11-13 00:00:00,2722.18,26.519,3224.82,25792.87,6280.74,1202.23,97.303
2018-11-14 00:00:00,2701.58,26.278,3205.36,25654.43,5551.06,1210.88,96.803
2018-11-15 00:00:00,2730.2,26.677,3190.31,26103.34,5469.65,1213.36,96.927
2018-11-16 00:00:00,2736.27,25.956,3180.74,26183.53,5451.72,1223.36,96.465
2018-11-17 00:00:00,2736.27,25.956,3180.74,26183.53,5451.72,1223.36,96.465
2018-11-18 00:00:00,2736.27,25.956,3180.74,26183.53,5543.73,1223.36,96.465
2018-11-19 00:00:00,2690.73,24.152,3160.33,26372.0,4785.55,1224.17,96.193
2018-11-20 00:00:00,2641.89,24.352,3116.07,25840.34,4337.68,1221.66,96.836
2018-11-21 00:00:00,2649.93,24.5,3153.91,25971.47,4450.42,1226.04,96.712
2018-11-22 00:00:00,2649.93,24.71,3126.67,26019.41,4427.83,1228.64,96.712
2018-11-23 00:00:00,2632.56,24.819,3137.21,25927.68,4260.57,1223.05,96.916
2018-11-24 00:00:00,2632.56,24.819,3137.21,25927.68,4260.57,1223.05,96.916
2018-11-25 00:00:00,2632.56,24.819,3137.21,25927.68,4048.03,1223.05,96.916
2018-11-26 00:00:00,2673.45,24.543,3172.71,26376.18,3663.84,1222.4,97.074
2018-11-27 00:00:00,2682.17,25.159,3166.42,26331.96,3767.37,1215.05,97.369
2018-11-28 00:00:00,2743.79,24.302,3168.29,26682.56,4221.02,1221.23,96.786
2018-11-29 00:00:00,2737.76,24.633,3174.16,26451.03,4183.59,1224.21,96.778
2018-11-30 00:00:00,2760.17,24.691,3173.13,26506.75,3930.38,1220.52,97.272
2018-12-01 00:00:00,2760.17,24.691,3173.13,26506.75,3930.38,1220.52,97.272
2018-12-02 00:00:00,2760.17,24.691,3173.13,26506.75,4148.09,1220.52,97.272
2018-12-03 00:00:00,2790.37,25.083,3214.99,27182.04,3870.97,1230.67,97.04
2018-12-04 00:00:00,2700.06,24.417,3189.25,27260.44,3898.03,1238.54,96.965
2018-12-05 00:00:00,2700.06,23.822,3150.27,26819.68,3723.53,1237.29,97.07
2018-12-06 00:00:00,2695.95,23.166,3045.94,26156.38,3596.41,1237.78,96.81
2018-12-07 00:00:00,2633.08,23.143,3058.53,26063.76,3388.91,1249.31,96.514
2018-12-08 00:00:00,2633.08,23.143,3058.53,26063.76,3388.91,1249.31,96.514
2018-12-09 00:00:00,2633.08,23.143,3058.53,26063.76,3526.26,1249.31,96.514
2018-12-10 00:00:00,2637.72,23.25,3016.99,25752.38,3400.92,1244.46,97.219
2018-12-11 00:00:00,2636.78,23.621,3055.32,25771.67,3373.78,1243.25,97.388
2018-12-12 00:00:00,2651.07,23.92,3107.97,26186.71,3440.18,1245.66,97.044
2018-12-13 00:00:00,2650.54,24.226,3112.17,26524.35,3254.81,1241.99,97.064
2018-12-14 00:00:00,2599.95,24.646,3092.6,26094.79,3156.89,1239.02,97.443
2018-12-15 00:00:00,2599.95,24.646,3092.6,26094.79,3156.89,1239.02,97.443
2018-12-16 00:00:00,2599.95,24.646,3092.6,26094.79,3203.6,1239.02,97.443
2018-12-17 00:00:00,2545.94,24.681,3063.65,26087.98,3493.65,1245.85,97.1
2018-12-18 00:00:00,2546.16,23.732,3040.13,25814.25,3535.18,1249.42,97.104
2018-12-19 00:00:00,2506.96,24.21,3051.38,25865.39,3668.85,1243.08,97.035
2018-12-20 00:00:00,2467.42,24.605,3000.06,25623.53,3993.58,1259.86,96.276
2018-12-21 00:00:00,2416.62,24.9,3000.61,25753.42,3848.6,1256.94,96.956
2018-12-22 00:00:00,2416.62,24.9,3000.61,25753.42,3848.6,1256.94,96.956
2018-12-23 00:00:00,2416.62,24.9,3000.61,25753.42,3949.83,1256.94,96.956
2018-12-24 00:00:00,2351.1,24.247,2973.78,25651.38,4063.94,1269.22,96.553
2018-12-25 00:00:00,2351.1,24.247,2973.78,25651.38,3789.31,1268.54,96.581
2018-12-26 00:00:00,2467.7,24.247,2973.78,25651.38,3775.48,1267.14,97.05
2018-12-27 00:00:00,2488.83,23.32,2937.36,25478.88,3585.43,1275.71,96.481
2018-12-28 00:00:00,2485.74,22.81,2986.53,25504.2,3892.14,1280.71,96.402
2018-12-29 00:00:00,2485.74,22.81,2986.53,25504.2,3892.14,1280.71,96.402
2018-12-30 00:00:00,2485.74,22.81,2986.53,25504.2,3821.31,1280.71,96.402
2018-12-31 00:00:00,2506.85,21.982,3001.42,25845.7,3674.18,1282.49,96.173
2019-01-01 00:00:00,2506.85,21.982,3001.42,25845.7,3720.6,1282.6,96.085
2019-01-02 00:00:00,2510.03,22.473,2993.18,25130.35,3884.98,1284.59,96.819
2019-01-03 00:00:00,2447.89,22.256,2954.66,25064.36,3794.92,1294.28,96.305
2019-01-04 00:00:00,2531.94,22.93,3041.85,25626.03,3833.53,1286.05,96.179
2019-01-05 00:00:00,2531.94,22.93,3041.85,25626.03,3833.53,1286.05,96.179
2019-01-06 00:00:00,2531.94,22.93,3041.85,25626.03,4031.29,1286.05,96.179
2019-01-07 00:00:00,2549.69,21.531,3033.64,25835.7,4005.34,1289.21,95.666
2019-01-08 00:00:00,2574.41,22.092,3054.94,25875.45,4000.42,1285.39,95.903
2019-01-09 00:00:00,2584.96,21.719,3070.24,26462.32,4003.99,1293.56,95.219
2019-01-10 00:00:00,2596.64,21.674,3075.73,26521.43,3630.86,1286.65,95.539
2019-01-11 00:00:00,2596.26,22.255,3070.04,26667.27,3649.22,1290.25,95.67
2019-01-12 00:00:00,2596.26,22.255,3070.04,26667.27,3649.22,1290.25,95.67
2019-01-13 00:00:00,2596.26,22.255,3070.04,26667.27,3516.03,1290.25,95.67
2019-01-14 00:00:00,2582.61,21.675,3055.18,26298.33,3663.59,1291.72,95.61
2019-01-15 00:00:00,2610.3,21.999,3068.05,26830.29,3568.48,1289.51,96.039
2019-01-16 00:00:00,2616.1,22.005,3077.22,26902.1,3603.49,1293.67,96.059
2019-01-17 00:00:00,2635.96,22.994,3069.35,26755.63,3624.82,1292.05,96.065
2019-01-18 00:00:00,2670.71,22.604,3134.92,27090.81,3612.39,1282.11,96.336
2019-01-19 00:00:00,2670.71,22.604,3134.92,27090.81,3612.39,1282.11,96.336
2019-01-20 00:00:00,2670.71,22.604,3134.92,27090.81,3538.45,1282.11,96.336
2019-01-21 00:00:00,2670.71,21.774,3125.07,27196.54,3521.04,1280.47,96.336
2019-01-22 00:00:00,2632.9,21.813,3112.8,27005.45,3574.52,1285.22,96.303
2019-01-23 00:00:00,2638.7,22.191,3112.13,27008.2,3544.51,1282.72,96.123
2019-01-24 00:00:00,2642.33,21.279,3126.31,27120.98,3570.93,1281.21,96.601
2019-01-25 00:00:00,2664.76,20.889,3163.24,27569.19,3558.51,1305.25,95.794
2019-01-26 00:00:00,2664.76,20.889,3163.24,27569.19,3558.51,1305.25,95.794
2019-01-27 00:00:00,2664.76,20.889,3163.24,27569.19,3541.27,1305.25,95.794
2019-01-28 00:00:00,2643.85,20.552,3137.27,27576.96,3417.04,1303.36,95.746
2019-01-29 00:00:00,2640.0,20.586,3153.42,27531.68,3401.14,1311.79,95.821
2019-01-30 00:00:00,2681.05,20.181,3161.74,27642.85,3432.64,1319.91,95.34
2019-01-31 00:00:00,2704.1,19.852,3159.43,27942.47,3417.04,1321.25,95.578
2019-02-01 00:00:00,2706.53,19.299,3171.12,27930.74,3448.51,1317.98,95.579
2019-02-02 00:00:00,2706.53,19.299,3171.12,27930.74,3448.51,1317.98,95.579
2019-02-03 00:00:00,2706.53,19.299,3171.12,27930.74,3395.68,1317.98,95.579
2019-02-04 00:00:00,2724.87,19.355,3165.2,27990.21,3417.03,1312.25,95.852
2019-02-05 00:00:00,2737.7,19.138,3215.04,27990.21,3422.6,1315.32,96.067
2019-02-06 00:00:00,2731.61,18.916,3212.75,27990.21,3366.32,1306.6,96.39
2019-02-07 00:00:00,2706.05,18.912,3150.76,27990.21,3358.91,1310.11,96.507
2019-02-08 00:00:00,2707.88,18.264,3135.62,27946.32,3594.91,1314.29,96.637
2019-02-09 00:00:00,2707.88,18.264,3135.62,27946.32,3594.91,1314.29,96.637
2019-02-10 00:00:00,2707.88,18.264,3135.62,27946.32,3605.5,1314.29,96.637
2019-02-11 00:00:00,2709.8,18.053,3165.61,28143.84,3591.59,1308.12,97.057
2019-02-12 00:00:00,2744.73,17.785,3190.75,28171.33,3576.31,1310.8,96.709
2019-02-13 00:00:00,2753.03,18.022,3202.37,28497.59,3571.42,1306.27,97.129
2019-02-14 00:00:00,2745.73,17.755,3182.66,28432.05,3570.02,1312.57,96.978
2019-02-15 00:00:00,2775.6,18.1,3241.25,27900.84,3564.79,1322.49,96.904
2019-02-16 00:00:00,2775.6,18.1,3241.25,27900.84,3564.79,1322.49,96.904
2019-02-17 00:00:00,2775.6,18.1,3241.25,27900.84,3585.56,1322.49,96.904
2019-02-18 00:00:00,2775.6,17.429,3244.79,28347.01,3852.25,1326.89,96.904
2019-02-19 00:00:00,2779.76,17.703,3239.41,28228.13,3887.89,1340.94,96.52
2019-02-20 00:00:00,2784.7,18.144,3259.49,28514.05,3912.98,1338.44,96.454
2019-02-21 00:00:00,2774.88,17.521,3263.7,28629.92,3897.72,1323.63,96.605
2019-02-22 00:00:00,2792.67,17.231,3270.55,28816.3,3941.75,1329.4,96.507
2019-02-23 00:00:00,2792.67,17.231,3270.55,28816.3,3941.75,1329.4,96.507
2019-02-24 00:00:00,2792.67,17.231,3270.55,28816.3,3787.61,1329.4,96.507
2019-02-25 00:00:00,2796.11,16.946,3280.01,28959.3,3805.67,1327.58,96.413
2019-02-26 00:00:00,2793.9,17.044,3289.32,28772.06,3790.19,1328.96,96.003
2019-02-27 00:00:00,2792.38,17.617,3282.77,28757.44,3749.38,1319.86,96.154
2019-02-28 00:00:00,2784.49,17.814,3298.26,28633.18,3802.53,1313.32,96.157
2019-03-01 00:00:00,2803.69,17.321,3312.1,28812.17,3828.22,1293.44,96.527
2019-03-02 00:00:00,2803.69,17.321,3312.1,28812.17,3828.22,1293.44,96.527
2019-03-03 00:00:00,2803.69,17.321,3312.1,28812.17,3788.98,1293.44,96.527
2019-03-04 00:00:00,2792.81,17.4,3317.12,28959.59,3699.76,1286.74,96.682
2019-03-05 00:00:00,2789.65,17.181,3327.19,28961.6,3833.97,1288.01,96.866
2019-03-06 00:00:00,2771.45,16.851,3324.67,29037.6,3845.71,1286.36,96.873
2019-03-07 00:00:00,2748.93,16.868,3308.85,28779.45,3871.42,1285.61,97.667
2019-03-08 00:00:00,2743.07,16.729,3283.6,28228.42,3868.84,1298.3,97.306
2019-03-09 00:00:00,2743.07,16.729,3283.6,28228.42,3868.84,1298.3,97.306
2019-03-10 00:00:00,2743.07,16.729,3283.6,28228.42,3896.7,1298.3,97.306
2019-03-11 00:00:00,2783.3,16.623,3304.44,28503.3,3847.91,1293.35,97.215
2019-03-12 00:00:00,2791.52,16.209,3303.95,28920.87,3865.41,1301.58,96.935
2019-03-13 00:00:00,2810.92,15.725,3323.45,28807.45,3852.32,1309.12,96.55
2019-03-14 00:00:00,2808.48,15.603,3342.03,28851.39,3851.57,1296.17,96.785
2019-03-15 00:00:00,2822.48,15.252,3386.08,29012.26,3897.41,1302.4,96.595
2019-03-16 00:00:00,2822.48,15.252,3386.08,29012.26,3897.41,1302.4,96.595
2019-03-17 00:00:00,2822.48,15.252,3386.08,29012.26,3975.48,1302.4,96.595
2019-03-18 00:00:00,2832.94,14.98,3387.94,29409.01,3971.19,1303.71,96.524
2019-03-19 00:00:00,2832.57,15.003,3409.0,29466.28,3991.47,1306.56,96.383
2019-03-20 00:00:00,2824.23,15.213,3372.38,29320.97,4009.47,1312.53,95.761
2019-03-21 00:00:00,2854.88,14.563,3367.4,29071.56,3973.24,1309.36,96.495
2019-03-22 00:00:00,2800.71,14.454,3305.73,29113.36,3977.74,1313.68,96.651
2019-03-23 00:00:00,2800.71,14.454,3305.73,29113.36,3977.74,1313.68,96.651
2019-03-24 00:00:00,2800.71,14.454,3305.73,29113.36,3958.02,1313.68,96.651
2019-03-25 00:00:00,2798.36,14.185,3300.48,28523.35,3887.56,1321.9,96.566
2019-03-26 00:00:00,2818.46,14.384,3319.53,28566.91,3912.6,1315.71,96.736
2019-03-27 00:00:00,2805.37,14.994,3322.04,28728.25,4008.98,1309.55,96.774
2019-03-28 00:00:00,2815.44,14.428,3320.29,28775.21,4010.76,1290.42,97.202
2019-03-29 00:00:00,2834.4,14.213,3351.71,29051.36,4072.16,1292.38,97.284
2019-03-30 00:00:00,2834.4,14.213,3351.71,29051.36,4072.16,1292.38,97.284
2019-03-31 00:00:00,2834.4,14.213,3351.71,29051.36,4092.97,1292.38,97.284
2019-04-01 00:00:00,2867.19,13.844,3385.38,29562.02,4126.69,1287.72,97.232
2019-04-02 00:00:00,2867.24,13.457,3395.7,29624.67,4802.47,1292.46,97.361
2019-04-03 00:00:00,2873.4,14.189,3435.56,29986.39,5296.0,1289.93,97.091
2019-04-04 00:00:00,2879.39,14.807,3441.93,29936.32,4847.05,1292.21,97.308
2019-04-05 00:00:00,2892.74,16.633,3447.47,29936.32,4999.01,1291.76,97.395
2019-04-06 00:00:00,2892.74,16.633,3447.47,29936.32,4999.01,1291.76,97.395
2019-04-07 00:00:00,2892.74,16.633,3447.47,29936.32,5142.94,1291.76,97.395
2019-04-08 00:00:00,2895.77,15.964,3438.06,30077.15,5252.89,1297.48,97.05
2019-04-09 00:00:00,2878.2,16.757,3417.22,30157.49,5220.08,1304.1,97.006
2019-04-10 00:00:00,2888.21,15.73,3424.65,30119.56,5302.92,1307.99,96.946
2019-04-11 00:00:00,2888.32,15.995,3435.34,29839.45,5054.03,1292.52,97.177
2019-04-12 00:00:00,2907.41,15.853,3447.83,29909.76,5042.54,1290.43,96.972
2019-04-13 00:00:00,2907.41,15.853,3447.83,29909.76,5042.54,1290.43,96.972
2019-04-14 00:00:00,2907.41,15.853,3447.83,29909.76,5089.29,1290.43,96.972
2019-04-15 00:00:00,2905.58,15.012,3450.46,29810.72,5021.53,1287.95,96.942
2019-04-16 00:00:00,2907.06,14.836,3463.36,30129.87,5185.02,1276.79,97.043
2019-04-17 00:00:00,2900.45,15.195,3477.73,30124.68,5221.26,1273.98,97.009
2019-04-18 00:00:00,2905.03,14.462,3499.23,29963.26,5308.57,1275.82,97.474
2019-04-19 00:00:00,2905.03,14.462,3499.23,29963.26,5269.97,1275.52,97.378
2019-04-20 00:00:00,2905.03,14.462,3499.23,29963.26,5269.97,1275.52,97.378
2019-04-21 00:00:00,2905.03,14.462,3499.23,29963.26,5239.36,1275.52,97.378
2019-04-22 00:00:00,2907.97,14.462,3499.23,29963.26,5365.89,1274.99,97.287
2019-04-23 00:00:00,2933.68,14.422,3503.85,29963.24,5580.07,1272.42,97.636
2019-04-24 00:00:00,2927.25,14.264,3502.63,29805.83,5435.81,1275.76,98.173
2019-04-25 00:00:00,2926.17,14.535,3491.92,29549.8,5495.18,1277.17,98.203
2019-04-26 00:00:00,2939.88,14.423,3500.41,29605.01,5097.52,1286.16,98.006
2019-04-27 00:00:00,2939.88,14.423,3500.41,29605.01,5097.52,1286.16,98.006
2019-04-28 00:00:00,2939.88,14.423,3500.41,29605.01,5129.43,1286.16,98.006
2019-04-29 00:00:00,2943.03,14.525,3501.94,29892.81,5129.68,1279.9,97.857
2019-04-30 00:00:00,2945.83,14.389,3514.62,29699.11,5237.87,1283.53,97.479
2019-05-01 00:00:00,2923.73,14.056,3514.62,29699.11,5307.8,1276.76,97.686
2019-05-02 00:00:00,2917.52,14.366,3488.93,29944.18,5405.46,1270.69,97.832
2019-05-03 00:00:00,2945.64,14.566,3502.48,30081.55,5689.05,1279.11,97.52
2019-05-04 00:00:00,2945.64,14.566,3502.48,30081.55,5689.05,1279.11,97.52
2019-05-05 00:00:00,2945.64,14.566,3502.48,30081.55,5767.57,1279.11,97.52
2019-05-06 00:00:00,2932.47,14.335,3462.95,29209.82,5693.95,1281.1,97.515
2019-05-07 00:00:00,2884.05,14.155,3401.16,29363.02,5844.63,1284.43,97.628
2019-05-08 00:00:00,2879.42,14.322,3417.26,29003.2,5900.67,1280.88,97.623
2019-05-09 00:00:00,2870.72,14.457,3350.71,28311.07,6080.72,1284.08,97.373
2019-05-10 00:00:00,2881.4,13.997,3361.05,28550.24,6291.33,1286.05,97.33
2019-05-11 00:00:00,2881.4,13.997,3361.05,28550.24,6291.33,1286.05,97.33
2019-05-12 00:00:00,2881.4,13.997,3361.05,28550.24,7172.67,1286.05,97.33
2019-05-13 00:00:00,2811.87,13.761,3320.78,28550.24,7864.38,1299.91,97.319
2019-05-14 00:00:00,2834.41,13.783,3364.38,28122.02,7719.93,1296.92,97.526
2019-05-15 00:00:00,2850.96,13.856,3385.78,28268.71,8171.07,1296.49,97.569
2019-05-16 00:00:00,2876.32,13.385,3438.56,28275.07,7676.51,1286.72,97.855
2019-05-17 00:00:00,2859.53,12.856,3425.64,27946.46,7106.31,1277.53,97.995
2019-05-18 00:00:00,2859.53,12.856,3425.64,27946.46,7106.31,1277.53,97.995
2019-05-19 00:00:00,2859.53,12.856,3425.64,27946.46,8027.46,1277.53,97.995
2019-05-20 00:00:00,2840.23,12.903,3369.78,27787.61,8006.98,1277.82,97.933
2019-05-21 00:00:00,2864.36,12.705,3386.51,27657.24,8086.18,1274.68,98.062
2019-05-22 00:00:00,2856.27,12.649,3386.72,27705.94,7832.46,1273.34,98.041
2019-05-23 00:00:00,2822.24,12.595,3327.2,27267.13,7878.46,1283.45,97.856
2019-05-24 00:00:00,2826.06,12.249,3350.7,27353.93,8112.36,1284.93,97.613
2019-05-25 00:00:00,2826.06,12.249,3350.7,27353.93,8112.36,1284.93,97.613
2019-05-26 00:00:00,2826.06,12.249,3350.7,27353.93,8582.04,1284.93,97.613
2019-05-27 00:00:00,2826.06,12.162,3364.04,27288.09,8754.64,1285.36,97.613
2019-05-28 00:00:00,2802.39,12.518,3348.86,27390.81,8687.79,1279.33,97.952
2019-05-29 00:00:00,2783.02,12.223,3297.81,27235.71,8646.35,1279.78,98.144
2019-05-30 00:00:00,2788.86,11.476,3318.15,27114.88,8463.48,1288.65,98.142
2019-05-31 00:00:00,2752.06,11.205,3280.43,26901.09,8503.38,1305.58,97.75
2019-06-01 00:00:00,2752.06,11.205,3280.43,26901.09,8503.38,1305.58,97.75
2019-06-02 00:00:00,2752.06,11.205,3280.43,26901.09,8687.43,1305.58,97.75
2019-06-03 00:00:00,2744.45,11.1,3300.22,26893.86,8556.11,1325.31,97.142
2019-06-04 00:00:00,2803.27,11.91,3333.49,26761.52,7651.38,1325.52,97.072
2019-06-05 00:00:00,2826.15,11.601,3339.95,26895.44,7732.88,1330.32,97.32
2019-06-06 00:00:00,2843.49,11.103,3338.41,26965.28,7690.61,1335.33,97.044
2019-06-07 00:00:00,2873.34,11.52,3378.38,26965.28,7898.63,1340.86,96.544
2019-06-08 00:00:00,2873.34,11.52,3378.38,26965.28,7898.63,1340.86,96.544
2019-06-09 00:00:00,2873.34,11.52,3378.38,26965.28,7718.88,1340.86,96.544
2019-06-10 00:00:00,2886.73,11.804,3386.45,27578.64,7943.46,1327.98,96.761
2019-06-11 00:00:00,2885.72,11.202,3401.1,27789.34,7926.36,1326.84,96.686
2019-06-12 00:00:00,2879.84,11.142,3386.63,27308.46,8120.45,1333.58,97.0
2019-06-13 00:00:00,2891.64,11.395,3390.5,27294.71,8261.05,1342.31,97.013
2019-06-14 00:00:00,2886.98,11.319,3379.19,27118.35,8452.83,1341.7,97.572
2019-06-15 00:00:00,2886.98,11.319,3379.19,27118.35,8452.83,1341.7,97.572
2019-06-16 00:00:00,2886.98,11.319,3379.19,27118.35,8932.64,1341.7,97.572
2019-06-17 00:00:00,2889.67,11.572,3383.21,27227.16,9273.06,1339.66,97.558
2019-06-18 00:00:00,2917.75,11.034,3452.89,27498.77,9125.34,1346.61,97.644
2019-06-19 00:00:00,2926.46,10.484,3454.7,28202.14,9167.27,1360.38,97.117
2019-06-20 00:00:00,2954.18,10.148,3468.08,28550.43,9562.66,1388.44,96.629
2019-06-21 00:00:00,2950.46,10.355,3466.92,28473.71,9939.81,1399.63,96.22
2019-06-22 00:00:00,2950.46,10.355,3466.92,28473.71,9939.81,1399.63,96.22
2019-06-23 00:00:00,2950.46,10.355,3466.92,28473.71,11028.76,1399.63,96.22
2019-06-24 00:00:00,2945.35,10.198,3455.57,28513.0,10856.69,1419.72,95.98
2019-06-25 00:00:00,2917.38,9.847,3444.36,28185.98,11366.24,1423.44,96.14
2019-06-26 00:00:00,2913.78,9.62,3442.95,28221.98,12733.71,1409.0,96.214
2019-06-27 00:00:00,2924.92,9.376,3442.38,28621.42,10686.14,1409.78,96.194
2019-06-28 00:00:00,2941.76,10.117,3473.69,28542.62,12212.7,1409.55,96.13
2019-06-29 00:00:00,2941.76,10.117,3473.69,28542.62,12212.7,1409.55,96.13
2019-06-30 00:00:00,2941.76,10.117,3473.69,28542.62,11392.98,1409.55,96.13
2019-07-01 00:00:00,2964.33,10.365,3497.59,28542.62,10481.86,1384.19,96.844
2019-07-02 00:00:00,2973.01,10.227,3507.98,28875.56,10714.88,1418.65,96.726
2019-07-03 00:00:00,2995.82,10.294,3540.63,28855.14,11378.23,1418.78,96.768
2019-07-04 00:00:00,2995.82,10.546,3544.15,28795.77,11721.74,1416.08,96.768
2019-07-05 00:00:00,2990.41,11.216,3527.98,28774.83,11034.0,1399.45,97.286
2019-07-06 00:00:00,2990.41,11.216,3527.98,28774.83,11034.0,1399.45,97.286
2019-07-07 00:00:00,2990.41,11.216,3527.98,28774.83,11507.39,1399.45,97.286
2019-07-08 00:00:00,2975.95,11.878,3523.76,28331.69,12207.1,1395.53,97.384
2019-07-09 00:00:00,2979.63,11.758,3509.75,28116.28,12401.88,1397.61,97.489
2019-07-10 00:00:00,2993.07,12.133,3501.52,28204.69,11778.8,1419.02,97.104
2019-07-11 00:00:00,2999.91,13.129,3496.73,28431.8,11146.07,1403.81,97.05
2019-07-12 00:00:00,3013.77,13.278,3497.63,28471.62,11907.36,1415.75,96.81
2019-07-13 00:00:00,3013.77,13.278,3497.63,28471.62,11907.36,1415.75,96.81
2019-07-14 00:00:00,3013.77,13.278,3497.63,28471.62,10641.23,1415.75,96.81
2019-07-15 00:00:00,3014.3,12.893,3502.22,28554.88,10821.99,1414.13,96.933
2019-07-16 00:00:00,3004.04,11.415,3521.36,28619.62,9595.05,1406.23,97.395
2019-07-17 00:00:00,2984.42,10.988,3501.58,28593.17,9686.99,1426.57,97.223
2019-07-18 00:00:00,2995.11,10.736,3482.83,28461.66,10616.88,1446.1,96.794
2019-07-19 00:00:00,2976.61,10.813,3480.18,28765.4,10529.52,1425.37,97.151
2019-07-20 00:00:00,2976.61,10.813,3480.18,28765.4,10529.52,1425.37,97.151
2019-07-21 00:00:00,2976.61,10.813,3480.18,28765.4,10504.08,1425.37,97.151
2019-07-22 00:00:00,2985.03,10.16,3489.92,28371.26,10322.33,1424.88,97.257
2019-07-23 00:00:00,3005.47,10.749,3532.87,28466.48,10147.93,1417.83,97.705
2019-07-24 00:00:00,3019.56,10.073,3532.9,28524.04,9671.71,1425.86,97.729
2019-07-25 00:00:00,3003.67,10.023,3510.15,28594.3,9874.05,1414.58,97.818
2019-07-26 00:00:00,3025.86,9.964,3524.47,28397.74,9834.23,1418.9,98.01
2019-07-27 00:00:00,3025.86,9.964,3524.47,28397.74,9834.23,1418.9,98.01
2019-07-28 00:00:00,3025.86,9.964,3524.47,28397.74,9512.33,1418.9,98.01
2019-07-29 00:00:00,3020.97,9.811,3523.58,28106.41,9516.61,1426.8,98.044
2019-07-30 00:00:00,3013.18,9.791,3462.85,28146.5,9541.65,1430.88,98.05
2019-07-31 00:00:00,2980.38,10.998,3466.85,27777.75,10026.61,1413.78,98.516
2019-08-01 00:00:00,2953.56,12.361,3490.03,27565.7,10411.97,1445.18,98.369
2019-08-02 00:00:00,2932.05,12.013,3376.12,26918.58,10399.38,1440.83,98.074
2019-08-03 00:00:00,2932.05,12.013,3376.12,26918.58,10399.38,1440.83,98.074
2019-08-04 00:00:00,2932.05,12.013,3376.12,26918.58,10945.5,1440.83,98.074
2019-08-05 00:00:00,2844.74,11.465,3310.93,26151.32,11723.69,1463.7,97.522
2019-08-06 00:00:00,2881.77,10.952,3291.66,25976.24,11643.41,1474.42,97.63
2019-08-07 00:00:00,2883.98,11.412,3309.99,25997.03,11863.77,1501.16,97.544
2019-08-08 00:00:00,2938.09,12.075,3375.38,26120.77,11595.78,1500.95,97.618
2019-08-09 00:00:00,2918.65,12.024,3333.74,25939.3,11864.63,1496.95,97.491
2019-08-10 00:00:00,2918.65,12.024,3333.74,25939.3,11864.63,1496.95,97.491
2019-08-11 00:00:00,2918.65,12.024,3333.74,25939.3,11409.65,1496.95,97.491
2019-08-12 00:00:00,2883.75,11.42,3326.55,25824.72,11418.31,1511.16,97.38
2019-08-13 00:00:00,2926.32,11.859,3357.16,25281.3,10882.13,1501.51,97.812
2019-08-14 00:00:00,2840.6,11.18,3288.7,25302.28,10171.6,1516.36,97.987
2019-08-15 00:00:00,2847.6,11.223,3282.78,25495.46,10372.72,1523.29,98.144
2019-08-16 00:00:00,2888.68,10.955,3329.08,25734.22,10395.4,1513.52,98.142
2019-08-17 00:00:00,2888.68,10.955,3329.08,25734.22,10395.4,1513.52,98.142
2019-08-18 00:00:00,2888.68,10.955,3329.08,25734.22,10363.71,1513.52,98.142
2019-08-19 00:00:00,2923.65,10.786,3369.19,26291.84,10678.85,1495.92,98.347
2019-08-20 00:00:00,2900.51,11.217,3350.23,26231.54,10706.71,1507.2,98.19
2019-08-21 00:00:00,2924.43,11.414,3394.89,26270.04,10155.19,1502.65,98.295
2019-08-22 00:00:00,2922.95,10.991,3373.67,26048.72,10182.76,1498.06,98.17
2019-08-23 00:00:00,2847.11,10.583,3334.25,26179.33,10361.52,1526.96,97.64
2019-08-24 00:00:00,2847.11,10.583,3334.25,26179.33,10361.52,1526.96,97.64
2019-08-25 00:00:00,2847.11,10.583,3334.25,26179.33,9998.22,1526.96,97.64
2019-08-26 00:00:00,2878.38,10.313,3348.84,25680.33,10265.73,1527.31,98.081
2019-08-27 00:00:00,2869.16,10.07,3370.47,25664.07,10143.08,1542.81,97.999
2019-08-28 00:00:00,2887.94,10.236,3365.38,25615.48,9669.45,1539.01,98.21
2019-08-29 00:00:00,2924.58,10.716,3411.33,25703.5,9526.03,1527.63,98.507
2019-08-30 00:00:00,2926.46,12.797,3426.76,25724.73,9626.18,1520.38,98.916
2019-08-31 00:00:00,2926.46,12.797,3426.76,25724.73,9626.18,1520.38,98.916
2019-09-01 00:00:00,2926.46,12.797,3426.76,25724.73,9638.82,1520.38,98.916
2019-09-02 00:00:00,2926.46,11.848,3432.54,25626.55,10408.87,1529.29,98.916
2019-09-03 00:00:00,2906.27,12.098,3420.74,25527.85,10712.47,1547.1,99.0
2019-09-04 00:00:00,2937.78,11.958,3450.83,26523.23,10626.01,1552.55,98.451
2019-09-05 00:00:00,2976.0,12.236,3484.7,26515.53,10518.1,1519.05,98.414
2019-09-06 00:00:00,2978.71,12.351,3495.19,26690.76,10356.88,1506.82,98.394
2019-09-07 00:00:00,2978.71,12.351,3495.19,26690.76,10356.88,1506.82,98.394
2019-09-08 00:00:00,2978.71,12.351,3495.19,26690.76,10366.7,1506.82,98.394
2019-09-09 00:00:00,2978.43,12.236,3495.02,26681.4,10237.89,1499.13,98.281
2019-09-10 00:00:00,2979.39,14.404,3498.99,26683.68,10052.99,1485.78,98.326
2019-09-11 00:00:00,3000.93,14.355,3516.82,27159.06,10099.08,1497.2,98.645
2019-09-12 00:00:00,3009.57,14.463,3538.86,27087.63,10331.07,1499.26,98.309
2019-09-13 00:00:00,3007.39,14.711,3550.11,27352.69,10270.67,1488.53,98.257
2019-09-14 00:00:00,3007.39,14.711,3550.11,27352.69,10270.67,1488.53,98.257
2019-09-15 00:00:00,3007.39,14.711,3550.11,27352.69,10275.78,1488.53,98.257
2019-09-16 00:00:00,2997.96,15.334,3518.45,27124.55,10215.87,1498.43,98.61
2019-09-17 00:00:00,3005.7,13.441,3521.26,26790.24,10250.3,1501.38,98.261
2019-09-18 00:00:00,3006.73,12.434,3528.04,26754.12,10196.93,1494.0,98.561
2019-09-19 00:00:00,3006.79,12.255,3552.65,26468.95,10258.85,1499.03,98.272
2019-09-20 00:00:00,2992.07,12.711,3571.39,26435.67,10135.94,1516.9,98.513
2019-09-21 00:00:00,2992.07,12.711,3571.39,26435.67,10135.94,1516.9,98.513
2019-09-22 00:00:00,2992.07,12.711,3571.39,26435.67,10008.8,1516.9,98.513
2019-09-23 00:00:00,2991.78,12.243,3536.97,26222.4,9765.49,1522.24,98.599
2019-09-24 00:00:00,2966.6,12.339,3532.05,26281.0,8582.0,1531.87,98.337
2019-09-25 00:00:00,2984.87,11.949,3513.03,25945.35,8511.8,1504.05,99.037
2019-09-26 00:00:00,2977.62,12.044,3532.18,26041.93,8094.12,1504.78,99.132
2019-09-27 00:00:00,2961.79,11.939,3545.88,25954.81,8060.97,1497.01,99.109
2019-09-28 00:00:00,2961.79,11.939,3545.88,25954.81,8060.97,1497.01,99.109
2019-09-29 00:00:00,2961.79,11.939,3545.88,25954.81,8013.75,1497.01,99.109
2019-09-30 00:00:00,2976.74,16.392,3569.45,26092.27,8240.9,1472.49,99.377
2019-10-01 00:00:00,2940.25,16.762,3518.25,26092.27,8380.24,1479.14,99.128
2019-10-02 00:00:00,2887.61,16.004,3413.31,26042.69,8235.09,1499.45,99.019
2019-10-03 00:00:00,2910.63,16.008,3417.37,26110.31,8161.33,1505.19,98.864
2019-10-04 00:00:00,2952.01,15.769,3446.71,25821.03,8170.58,1504.66,98.808
2019-10-05 00:00:00,2952.01,15.769,3446.71,25821.03,8170.58,1504.66,98.808
2019-10-06 00:00:00,2952.01,15.769,3446.71,25821.03,7908.65,1504.66,98.808
2019-10-07 00:00:00,2938.79,15.507,3471.24,25821.03,8218.03,1493.5,98.967
2019-10-08 00:00:00,2893.06,15.64,3432.76,25893.4,8130.26,1505.51,99.133
2019-10-09 00:00:00,2919.4,15.573,3462.11,25682.81,8590.16,1505.57,99.118
2019-10-10 00:00:00,2938.13,15.85,3493.96,25707.93,8580.86,1493.99,98.701
2019-10-11 00:00:00,2970.27,16.136,3569.92,26308.44,8342.93,1489.01,98.301
2019-10-12 00:00:00,2970.27,16.136,3569.92,26308.44,8342.93,1489.01,98.301
2019-10-13 00:00:00,2970.27,16.136,3569.92,26308.44,8263.34,1489.01,98.301
2019-10-14 00:00:00,2966.15,16.04,3556.26,26521.85,8343.42,1493.21,98.454
2019-10-15 00:00:00,2995.68,16.065,3598.65,26503.93,8144.33,1481.01,98.288
2019-10-16 00:00:00,2989.69,16.073,3599.25,26664.28,7988.24,1490.13,98.002
2019-10-17 00:00:00,2997.95,16.027,3588.62,26848.49,8046.49,1491.87,97.607
2019-10-18 00:00:00,2986.2,15.967,3579.41,26719.58,7947.7,1490.05,97.282
2019-10-19 00:00:00,2986.2,15.967,3579.41,26719.58,7947.7,1490.05,97.282
2019-10-20 00:00:00,2986.2,15.967,3579.41,26719.58,8226.5,1490.05,97.282
2019-10-21 00:00:00,3006.72,15.61,3600.08,26725.68,8207.68,1484.5,97.328
2019-10-22 00:00:00,2995.99,15.596,3604.82,26786.2,8125.1,1487.68,97.526
2019-10-23 00:00:00,3004.52,15.415,3606.89,26566.73,7491.38,1492.12,97.491
2019-10-24 00:00:00,3010.29,15.656,3621.37,26797.95,7456.59,1503.98,97.631
2019-10-25 00:00:00,3022.55,15.235,3624.68,26667.39,8574.4,1504.63,97.831
2019-10-26 00:00:00,3022.55,15.235,3624.68,26667.39,8574.4,1504.63,97.831
2019-10-27 00:00:00,3022.55,15.235,3624.68,26667.39,9623.68,1504.63,97.831
2019-10-28 00:00:00,3039.42,14.391,3625.69,26891.26,9456.3,1492.51,97.764
2019-10-29 00:00:00,3036.89,13.833,3622.09,26786.76,9446.04,1487.72,97.69
2019-10-30 00:00:00,3046.77,13.779,3620.29,26667.71,9184.99,1495.66,97.646
2019-10-31 00:00:00,3037.56,16.133,3604.41,26906.72,9189.42,1512.99,97.352
2019-11-01 00:00:00,3066.91,16.177,3623.74,27100.76,9212.68,1514.34,97.239
2019-11-02 00:00:00,3066.91,16.177,3623.74,27100.76,9212.68,1514.34,97.239
2019-11-03 00:00:00,3066.91,16.177,3623.74,27100.76,9157.7,1514.34,97.239
2019-11-04 00:00:00,3078.27,16.478,3665.21,27547.3,9443.36,1509.82,97.505
2019-11-05 00:00:00,3074.62,16.789,3676.52,27683.4,9357.06,1483.61,97.983
2019-11-06 00:00:00,3076.78,16.281,3688.74,27688.64,9314.92,1490.57,97.952
2019-11-07 00:00:00,3085.18,16.118,3706.68,27847.23,9209.87,1468.48,98.143
2019-11-08 00:00:00,3093.08,15.942,3699.65,27651.14,8866.55,1459.0,98.353
2019-11-09 00:00:00,3093.08,15.942,3699.65,27651.14,8866.55,1459.0,98.353
2019-11-10 00:00:00,3093.08,15.942,3699.65,27651.14,9042.05,1459.0,98.353
2019-11-11 00:00:00,3087.01,15.845,3696.82,26926.55,8736.17,1455.86,98.2
2019-11-12 00:00:00,3091.84,15.546,3712.2,27065.28,8764.95,1456.32,98.309
2019-11-13 00:00:00,3094.04,15.451,3699.5,26571.46,8753.01,1463.58,98.373
2019-11-14 00:00:00,3096.63,15.669,3688.81,26323.69,8651.15,1471.4,98.163
2019-11-15 00:00:00,3120.46,15.713,3711.61,26326.66,8453.89,1468.21,97.999
2019-11-16 00:00:00,3120.46,15.713,3711.61,26326.66,8453.89,1468.21,97.999
2019-11-17 00:00:00,3120.46,15.713,3711.61,26326.66,8555.38,1468.21,97.999
2019-11-18 00:00:00,3122.03,15.229,3704.92,26681.09,8218.67,1471.51,97.794
2019-11-19 00:00:00,3120.18,15.292,3696.56,27093.8,8108.09,1472.46,97.856
2019-11-20 00:00:00,3108.46,15.588,3683.88,26889.61,8087.79,1471.61,97.934
2019-11-21 00:00:00,3103.54,15.624,3679.66,26466.88,7598.7,1464.41,97.993
2019-11-22 00:00:00,3110.29,16.048,3687.32,26595.08,7343.85,1461.93,98.27
2019-11-23 00:00:00,3110.29,16.048,3687.32,26595.08,7343.85,1461.93,98.27
2019-11-24 00:00:00,3110.29,16.048,3687.32,26595.08,7050.0,1461.93,98.27
2019-11-25 00:00:00,3133.64,16.237,3707.68,26993.04,7214.3,1455.26,98.323
2019-11-26 00:00:00,3140.52,15.849,3705.55,26913.92,7113.51,1461.39,98.252
2019-11-27 00:00:00,3153.63,15.98,3712.85,26954.0,7550.08,1454.44,98.37
2019-11-28 00:00:00,3153.63,15.649,3704.48,26893.73,7564.94,1456.27,98.37
2019-11-29 00:00:00,3140.98,16.33,3703.58,26346.49,7710.34,1463.98,98.273
2019-11-30 00:00:00,3140.98,16.33,3703.58,26346.49,7710.34,1463.98,98.273
2019-12-01 00:00:00,3140.98,16.33,3703.58,26346.49,7381.45,1463.98,98.273
2019-12-02 00:00:00,3113.87,15.81,3626.66,26444.72,7319.36,1462.44,97.856
2019-12-03 00:00:00,3093.2,15.771,3610.99,26391.3,7329.85,1477.61,97.737
2019-12-04 00:00:00,3112.76,15.882,3660.02,26062.56,7187.39,1474.59,97.648
2019-12-05 00:00:00,3117.43,15.415,3648.13,26217.04,7379.66,1476.0,97.41
2019-12-06 00:00:00,3145.91,15.141,3692.34,26498.37,7469.48,1460.17,97.7
2019-12-07 00:00:00,3145.91,15.141,3692.34,26498.37,7469.48,1460.17,97.7
2019-12-08 00:00:00,3145.91,15.141,3692.34,26498.37,7546.9,1460.17,97.7
2019-12-09 00:00:00,3135.96,14.888,3672.18,26494.73,7356.78,1461.68,97.644
2019-12-10 00:00:00,3132.52,14.532,3671.78,26436.62,7222.09,1464.39,97.413
2019-12-11 00:00:00,3141.63,14.047,3687.45,26645.43,7191.95,1474.88,97.078
2019-12-12 00:00:00,3168.57,14.768,3706.35,26994.14,7200.62,1469.8,97.397
2019-12-13 00:00:00,3168.8,13.804,3731.07,27687.76,7240.62,1476.33,97.172
2019-12-14 00:00:00,3168.8,13.804,3731.07,27687.76,7240.62,1476.33,97.172
2019-12-15 00:00:00,3168.8,13.804,3731.07,27687.76,7120.76,1476.33,97.172
2019-12-16 00:00:00,3191.45,13.89,3772.74,27508.09,6876.58,1476.18,97.019
2019-12-17 00:00:00,3192.52,14.461,3745.28,27843.71,6616.45,1476.22,97.222
2019-12-18 00:00:00,3191.14,14.951,3739.0,27884.21,7131.58,1475.4,97.4
2019-12-19 00:00:00,3205.37,15.007,3739.17,27800.49,7157.05,1478.8,97.379
2019-12-20 00:00:00,3221.22,14.235,3776.56,27871.35,7198.73,1478.22,97.69
2019-12-21 00:00:00,3221.22,14.235,3776.56,27871.35,7198.73,1478.22,97.69
2019-12-22 00:00:00,3221.22,14.235,3776.56,27871.35,7407.05,1478.22,97.69
2019-12-23 00:00:00,3224.01,13.027,3776.66,27906.41,7319.77,1485.79,97.658
2019-12-24 00:00:00,3223.38,12.607,3774.39,27864.21,7246.81,1499.41,97.654
2019-12-25 00:00:00,3223.38,12.607,3774.39,27864.21,7211.27,1499.84,97.632
2019-12-26 00:00:00,3239.91,12.607,3774.39,27864.21,7189.08,1511.53,97.534
2019-12-27 00:00:00,3240.02,12.767,3782.27,28225.42,7219.5,1510.56,96.919
2019-12-28 00:00:00,3240.02,12.767,3782.27,28225.42,7219.5,1510.56,96.919
2019-12-29 00:00:00,3240.02,12.767,3782.27,28225.42,7388.48,1510.56,96.919
2019-12-30 00:00:00,3221.29,12.293,3748.47,28319.39,7243.35,1515.16,96.74
2019-12-31 00:00:00,3230.78,12.051,3745.15,28189.75,7158.27,1517.27,96.389
2020-01-01 00:00:00,3230.78,12.051,3745.15,28189.75,7216.21,1517.29,96.445
2020-01-02 00:00:00,3257.85,12.073,3793.24,28543.52,6960.58,1529.13,96.846
2020-01-03 00:00:00,3234.85,12.985,3773.37,28451.5,7269.82,1552.2,96.838
2020-01-04 00:00:00,3234.85,12.985,3773.37,28451.5,7269.82,1552.2,96.838
2020-01-05 00:00:00,3234.85,12.985,3773.37,28451.5,7363.55,1552.2,96.838
2020-01-06 00:00:00,3246.28,12.28,3752.52,28226.19,7575.93,1565.74,96.671
2020-01-07 00:00:00,3237.18,11.929,3759.25,28322.06,8021.36,1574.37,97.005
2020-01-08 00:00:00,3253.05,11.964,3772.56,28087.92,8004.26,1556.42,97.299
2020-01-09 00:00:00,3274.7,12.179,3795.88,28561.0,7786.84,1552.32,97.45
2020-01-10 00:00:00,3265.35,11.94,3789.52,28638.2,8043.69,1562.34,97.356
2020-01-11 00:00:00,3265.35,11.94,3789.52,28638.2,8101.99,1562.34,97.356
2020-01-12 00:00:00,3265.35,11.94,3789.52,28638.2,8099.1,1562.34,97.356
2020-01-13 00:00:00,3288.13,12.054,3779.68,28954.94,8131.06,1547.88,97.345
2020-01-14 00:00:00,3283.15,11.303,3774.88,28885.14,8736.16,1546.39,97.372
2020-01-15 00:00:00,3289.29,11.179,3768.96,28773.59,8821.69,1556.25,97.229
2020-01-16 00:00:00,3316.81,11.117,3774.14,28883.04,8678.8,1552.51,97.32
2020-01-17 00:00:00,3329.62,10.929,3808.26,29056.42,8906.32,1557.24,97.606
2020-01-18 00:00:00,3329.62,10.929,3808.26,29056.42,8914.28,1557.24,97.606
2020-01-19 00:00:00,3329.62,10.929,3808.26,29056.42,8718.75,1557.24,97.606
2020-01-20 00:00:00,3329.62,10.566,3799.03,28795.91,8671.68,1560.77,97.606
2020-01-21 00:00:00,3320.79,10.777,3789.12,27985.33,8721.88,1558.17,97.531
2020-01-22 00:00:00,3321.75,10.455,3769.79,28341.04,8640.65,1558.78,97.527
2020-01-23 00:00:00,3325.54,10.428,3736.85,27909.12,8382.87,1562.94,97.693
2020-01-24 00:00:00,3295.47,10.455,3779.16,27949.64,8406.05,1571.53,97.853
2020-01-25 00:00:00,3295.47,10.455,3779.16,27949.64,8370.63,1571.53,97.853
2020-01-26 00:00:00,3295.47,10.455,3779.16,27949.64,8583.18,1571.53,97.853
2020-01-27 00:00:00,3243.63,10.526,3677.84,27949.64,8945.5,1582.06,97.956
2020-01-28 00:00:00,3276.24,10.792,3719.22,27949.64,9042.56,1567.17,98.018
2020-01-29 00:00:00,3273.4,10.15,3736.36,27160.63,9354.7,1576.83,97.991
2020-01-30 00:00:00,3283.66,9.781,3690.78,26449.13,9552.18,1574.28,97.867
2020-01-31 00:00:00,3225.52,9.755,3640.91,26312.63,9354.29,1589.16,97.39
2020-02-01 00:00:00,3225.52,9.755,3640.91,26312.63,9358.74,1589.16,97.39
2020-02-02 00:00:00,3225.52,9.755,3640.91,26312.63,9443.43,1589.16,97.39
2020-02-03 00:00:00,3248.92,9.211,3661.27,26356.98,9274.19,1576.73,97.8
2020-02-04 00:00:00,3297.59,9.366,3732.28,26675.98,9139.77,1552.92,97.961
2020-02-05 00:00:00,3334.69,9.313,3777.84,26786.74,9687.28,1556.02,98.301
2020-02-06 00:00:00,3345.78,9.149,3805.52,27493.7,9737.36,1566.66,98.496
2020-02-07 00:00:00,3327.71,9.068,3798.49,27404.27,9744.46,1570.44,98.684
2020-02-08 00:00:00,3327.71,9.068,3798.49,27404.27,9925.58,1570.44,98.684
2020-02-09 00:00:00,3327.71,9.068,3798.49,27404.27,10077.63,1570.44,98.684
2020-02-10 00:00:00,3352.09,8.643,3793.18,27241.34,9866.28,1572.15,98.832
2020-02-11 00:00:00,3357.75,8.557,3825.84,27583.88,10236.53,1567.89,98.721
2020-02-12 00:00:00,3379.45,8.722,3854.43,27823.66,10389.08,1566.06,99.049
2020-02-13 00:00:00,3373.94,8.889,3846.74,27730.0,10180.13,1576.0,99.067
2020-02-14 00:00:00,3380.16,8.879,3840.97,27815.6,10344.55,1584.06,99.124
2020-02-15 00:00:00,3380.16,8.879,3840.97,27815.6,9924.7,1584.06,99.124
2020-02-16 00:00:00,3380.16,8.879,3840.97,27815.6,9773.09,1584.06,99.124
2020-02-17 00:00:00,3380.16,9.312,3853.27,27959.6,9646.95,1581.13,99.003
2020-02-18 00:00:00,3370.29,9.38,3836.54,27530.2,10154.96,1601.61,99.44
2020-02-19 00:00:00,3386.15,9.572,3865.18,27655.81,9612.05,1611.7,99.705
2020-02-20 00:00:00,3373.23,9.567,3822.98,27609.16,9610.56,1619.56,99.865
2020-02-21 00:00:00,3337.75,9.41,3800.38,27308.81,9674.01,1643.41,99.262
2020-02-22 00:00:00,3337.75,9.41,3800.38,27308.81,9697.32,1643.41,99.262
2020-02-23 00:00:00,3337.75,9.41,3800.38,27308.81,9885.42,1643.41,99.262
2020-02-24 00:00:00,3225.89,9.044,3647.98,26820.88,9606.78,1659.38,99.359
2020-02-25 00:00:00,3128.21,9.007,3572.51,26893.23,9383.9,1635.14,98.968
2020-02-26 00:00:00,3116.39,9.071,3577.68,26696.49,8747.24,1640.96,98.996
2020-02-27 00:00:00,2978.76,8.871,3455.92,26778.62,8757.31,1645.01,98.508
2020-02-28 00:00:00,2954.22,8.874,3329.49,26129.93,8671.27,1585.69,98.132
2020-02-29 00:00:00,2954.22,8.874,3329.49,26129.93,8633.36,1585.69,98.132
2020-03-01 00:00:00,2954.22,8.874,3329.49,26129.93,8512.54,1585.69,98.132
2020-03-02 00:00:00,3090.23,8.887,3338.83,26291.68,8945.93,1589.44,97.36
2020-03-03 00:00:00,3003.37,9.169,3371.97,26284.82,8738.3,1640.9,97.153
2020-03-04 00:00:00,3130.12,8.912,3420.56,26222.07,8732.24,1636.93,97.336
2020-03-05 00:00:00,3023.94,8.849,3363.58,26767.87,9115.82,1672.23,96.82
2020-03-06 00:00:00,2972.37,8.647,3232.07,26146.67,9138.35,1673.83,95.951
2020-03-07 00:00:00,2972.37,8.647,3232.07,26146.67,8892.79,1673.83,95.951
2020-03-08 00:00:00,2972.37,8.647,3232.07,26146.67,8079.07,1673.83,95.951
2020-03-09 00:00:00,2746.56,8.627,2959.07,25040.46,7861.2,1680.47,94.895
2020-03-10 00:00:00,2882.23,8.993,2910.02,25392.51,7999.1,1649.4,96.414
2020-03-11 00:00:00,2741.38,9.369,2905.56,25231.61,7863.14,1635.04,96.507
2020-03-12 00:00:00,2480.64,9.324,2545.23,24309.07,5725.35,1576.15,97.468
2020-03-13 00:00:00,2711.02,9.285,2586.02,24032.91,5434.09,1529.83,98.749
2020-03-14 00:00:00,2711.02,9.285,2586.02,24032.91,5334.27,1529.83,98.749
2020-03-15 00:00:00,2711.02,9.285,2586.02,24032.91,5177.49,1529.83,98.749
2020-03-16 00:00:00,2386.13,8.741,2450.37,23063.57,4904.48,1514.1,98.069
2020-03-17 00:00:00,2529.19,8.47,2530.5,23263.73,5469.8,1528.3,99.575
2020-03-18 00:00:00,2398.1,8.265,2385.82,22291.82,5338.27,1486.05,101.16
2020-03-19 00:00:00,2409.39,8.544,2454.08,21709.13,6254.32,1471.24,102.755
2020-03-20 00:00:00,2304.92,8.293,2548.5,22805.07,5971.92,1498.65,102.817
2020-03-21 00:00:00,2304.92,8.293,2548.5,22805.07,6336.94,1498.65,102.817
2020-03-22 00:00:00,2304.92,8.293,2548.5,22805.07,5937.7,1498.65,102.817
2020-03-23 00:00:00,2237.4,7.849,2485.54,21696.13,6414.54,1553.23,102.487
2020-03-24 00:00:00,2447.33,7.908,2715.11,22663.49,6752.28,1632.32,102.039
2020-03-25 00:00:00,2475.56,7.744,2800.14,23527.19,6598.56,1616.9,101.05
2020-03-26 00:00:00,2630.07,7.575,2847.78,23352.34,6744.69,1631.34,99.352
2020-03-27 00:00:00,2541.47,7.218,2728.65,23484.28,6683.67,1628.16,98.365
2020-03-28 00:00:00,2541.47,7.218,2728.65,23484.28,6258.91,1628.16,98.365
2020-03-29 00:00:00,2541.47,7.218,2728.65,23484.28,5949.89,1628.16,98.365
2020-03-30 00:00:00,2626.65,6.897,2765.62,23175.11,6477.56,1622.51,99.181
2020-03-31 00:00:00,2584.59,6.902,2786.9,23603.48,6481.37,1577.18,99.048
2020-04-01 00:00:00,2470.5,6.824,2680.3,23085.79,6351.21,1591.51,99.673
2020-04-02 00:00:00,2526.9,6.935,2688.49,23280.06,6749.37,1613.99,100.18
2020-04-03 00:00:00,2488.65,6.922,2662.99,23236.11,6703.55,1620.81,100.576
2020-04-04 00:00:00,2488.65,6.922,2662.99,23236.11,6843.81,1620.81,100.576
2020-04-05 00:00:00,2488.65,6.922,2662.99,23236.11,6761.43,1620.81,100.576
2020-04-06 00:00:00,2663.68,7.287,2795.97,23749.12,7231.12,1660.97,100.685
2020-04-07 00:00:00,2659.41,7.283,2857.67,24253.29,7118.23,1647.72,99.9
2020-04-08 00:00:00,2749.98,7.259,2851.27,23970.37,7325.08,1646.14,100.119
2020-04-09 00:00:00,2789.82,7.279,2892.79,24300.33,7306.08,1683.73,99.517
2020-04-10 00:00:00,2789.82,7.279,2892.79,24300.33,6920.1,1696.65,99.482
2020-04-11 00:00:00,2789.82,7.279,2892.79,24300.33,6796.91,1696.65,99.482
2020-04-12 00:00:00,2789.82,7.279,2892.79,24300.33,7122.4,1696.65,99.482
2020-04-13 00:00:00,2761.63,7.279,2892.79,24300.33,6828.62,1715.34,99.348
2020-04-14 00:00:00,2846.06,6.874,2917.74,24435.4,6873.41,1726.97,98.887
2020-04-15 00:00:00,2783.36,6.649,2808.2,24145.34,6752.45,1717.03,99.461
2020-04-16 00:00:00,2799.55,6.907,2812.35,24006.45,7060.08,1717.7,100.025
2020-04-17 00:00:00,2874.56,6.994,2888.3,24380.0,7060.14,1682.82,99.782
2020-04-18 00:00:00,2874.56,6.994,2888.3,24380.0,7233.21,1682.82,99.782
2020-04-19 00:00:00,2874.56,6.994,2888.3,24380.0,7150.37,1682.82,99.782
2020-04-20 00:00:00,2823.16,6.618,2909.5,24330.02,6868.11,1695.65,99.955
2020-04-21 00:00:00,2736.56,6.315,2791.34,23793.55,6894.6,1686.2,100.258
2020-04-22 00:00:00,2799.31,6.226,2834.9,23893.36,7119.34,1714.08,100.388
2020-04-23 00:00:00,2797.8,6.057,2852.46,23977.32,7541.59,1730.51,100.433
2020-04-24 00:00:00,2836.74,5.77,2809.07,23831.33,7533.88,1729.6,100.38
2020-04-25 00:00:00,2836.74,5.77,2809.07,23831.33,7553.5,1729.6,100.38
2020-04-26 00:00:00,2836.74,5.77,2809.07,23831.33,7651.93,1729.6,100.38
2020-04-27 00:00:00,2878.48,5.941,2882.09,24280.14,7708.12,1713.99,100.041
2020-04-28 00:00:00,2863.39,6.147,2932.06,24575.96,7736.85,1707.79,99.865
2020-04-29 00:00:00,2939.51,6.014,2996.08,24643.59,8933.48,1713.41,99.565
2020-04-30 00:00:00,2912.43,6.221,2927.93,24643.59,8826.56,1686.5,99.016
2020-05-01 00:00:00,2830.71,5.843,2927.93,24643.59,8734.2,1700.42,99.079
2020-05-02 00:00:00,2830.71,5.843,2927.93,24643.59,8934.5,1700.42,99.079
2020-05-03 00:00:00,2830.71,5.843,2927.93,24643.59,8848.36,1700.42,99.079
2020-05-04 00:00:00,2842.74,5.74,2816.48,23613.8,8921.68,1702.07,99.484
2020-05-05 00:00:00,2868.44,5.674,2875.91,23868.66,8951.51,1705.92,99.709
2020-05-06 00:00:00,2848.42,5.763,2843.76,24137.48,9250.9,1685.71,100.091
2020-05-07 00:00:00,2881.19,5.847,2880.6,23980.63,9801.31,1716.06,99.889
2020-05-08 00:00:00,2929.8,5.831,2908.11,24230.17,9998.9,1702.7,99.734
2020-05-09 00:00:00,2929.8,5.831,2908.11,24230.17,9649.88,1702.7,99.734
2020-05-10 00:00:00,2929.8,5.831,2908.11,24230.17,8675.29,1702.7,99.734
2020-05-11 00:00:00,2930.32,5.707,2883.75,24602.06,8636.21,1697.93,100.236
2020-05-12 00:00:00,2870.12,5.313,2884.2,24245.68,8824.98,1702.7,99.933
2020-05-13 00:00:00,2820.0,5.119,2810.55,24180.3,9300.04,1716.28,100.242
2020-05-14 00:00:00,2852.5,5.265,2760.23,23829.74,9656.61,1730.3,100.466
2020-05-15 00:00:00,2863.7,5.218,2770.7,23797.47,9241.91,1743.67,100.402
2020-05-16 00:00:00,2863.7,5.218,2770.7,23797.47,9381.42,1743.67,100.402
2020-05-17 00:00:00,2863.7,5.218,2770.7,23797.47,9738.8,1743.67,100.402
2020-05-18 00:00:00,2953.91,4.922,2911.88,23934.77,9677.73,1732.55,99.665
2020-05-19 00:00:00,2922.94,4.612,2902.58,24388.13,9690.24,1745.05,99.371
2020-05-20 00:00:00,2971.61,4.462,2942.39,24399.95,9588.55,1748.18,99.124
2020-05-21 00:00:00,2948.51,3.824,2904.98,24280.03,9056.92,1727.0,99.37
2020-05-22 00:00:00,2955.45,3.889,2905.47,22930.14,9181.0,1734.68,99.863
2020-05-23 00:00:00,2955.45,3.889,2905.47,22930.14,9235.17,1734.68,99.863
2020-05-24 00:00:00,2955.45,3.889,2905.47,22930.14,9001.5,1734.68,99.863
2020-05-25 00:00:00,2955.45,4.794,2971.35,22952.24,8914.38,1731.95,99.863
2020-05-26 00:00:00,2991.77,4.123,2999.22,23384.66,8859.07,1710.58,98.908
2020-05-27 00:00:00,3036.13,3.695,3051.08,23301.36,9163.42,1709.47,99.062
2020-05-28 00:00:00,3029.73,3.509,3094.47,23132.76,9446.84,1718.33,98.383
2020-05-29 00:00:00,3044.31,4.385,3050.2,22961.47,9415.96,1730.27,98.344
2020-05-30 00:00:00,3044.31,4.385,3050.2,22961.47,9440.21,1730.27,98.344
2020-05-31 00:00:00,3044.31,4.385,3050.2,22961.47,9505.38,1730.27,98.344
2020-06-01 00:00:00,3055.73,4.053,3077.92,23732.52,9680.19,1739.55,97.83
2020-06-02 00:00:00,3080.82,4.852,3159.02,23995.94,9522.85,1727.7,97.673
2020-06-03 00:00:00,3122.87,5.331,3269.59,24325.62,9583.65,1699.67,97.276
2020-06-04 00:00:00,3112.35,5.392,3261.67,24366.3,9783.87,1714.01,96.677
2020-06-05 00:00:00,3193.93,5.708,3384.29,24770.41,9712.33,1685.06,96.937
2020-06-06 00:00:00,3193.93,5.708,3384.29,24770.41,9706.0,1685.06,96.937
2020-06-07 00:00:00,3193.93,5.708,3384.29,24770.41,9732.43,1685.06,96.937
2020-06-08 00:00:00,3232.39,5.249,3366.29,24776.77,9702.87,1698.53,96.618
2020-06-09 00:00:00,3207.18,4.806,3320.71,25057.22,9749.6,1715.33,96.324
2020-06-10 00:00:00,3190.14,4.802,3293.71,25049.73,9867.63,1738.7,95.959
2020-06-11 00:00:00,3002.1,4.988,3144.57,24480.15,9340.86,1727.7,96.733
2020-06-12 00:00:00,3041.31,5.273,3153.74,24301.38,9463.3,1730.75,97.319
2020-06-13 00:00:00,3041.31,5.273,3153.74,24301.38,9403.53,1730.75,97.319
2020-06-14 00:00:00,3041.31,5.273,3153.74,24301.38,9382.05,1730.75,97.319
2020-06-15 00:00:00,3066.59,5.516,3136.4,23776.95,9481.06,1725.16,96.706
2020-06-16 00:00:00,3124.74,5.261,3242.65,24344.09,9494.7,1726.53,96.958
2020-06-17 00:00:00,3113.49,5.209,3267.26,24481.41,9374.04,1726.95,97.158
2020-06-18 00:00:00,3115.34,5.451,3249.9,24464.94,9343.09,1722.93,97.421
2020-06-19 00:00:00,3097.74,5.615,3269.1,24643.89,9315.35,1743.87,97.623
2020-06-20 00:00:00,3097.74,5.615,3269.1,24643.89,9318.47,1743.87,97.623
2020-06-21 00:00:00,3097.74,5.615,3269.1,24643.89,9310.9,1743.87,97.623
2020-06-22 00:00:00,3117.86,5.495,3241.69,24511.34,9645.06,1754.43,97.039
2020-06-23 00:00:00,3131.29,5.829,3298.83,24907.34,9629.89,1768.41,96.646
2020-06-24 00:00:00,3050.33,5.663,3196.12,24781.58,9288.58,1761.17,97.148
2020-06-25 00:00:00,3083.76,5.256,3218.91,24781.58,9275.81,1763.79,97.429
2020-06-26 00:00:00,3009.05,5.105,3204.17,24549.99,9190.26,1771.29,97.433
2020-06-27 00:00:00,3009.05,5.105,3204.17,24549.99,8946.51,1771.29,97.433
2020-06-28 00:00:00,3009.05,5.105,3204.17,24549.99,9109.76,1771.29,97.433
2020-06-29 00:00:00,3053.24,5.839,3232.02,24301.28,9180.36,1772.82,97.536
2020-06-30 00:00:00,3100.29,6.163,3234.07,24427.19,9147.09,1780.96,97.391
2020-07-01 00:00:00,3115.86,5.863,3228.45,24427.19,9239.05,1770.09,97.196
2020-07-02 00:00:00,3130.01,5.944,3320.09,25124.19,9082.38,1775.38,97.317
2020-07-03 00:00:00,3130.01,6.031,3294.38,25373.12,9092.7,1775.95,97.172
2020-07-04 00:00:00,3130.01,6.031,3294.38,25373.12,9131.21,1775.95,97.172
2020-07-05 00:00:00,3130.01,6.031,3294.38,25373.12,9013.96,1775.95,97.172
2020-07-06 00:00:00,3179.72,6.096,3350.03,26339.16,9277.06,1784.68,96.725
2020-07-07 00:00:00,3145.32,6.124,3321.56,25975.66,9254.79,1794.86,96.881
2020-07-08 00:00:00,3169.94,5.937,3286.09,26129.18,9430.25,1808.89,96.428
2020-07-09 00:00:00,3152.05,5.757,3261.17,26210.16,9237.04,1803.55,96.7
2020-07-10 00:00:00,3185.04,5.475,3296.22,25727.41,9235.1,1798.7,96.652
2020-07-11 00:00:00,3185.04,5.475,3296.22,25727.41,9217.05,1798.7,96.652
2020-07-12 00:00:00,3185.04,5.475,3296.22,25727.41,9232.34,1798.7,96.652
2020-07-13 00:00:00,3155.22,5.11,3350.0,25772.12,9249.8,1802.76,96.464
2020-07-14 00:00:00,3197.52,5.085,3321.39,25477.89,9272.83,1809.36,96.259
2020-07-15 00:00:00,3226.56,5.226,3378.21,25481.58,9213.7,1810.29,96.081
2020-07-16 00:00:00,3215.57,5.058,3365.35,24970.69,9103.61,1797.16,96.346
2020-07-17 00:00:00,3224.73,5.114,3365.6,25089.17,9157.69,1810.42,95.942
2020-07-18 00:00:00,3224.73,5.114,3365.6,25089.17,9179.26,1810.42,95.942
2020-07-19 00:00:00,3224.73,5.114,3365.6,25089.17,9171.94,1810.42,95.942
2020-07-20 00:00:00,3251.84,4.732,3388.34,25057.99,9175.47,1817.77,95.832
2020-07-21 00:00:00,3257.3,4.792,3405.35,25635.66,9376.53,1841.91,95.117
2020-07-22 00:00:00,3276.02,4.829,3370.76,25057.94,9377.3,1871.41,94.988
2020-07-23 00:00:00,3235.66,4.984,3371.74,25263.0,9593.77,1887.44,94.692
2020-07-24 00:00:00,3215.63,5.011,3310.89,24705.33,9629.62,1902.02,94.435
2020-07-25 00:00:00,3215.63,5.011,3310.89,24705.33,9729.45,1902.02,94.435
2020-07-26 00:00:00,3215.63,5.011,3310.89,24705.33,9895.63,1902.02,94.435
2020-07-27 00:00:00,3239.41,4.787,3302.84,24603.26,10891.81,1942.24,93.668
2020-07-28 00:00:00,3218.44,4.958,3303.56,24772.76,10981.18,1958.43,93.696
2020-07-29 00:00:00,3258.44,5.177,3300.16,24883.14,11222.15,1970.79,93.453
2020-07-30 00:00:00,3246.22,5.223,3208.2,24710.59,11150.47,1956.64,93.021
2020-07-31 00:00:00,3271.12,6.023,3174.32,24595.35,11345.63,1975.86,93.349
2020-08-01 00:00:00,3271.12,6.023,3174.32,24595.35,11847.66,1975.86,93.349
2020-08-02 00:00:00,3271.12,6.023,3174.32,24595.35,11090.63,1975.86,93.349
2020-08-03 00:00:00,3294.61,6.802,3248.28,24458.13,11383.53,1976.98,93.542
2020-08-04 00:00:00,3306.51,7.355,3254.29,24946.63,11214.45,2019.21,93.382
2020-08-05 00:00:00,3327.77,7.32,3268.38,25102.54,11692.68,2038.12,92.868
2020-08-06 00:00:00,3349.16,7.94,3240.39,24930.58,11851.58,2063.54,92.788
2020-08-07 00:00:00,3351.28,7.931,3252.65,24531.62,11575.83,2035.55,93.435
2020-08-08 00:00:00,3351.28,7.931,3252.65,24531.62,11716.3,2035.55,93.435
2020-08-09 00:00:00,3351.28,7.931,3252.65,24531.62,11679.9,2035.55,93.435
2020-08-10 00:00:00,3360.47,7.589,3259.71,24377.43,11859.27,2027.34,93.582
2020-08-11 00:00:00,3333.69,7.416,3332.12,24890.68,11212.89,1911.89,93.628
2020-08-12 00:00:00,3380.35,7.172,3363.18,25244.02,11565.95,1915.83,93.443
2020-08-13 00:00:00,3373.43,7.312,3342.85,25230.67,11615.32,1953.71,93.335
2020-08-14 00:00:00,3372.85,8.019,3305.05,25183.01,11770.13,1945.12,93.096
2020-08-15 00:00:00,3372.85,8.019,3305.05,25183.01,11870.5,1945.12,93.096
2020-08-16 00:00:00,3372.85,8.019,3305.05,25183.01,11849.5,1945.12,93.096
2020-08-17 00:00:00,3381.99,8.181,3305.85,25347.34,12327.23,1985.3,92.851
2020-08-18 00:00:00,3389.78,8.549,3289.64,25367.38,12030.11,2002.44,92.271
2020-08-19 00:00:00,3374.85,8.353,3317.62,25178.91,11715.31,1928.98,92.887
2020-08-20 00:00:00,3385.51,8.15,3273.98,24791.39,11863.08,1947.26,92.793
2020-08-21 00:00:00,3397.16,7.622,3259.75,25113.84,11621.41,1940.48,93.247
2020-08-22 00:00:00,3397.16,7.622,3259.75,25113.84,11608.04,1940.48,93.247
2020-08-23 00:00:00,3397.16,7.622,3259.75,25113.84,11669.22,1940.48,93.247
2020-08-24 00:00:00,3431.28,8.361,3331.74,25551.58,11731.2,1928.88,93.298
2020-08-25 00:00:00,3443.62,8.867,3329.71,25486.22,11265.47,1928.18,93.019
2020-08-26 00:00:00,3478.73,9.149,3356.76,25491.79,11513.5,1954.46,93.006
2020-08-27 00:00:00,3484.55,8.872,3331.04,25281.15,11267.05,1929.54,93.001
2020-08-28 00:00:00,3508.01,11.169,3315.54,25422.06,11502.58,1964.83,92.371
2020-08-29 00:00:00,3508.01,11.169,3315.54,25422.06,11518.05,1964.83,92.371
2020-08-30 00:00:00,3508.01,11.169,3315.54,25422.06,11640.79,1964.83,92.371
2020-08-31 00:00:00,3500.31,11.239,3272.51,25177.05,11678.6,1967.8,92.144
2020-09-01 00:00:00,3526.65,11.297,3277.58,25184.85,12022.35,1970.18,92.338
2020-09-02 00:00:00,3580.84,11.11,3337.77,25120.09,11375.47,1942.92,92.847
2020-09-03 00:00:00,3455.06,11.733,3304.22,25007.6,10785.86,1930.91,92.739
2020-09-04 00:00:00,3426.96,11.682,3260.59,24695.45,10606.46,1933.94,92.719
2020-09-05 00:00:00,3426.96,11.682,3260.59,24695.45,10086.94,1933.94,92.719
2020-09-06 00:00:00,3426.96,11.682,3260.59,24695.45,10236.79,1933.94,92.719
2020-09-07 00:00:00,3426.96,11.232,3314.07,24589.65,10154.11,1933.64,92.719
2020-09-08 00:00:00,3331.84,10.802,3267.37,24624.34,10016.81,1932.03,93.445
2020-09-09 00:00:00,3398.96,10.734,3324.83,24468.93,10259.62,1946.84,93.255
2020-09-10 00:00:00,3339.19,10.516,3312.77,24313.54,10307.29,1946.09,93.336
2020-09-11 00:00:00,3340.97,10.497,3315.81,24503.31,10329.82,1940.55,93.333
2020-09-12 00:00:00,3340.97,10.497,3315.81,24503.31,10441.8,1940.55,93.333
2020-09-13 00:00:00,3340.97,10.497,3315.81,24503.31,10318.18,1940.55,93.333
2020-09-14 00:00:00,3383.54,10.707,3316.79,24640.28,10694.29,1956.86,93.052
2020-09-15 00:00:00,3401.2,10.896,3332.26,24732.76,10867.34,1954.15,93.05
2020-09-16 00:00:00,3385.49,11.318,3338.84,24725.63,10998.05,1959.26,93.214
2020-09-17 00:00:00,3357.01,11.121,3316.57,24340.85,10937.41,1944.44,92.97
2020-09-18 00:00:00,3319.47,11.475,3283.69,24455.41,10890.68,1950.86,92.926
2020-09-19 00:00:00,3319.47,11.475,3283.69,24455.41,11093.84,1950.86,92.926
2020-09-20 00:00:00,3319.47,11.475,3283.69,24455.41,10858.0,1950.86,92.926
2020-09-21 00:00:00,3281.06,11.497,3160.95,23950.69,10479.79,1912.51,93.656
2020-09-22 00:00:00,3315.57,11.704,3164.13,23716.85,10516.06,1900.21,93.988
2020-09-23 00:00:00,3236.92,12.019,3180.11,23742.51,10224.14,1863.34,94.389
2020-09-24 00:00:00,3246.59,11.634,3159.64,23311.07,10631.74,1868.07,94.354
2020-09-25 00:00:00,3298.46,11.666,3137.06,23235.42,10717.46,1861.58,94.642
2020-09-26 00:00:00,3298.46,11.666,3137.06,23235.42,10720.88,1861.58,94.642
2020-09-27 00:00:00,3298.46,11.666,3137.06,23235.42,10725.25,1861.58,94.642
2020-09-28 00:00:00,3351.6,12.352,3223.19,23476.05,10871.25,1881.48,94.278
2020-09-29 00:00:00,3335.47,12.28,3214.3,23275.53,10756.95,1898.07,93.891
2020-09-30 00:00:00,3363.0,13.286,3193.61,23459.05,10706.95,1885.82,93.886
2020-10-01 00:00:00,3380.8,13.181,3194.09,23459.05,10606.06,1906.01,93.711
2020-10-02 00:00:00,3348.44,13.026,3190.93,23459.05,10547.65,1899.84,93.844
2020-10-03 00:00:00,3348.44,13.026,3190.93,23459.05,10572.62,1899.84,93.844
2020-10-04 00:00:00,3348.44,13.026,3190.93,23459.05,10650.02,1899.84,93.844
2020-10-05 00:00:00,3408.63,13.419,3220.22,23767.78,10741.28,1913.53,93.513
2020-10-06 00:00:00,3360.95,13.307,3233.3,23980.65,10549.5,1878.18,93.686
2020-10-07 00:00:00,3419.45,13.709,3233.43,24242.86,10661.08,1887.42,93.63
2020-10-08 00:00:00,3446.83,13.9,3255.76,24193.35,10898.05,1893.82,93.605
2020-10-09 00:00:00,3477.13,13.753,3273.12,24119.13,11041.96,1930.4,93.057
2020-10-10 00:00:00,3477.13,13.753,3273.12,24119.13,11367.8,1930.4,93.057
2020-10-11 00:00:00,3477.13,13.753,3273.12,24119.13,11332.36,1930.4,93.057
2020-10-12 00:00:00,3534.22,13.838,3298.12,24649.68,11568.4,1922.77,93.065
2020-10-13 00:00:00,3511.93,13.596,3279.19,24649.68,11434.88,1891.36,93.531
2020-10-14 00:00:00,3488.67,13.872,3273.28,24667.09,11393.36,1901.52,93.382
2020-10-15 00:00:00,3483.34,14.239,3192.69,24158.54,11545.26,1908.71,93.856
2020-10-16 00:00:00,3483.81,14.499,3245.47,24386.79,11319.41,1899.29,93.682
2020-10-17 00:00:00,3483.81,14.499,3245.47,24386.79,11354.91,1899.29,93.682
2020-10-18 00:00:00,3483.81,14.499,3245.47,24386.79,11445.83,1899.29,93.682
2020-10-19 00:00:00,3426.92,14.718,3242.51,24542.26,11735.13,1904.08,93.427
2020-10-20 00:00:00,3443.12,14.895,3227.87,24569.54,11904.78,1906.95,93.067
2020-10-21 00:00:00,3435.56,14.867,3180.7,24754.42,12855.5,1924.33,92.611
2020-10-22 00:00:00,3453.49,15.257,3171.41,24786.13,13124.02,1904.11,92.951
2020-10-23 00:00:00,3465.39,15.41,3198.86,24918.78,12942.9,1902.05,92.768
2020-10-24 00:00:00,3465.39,15.41,3198.86,24918.78,13113.04,1902.05,92.768
2020-10-25 00:00:00,3465.39,15.41,3198.86,24918.78,13036.88,1902.05,92.768
2020-10-26 00:00:00,3400.97,14.866,3105.25,24918.78,13019.83,1902.08,93.045
2020-10-27 00:00:00,3390.68,14.743,3070.6,24787.19,13620.54,1907.99,92.94
2020-10-28 00:00:00,3271.03,14.487,2963.54,24708.8,13213.48,1877.19,93.405
2020-10-29 00:00:00,3310.11,14.216,2960.03,24586.6,13486.71,1867.59,93.955
2020-10-30 00:00:00,3269.96,14.061,2958.21,24107.42,13639.46,1878.81,94.038
2020-10-31 00:00:00,3269.96,14.061,2958.21,24107.42,13850.1,1878.81,94.038
2020-11-01 00:00:00,3269.96,14.061,2958.21,24107.42,13823.15,1878.81,94.038
2020-11-02 00:00:00,3310.24,13.656,3019.54,24460.01,13619.76,1895.48,94.129
2020-11-03 00:00:00,3369.16,13.665,3098.72,24939.73,13741.48,1909.17,93.553
2020-11-04 00:00:00,3443.44,13.883,3161.07,24886.14,14008.75,1902.92,93.407
2020-11-05 00:00:00,3510.45,14.456,3215.56,25695.92,15243.85,1949.66,92.525
2020-11-06 00:00:00,3509.44,13.902,3204.05,25712.97,15553.32,1951.35,92.229
2020-11-07 00:00:00,3509.44,13.902,3204.05,25712.97,14837.0,1951.35,92.229
2020-11-08 00:00:00,3509.44,13.902,3204.05,25712.97,15342.02,1951.35,92.229
2020-11-09 00:00:00,3550.5,13.854,3407.91,26016.17,15387.48,1863.04,92.725
2020-11-10 00:00:00,3545.53,14.035,3442.62,26301.48,15389.01,1877.32,92.749
2020-11-11 00:00:00,3572.66,14.096,3467.3,26226.98,15831.57,1865.73,93.043
2020-11-12 00:00:00,3537.01,14.001,3428.2,26169.38,16159.74,1876.83,92.963
2020-11-13 00:00:00,3585.15,14.239,3432.07,26156.86,16294.47,1889.2,92.755
2020-11-14 00:00:00,3585.15,14.239,3432.07,26156.86,16008.29,1889.2,92.755
2020-11-15 00:00:00,3585.15,14.239,3432.07,26156.86,15857.79,1889.2,92.755
2020-11-16 00:00:00,3626.91,14.494,3466.21,26381.67,16704.72,1888.95,92.642
2020-11-17 00:00:00,3609.53,13.968,3468.48,26415.09,17639.21,1880.38,92.416
2020-11-18 00:00:00,3567.79,13.682,3482.17,26544.29,17786.57,1872.24,92.316
2020-11-19 00:00:00,3581.87,13.022,3451.97,26356.97,17946.04,1866.54,92.294
2020-11-20 00:00:00,3557.54,12.894,3467.6,26451.54,18589.49,1870.99,92.392
2020-11-21 00:00:00,3557.54,12.894,3467.6,26451.54,18670.93,1870.99,92.392
2020-11-22 00:00:00,3557.54,12.894,3467.6,26451.54,18597.77,1870.99,92.392
2020-11-23 00:00:00,3577.59,13.537,3463.04,26486.2,18422.02,1837.86,92.505
2020-11-24 00:00:00,3635.41,13.902,3507.98,26588.2,18944.86,1807.59,92.226
2020-11-25 00:00:00,3629.65,13.932,3511.9,26669.75,18880.69,1807.56,91.994
2020-11-26 00:00:00,3629.65,13.914,3510.94,26819.45,17055.5,1815.8,91.994
2020-11-27 00:00:00,3638.35,14.485,3527.79,26894.68,17005.85,1787.79,91.79
2020-11-28 00:00:00,3638.35,14.485,3527.79,26894.68,17763.11,1787.79,91.79
2020-11-29 00:00:00,3638.35,14.485,3527.79,26894.68,18270.66,1787.79,91.79
2020-11-30 00:00:00,3621.63,15.138,3492.54,26341.49,19378.61,1776.95,91.869
2020-12-01 00:00:00,3662.45,14.912,3525.24,26567.68,19055.69,1815.24,91.313
2020-12-02 00:00:00,3669.01,14.905,3521.32,26532.58,19156.67,1831.28,91.118
2020-12-03 00:00:00,3666.72,14.143,3517.1,26728.5,19462.14,1841.08,90.714
2020-12-04 00:00:00,3699.12,14.643,3539.27,26835.92,18825.45,1838.86,90.701
2020-12-05 00:00:00,3699.12,14.643,3539.27,26835.92,19020.64,1838.86,90.701
2020-12-06 00:00:00,3699.12,14.643,3539.27,26835.92,19248.35,1838.86,90.701
2020-12-07 00:00:00,3691.96,14.357,3530.08,26506.85,19084.67,1862.73,90.792
2020-12-08 00:00:00,3702.25,14.447,3525.87,26304.56,18773.5,1870.56,90.965
2020-12-09 00:00:00,3672.82,14.733,3529.02,26502.84,18520.56,1839.55,91.087
2020-12-10 00:00:00,3668.1,15.539,3522.31,26410.59,18349.98,1836.57,90.824
2020-12-11 00:00:00,3663.46,15.959,3485.84,26505.87,18101.38,1839.85,90.976
2020-12-12 00:00:00,3663.46,15.959,3485.84,26505.87,18800.18,1839.85,90.976
2020-12-13 00:00:00,3663.46,15.959,3485.84,26505.87,19178.3,1839.85,90.976
2020-12-14 00:00:00,3647.49,16.607,3503.96,26389.52,19199.17,1827.35,90.711
2020-12-15 00:00:00,3694.62,17.225,3521.5,26207.29,19424.24,1853.64,90.473
2020-12-16 00:00:00,3701.17,16.381,3543.0,26460.29,21206.36,1864.8,90.45
2020-12-17 00:00:00,3722.48,15.941,3560.87,26678.38,22779.13,1885.42,89.822
2020-12-18 00:00:00,3709.41,15.886,3545.74,26498.6,22901.2,1881.35,90.016
2020-12-19 00:00:00,3709.41,15.886,3545.74,26498.6,23992.92,1881.35,90.016
2020-12-20 00:00:00,3709.41,15.886,3545.74,26498.6,23385.77,1881.35,90.016
2020-12-21 00:00:00,3694.92,16.795,3448.68,26306.68,23142.45,1876.89,90.043
2020-12-22 00:00:00,3687.26,17.636,3497.49,26119.25,23437.95,1860.84,90.654
2020-12-23 00:00:00,3690.01,17.507,3539.26,26343.1,23297.72,1872.89,90.413
2020-12-24 00:00:00,3703.06,17.649,3543.28,26386.56,23405.27,1883.46,90.323
2020-12-25 00:00:00,3703.06,17.649,3543.28,26386.56,24411.43,1883.46,90.223
2020-12-26 00:00:00,3703.06,17.649,3543.28,26386.56,26670.1,1883.46,90.223
2020-12-27 00:00:00,3703.06,17.649,3543.28,26386.56,26385.71,1883.46,90.223
2020-12-28 00:00:00,3735.36,19.152,3575.41,26314.63,26599.22,1873.69,90.337
2020-12-29 00:00:00,3727.04,18.774,3581.37,26568.49,26895.14,1878.18,89.994
2020-12-30 00:00:00,3732.04,19.001,3571.59,27147.11,28904.39,1894.39,89.68
2020-12-31 00:00:00,3756.07,19.123,3552.64,27231.13,28996.28,1898.36,89.937
2021-01-01 00:00:00,3756.07,19.123,3552.64,27231.13,29250.59,1898.67,89.937
2021-01-02 00:00:00,3756.07,19.123,3552.64,27231.13,31702.36,1898.67,89.937
2021-01-03 00:00:00,3756.07,19.123,3552.64,27231.13,33591.73,1898.67,89.937
2021-01-04 00:00:00,3700.65,19.844,3564.39,27472.81,31037.38,1942.9,89.869
2021-01-05 00:00:00,3726.86,18.007,3547.85,27649.86,33792.24,1950.01,89.436
2021-01-06 00:00:00,3748.14,17.564,3611.08,27692.3,35939.27,1918.61,89.53
2021-01-07 00:00:00,3803.79,19.303,3622.42,27548.52,39733.0,1913.95,89.826
2021-01-08 00:00:00,3824.68,20.118,3645.05,27878.22,40040.7,1849.01,90.098
2021-01-09 00:00:00,3824.68,20.118,3645.05,27878.22,40858.59,1849.01,90.098
2021-01-10 00:00:00,3824.68,20.118,3645.05,27878.22,38048.82,1849.01,90.098
2021-01-11 00:00:00,3799.61,22.124,3620.62,27908.22,33964.38,1843.89,90.465
2021-01-12 00:00:00,3801.19,26.155,3612.13,28276.75,34712.73,1854.77,90.093
2021-01-13 00:00:00,3809.84,21.5,3616.51,28235.6,37283.48,1845.51,90.355
2021-01-14 00:00:00,3795.54,21.333,3641.37,28496.86,38765.5,1846.53,90.239
2021-01-15 00:00:00,3768.25,20.2,3599.55,28573.86,36261.52,1828.45,90.772
2021-01-16 00:00:00,3768.25,20.2,3599.55,28573.86,35935.02,1828.45,90.772
2021-01-17 00:00:00,3768.25,20.2,3599.55,28573.86,36533.95,1828.45,90.772
2021-01-18 00:00:00,3768.25,19.026,3602.67,28862.77,36234.13,1841.26,90.765
2021-01-19 00:00:00,3798.91,20.327,3595.42,29642.28,36489.64,1840.28,90.498
2021-01-20 00:00:00,3851.85,20.26,3624.04,29962.47,34913.07,1871.84,90.475
2021-01-21 00:00:00,3853.07,20.063,3618.35,29927.76,31217.0,1870.02,90.131
2021-01-22 00:00:00,3841.47,21.483,3602.41,29447.85,33322.33,1855.61,90.238
2021-01-23 00:00:00,3841.47,21.483,3602.41,29447.85,32366.47,1855.61,90.238
2021-01-24 00:00:00,3841.47,21.483,3602.41,29447.85,31932.47,1855.61,90.238
2021-01-25 00:00:00,3855.36,20.162,3553.14,30159.01,32701.29,1855.93,90.391
2021-01-26 00:00:00,3849.62,19.509,3592.83,29391.26,32017.04,1850.92,90.17
2021-01-27 00:00:00,3750.77,19.701,3536.38,29297.53,31005.85,1843.98,90.647
2021-01-28 00:00:00,3787.38,20.908,3557.04,28550.77,33248.02,1843.17,90.455
2021-01-29 00:00:00,3714.24,19.819,3481.44,28283.71,34641.09,1847.65,90.584
2021-01-30 00:00:00,3714.24,19.819,3481.44,28283.71,34694.89,1847.65,90.584
2021-01-31 00:00:00,3714.24,19.819,3481.44,28283.71,32601.26,1847.65,90.584
2021-02-01 00:00:00,3773.86,18.139,3530.85,28892.86,33664.82,1860.78,90.98
2021-02-02 00:00:00,3826.31,18.251,3590.46,29248.7,35687.9,1838.03,91.197
2021-02-03 00:00:00,3830.17,17.854,3609.75,29307.46,37294.95,1834.04,91.171
2021-02-04 00:00:00,3871.74,18.12,3642.12,29113.5,37681.13,1794.03,91.529
2021-02-05 00:00:00,3886.83,18.38,3655.77,29288.68,37858.84,1814.11,91.042
2021-02-06 00:00:00,3886.83,18.38,3655.77,29288.68,40093.11,1814.11,91.042
2021-02-07 00:00:00,3886.83,18.38,3655.77,29288.68,38590.04,1814.11,91.042
2021-02-08 00:00:00,3915.59,20.179,3665.51,29319.47,44691.74,1830.81,90.934
2021-02-09 00:00:00,3911.23,19.045,3661.13,29476.19,47335.77,1838.32,90.439
2021-02-10 00:00:00,3909.88,18.558,3648.37,30038.72,45039.51,1842.89,90.371
2021-02-11 00:00:00,3916.38,17.373,3671.68,30173.57,46931.97,1825.51,90.417
2021-02-12 00:00:00,3934.83,17.618,3695.61,30173.57,47947.17,1824.23,90.48
2021-02-13 00:00:00,3934.83,17.618,3695.61,30173.57,47177.95,1824.23,90.48
2021-02-14 00:00:00,3934.83,17.618,3695.61,30173.57,48865.24,1824.23,90.48
2021-02-15 00:00:00,3934.83,16.54,3734.2,30173.57,48203.45,1818.86,90.48
2021-02-16 00:00:00,3932.59,16.715,3726.4,30746.66,48585.51,1794.47,90.509
2021-02-17 00:00:00,3931.33,16.54,3699.85,31084.94,52400.42,1776.13,90.951
2021-02-18 00:00:00,3913.97,17.329,3681.04,30595.27,52037.53,1775.67,90.592
2021-02-19 00:00:00,3906.71,16.554,3713.46,30644.73,55629.08,1784.25,90.364
2021-02-20 00:00:00,3906.71,16.554,3713.46,30644.73,56537.03,1784.25,90.364
2021-02-21 00:00:00,3906.71,16.554,3713.46,30644.73,57355.29,1784.25,90.364
2021-02-22 00:00:00,3876.5,15.96,3699.85,30319.83,54938.64,1809.67,90.01
2021-02-23 00:00:00,3881.37,16.248,3689.1,30632.64,47962.92,1805.73,90.169
2021-02-24 00:00:00,3925.43,16.381,3705.99,29718.24,48758.53,1805.06,90.176
2021-02-25 00:00:00,3829.34,15.935,3685.28,30074.17,48083.51,1770.56,90.134
2021-02-26 00:00:00,3811.15,15.694,3636.44,28980.21,45672.06,1734.04,90.879
2021-02-27 00:00:00,3811.15,15.694,3636.44,28980.21,46864.06,1734.04,90.879
2021-02-28 00:00:00,3811.15,15.694,3636.44,28980.21,45248.24,1734.04,90.879
2021-03-01 00:00:00,3901.82,16.082,3706.62,29452.57,48856.4,1725.04,91.039
2021-03-02 00:00:00,3870.29,15.869,3707.72,29095.86,47451.1,1738.36,90.785
2021-03-03 00:00:00,3819.72,15.527,3712.78,29880.42,50952.74,1711.23,90.947
2021-03-04 00:00:00,3768.47,15.932,3704.85,29236.79,47918.88,1697.52,91.631
2021-03-05 00:00:00,3841.94,16.367,3669.54,29098.29,49053.13,1700.64,91.977
2021-03-06 00:00:00,3841.94,16.367,3669.54,29098.29,48602.01,1700.64,91.977
2021-03-07 00:00:00,3841.94,16.367,3669.54,29098.29,50107.87,1700.64,91.977
2021-03-08 00:00:00,3821.35,16.151,3763.24,28540.83,51878.94,1683.54,92.313
2021-03-09 00:00:00,3875.44,16.925,3786.05,28773.23,54320.06,1716.1,91.958
2021-03-10 00:00:00,3898.81,17.632,3819.92,28907.52,56931.78,1726.71,91.823
2021-03-11 00:00:00,3939.34,18.127,3845.64,29385.61,57624.02,1722.6,91.42
2021-03-12 00:00:00,3943.34,18.448,3833.36,28739.72,56965.96,1727.11,91.679
2021-03-13 00:00:00,3943.34,18.448,3833.36,28739.72,61078.03,1727.11,91.679
2021-03-14 00:00:00,3943.34,18.448,3833.36,28739.72,60273.94,1727.11,91.679
2021-03-15 00:00:00,3968.94,17.932,3829.84,28833.76,56414.61,1731.67,91.833
2021-03-16 00:00:00,3962.71,17.658,3850.96,29027.69,56388.15,1731.4,91.865
2021-03-17 00:00:00,3974.12,17.972,3849.74,29034.12,57751.66,1745.33,91.442
2021-03-18 00:00:00,3915.46,17.761,3867.54,29405.72,57501.51,1736.42,91.862
2021-03-19 00:00:00,3913.1,17.266,3837.02,28990.94,58410.01,1745.23,91.919
2021-03-20 00:00:00,3913.1,17.266,3837.02,28990.94,58541.76,1745.23,91.919
2021-03-21 00:00:00,3913.1,17.266,3837.02,28990.94,57813.39,1745.23,91.919
2021-03-22 00:00:00,3940.59,18.046,3833.84,28885.34,54554.83,1739.03,91.742
2021-03-23 00:00:00,3910.52,18.39,3827.02,28497.38,54447.56,1727.07,92.336
2021-03-24 00:00:00,3889.14,18.589,3832.55,27918.14,54050.57,1734.69,92.528
2021-03-25 00:00:00,3909.52,18.367,3832.57,27899.61,52001.01,1726.93,92.848
2021-03-26 00:00:00,3974.54,18.699,3866.68,28336.43,54002.49,1732.52,92.766
2021-03-27 00:00:00,3974.54,18.699,3866.68,28336.43,55887.89,1732.52,92.766
2021-03-28 00:00:00,3974.54,18.699,3866.68,28336.43,54845.71,1732.52,92.766
2021-03-29 00:00:00,3971.09,18.443,3882.87,28338.3,57234.35,1712.2,92.944
2021-03-30 00:00:00,3958.55,18.804,3926.2,28577.5,58673.67,1685.2,93.297
2021-03-31 00:00:00,3972.89,18.994,3919.21,28378.35,58960.2,1707.71,93.232
2021-04-01 00:00:00,4019.87,19.172,3945.96,28938.74,58859.78,1729.31,92.929
2021-04-02 00:00:00,4019.87,19.172,3945.96,28938.74,58674.76,1728.87,93.022
2021-04-03 00:00:00,4019.87,19.172,3945.96,28938.74,58064.8,1728.87,93.022
2021-04-04 00:00:00,4019.87,19.172,3945.96,28938.74,58044.39,1728.87,93.022
2021-04-05 00:00:00,4077.91,19.172,3945.96,28938.74,58799.14,1728.27,92.595
2021-04-06 00:00:00,4073.94,19.781,3970.42,28938.74,58243.87,1743.27,92.335
2021-04-07 00:00:00,4079.95,19.287,3956.77,28674.8,56227.64,1737.72,92.455
2021-04-08 00:00:00,4097.17,18.991,3977.83,29008.07,57679.16,1755.84,92.059
2021-04-09 00:00:00,4128.8,18.938,3978.84,28698.8,58333.6,1743.88,92.163
2021-04-10 00:00:00,4128.8,18.938,3978.84,28698.8,58568.57,1743.88,92.163
2021-04-11 00:00:00,4128.8,18.938,3978.84,28698.8,59674.92,1743.88,92.163
2021-04-12 00:00:00,4127.99,19.65,3961.9,28453.28,59977.92,1732.76,92.138
2021-04-13 00:00:00,4141.59,19.512,3966.99,28497.25,63193.56,1745.51,91.852
2021-04-14 00:00:00,4124.66,19.682,3976.28,28900.83,62384.19,1736.43,91.69
2021-04-15 00:00:00,4170.42,20.26,3993.43,28793.14,63410.29,1763.95,91.671
2021-04-16 00:00:00,4185.47,20.538,4032.99,28969.71,62005.42,1776.51,91.556
2021-04-17 00:00:00,4185.47,20.538,4032.99,28969.71,60870.13,1776.51,91.556
2021-04-18 00:00:00,4185.47,20.538,4032.99,28969.71,56291.89,1776.51,91.556
2021-04-19 00:00:00,4163.26,20.941,4019.91,29106.15,56210.89,1771.43,91.069
2021-04-20 00:00:00,4134.94,21.066,3940.46,29135.73,56800.5,1778.75,91.241
2021-04-21 00:00:00,4173.42,21.109,3976.41,28621.92,54996.31,1793.79,91.155
2021-04-22 00:00:00,4134.98,21.368,4014.8,28755.34,51593.44,1783.94,91.333
2021-04-23 00:00:00,4180.17,20.046,4013.34,29078.75,50567.72,1777.2,90.859
2021-04-24 00:00:00,4180.17,20.046,4013.34,29078.75,50984.81,1777.2,90.859
2021-04-25 00:00:00,4180.17,20.046,4013.34,29078.75,48122.24,1777.2,90.859
2021-04-26 00:00:00,4187.62,20.001,4020.83,28952.83,53262.87,1781.38,90.807
2021-04-27 00:00:00,4186.72,21.403,4011.91,28941.54,55192.62,1776.6,90.909
2021-04-28 00:00:00,4183.18,21.554,4015.03,29071.34,54438.68,1781.68,90.609
2021-04-29 00:00:00,4211.47,22.501,3996.9,29303.26,52990.9,1772.18,90.614
2021-04-30 00:00:00,4181.17,23.285,3974.74,28724.88,56814.44,1769.13,91.28
2021-05-01 00:00:00,4181.17,23.285,3974.74,28724.88,57725.77,1769.13,91.28
2021-05-02 00:00:00,4181.17,23.285,3974.74,28724.88,57042.24,1769.13,91.28
2021-05-03 00:00:00,4192.66,23.813,4000.25,28357.54,56811.66,1792.88,90.945
2021-05-04 00:00:00,4164.66,23.048,3924.8,28557.14,54770.39,1779.06,91.288
2021-05-05 00:00:00,4167.59,23.962,4002.79,28417.98,56895.44,1786.87,91.308
2021-05-06 00:00:00,4201.62,24.33,3999.44,28637.46,55955.47,1815.22,90.951
2021-05-07 00:00:00,4232.6,23.941,4034.25,28610.65,57684.39,1831.24,90.233
2021-05-08 00:00:00,4232.6,23.941,4034.25,28610.65,59004.37,1831.24,90.233
2021-05-09 00:00:00,4232.6,23.941,4034.25,28610.65,57931.38,1831.24,90.233
2021-05-10 00:00:00,4188.43,25.192,4023.35,28595.66,55308.81,1836.07,90.212
2021-05-11 00:00:00,4152.1,25.803,3946.06,28013.81,56911.32,1837.47,90.141
2021-05-12 00:00:00,4063.04,26.42,3947.43,28231.04,54482.81,1815.69,90.713
2021-05-13 00:00:00,4112.5,26.251,3952.45,27718.67,49312.81,1826.72,90.752
2021-05-14 00:00:00,4173.85,26.83,4017.44,28027.57,49193.56,1843.43,90.321
2021-05-15 00:00:00,4173.85,26.83,4017.44,28027.57,48242.61,1843.43,90.321
2021-05-16 00:00:00,4173.85,26.83,4017.44,28027.57,44098.92,1843.43,90.321
2021-05-17 00:00:00,4163.29,26.31,4006.84,28194.09,44816.08,1866.9,90.164
2021-05-18 00:00:00,4127.83,24.811,4005.34,28593.81,43294.36,1869.44,89.75
2021-05-19 00:00:00,4115.68,22.663,3936.74,28593.81,38336.11,1869.62,90.191
2021-05-20 00:00:00,4159.12,24.685,3999.91,28450.29,40078.49,1877.21,89.808
2021-05-21 00:00:00,4155.86,24.794,4025.78,28458.44,35251.36,1881.25,90.017
2021-05-22 00:00:00,4155.86,24.794,4025.78,28458.44,38084.88,1881.25,90.017
2021-05-23 00:00:00,4155.86,24.794,4025.78,28458.44,33700.55,1881.25,90.017
2021-05-24 00:00:00,4197.05,24.761,4035.58,28412.26,39024.16,1881.02,89.844
2021-05-25 00:00:00,4188.13,26.188,4036.04,28910.86,37646.5,1899.25,89.639
2021-05-26 00:00:00,4195.99,26.427,4031.67,29166.01,38774.5,1896.67,90.042
2021-05-27 00:00:00,4200.88,25.199,4039.21,29113.2,38495.29,1896.54,89.971
2021-05-28 00:00:00,4204.11,24.931,4070.56,29124.41,35218.36,1903.77,90.031
2021-05-29 00:00:00,4204.11,24.931,4070.56,29124.41,34269.86,1903.77,90.031
2021-05-30 00:00:00,4204.11,24.931,4070.56,29124.41,36081.09,1903.77,90.031
2021-05-31 00:00:00,4204.11,25.123,4039.46,29151.8,36690.89,1906.87,89.829
2021-06-01 00:00:00,4202.04,25.975,4071.75,29468.0,36322.98,1900.44,89.831
2021-06-02 00:00:00,4208.12,25.723,4088.5,29297.62,37745.13,1908.38,89.909
2021-06-03 00:00:00,4192.85,25.707,4079.24,28966.03,38705.27,1870.76,90.512
2021-06-04 00:00:00,4229.89,25.795,4089.38,28918.1,37056.79,1891.59,90.136
2021-06-05 00:00:00,4229.89,25.795,4089.38,28918.1,35854.31,1891.59,90.136
2021-06-06 00:00:00,4229.89,25.795,4089.38,28918.1,35978.7,1891.59,90.136
2021-06-07 00:00:00,4226.52,26.492,4097.65,28787.28,34457.74,1899.21,89.95
2021-06-08 00:00:00,4227.26,27.802,4096.01,28781.38,33629.96,1892.89,90.076
2021-06-09 00:00:00,4219.55,28.298,4096.85,28742.63,36408.39,1888.57,90.12
2021-06-10 00:00:00,4239.18,28.687,4096.07,28738.88,36494.56,1898.51,90.075
2021-06-11 00:00:00,4247.44,27.845,4126.7,28842.13,37152.15,1877.53,90.555
2021-06-12 00:00:00,4247.44,27.845,4126.7,28842.13,36020.18,1877.53,90.555
2021-06-13 00:00:00,4247.44,27.845,4126.7,28842.13,39260.32,1877.53,90.555
2021-06-14 00:00:00,4255.15,28.81,4132.67,28842.13,39831.58,1866.18,90.522
2021-06-15 00:00:00,4246.59,28.133,4143.52,28638.53,39948.77,1859.02,90.536
2021-06-16 00:00:00,4223.7,28.03,4151.76,28436.84,38532.5,1811.47,91.129
2021-06-17 00:00:00,4221.86,28.312,4158.14,28558.59,37747.52,1773.5,91.889
2021-06-18 00:00:00,4166.45,29.404,4083.37,28801.27,35517.31,1764.16,92.225
2021-06-19 00:00:00,4166.45,29.404,4083.37,28801.27,36119.11,1764.16,92.225
2021-06-20 00:00:00,4166.45,29.404,4083.37,28801.27,35823.29,1764.16,92.225
2021-06-21 00:00:00,4224.79,29.616,4112.33,28489.0,32582.59,1783.27,91.899
2021-06-22 00:00:00,4246.44,30.737,4123.13,28309.76,32903.52,1778.74,91.756
2021-06-23 00:00:00,4241.84,31.547,4075.94,28817.07,33059.18,1778.68,91.802
2021-06-24 00:00:00,4266.49,32.016,4122.43,28882.46,34859.9,1775.17,91.814
2021-06-25 00:00:00,4280.7,32.383,4120.66,29288.22,32215.31,1781.44,91.851
2021-06-26 00:00:00,4280.7,32.383,4120.66,29288.22,31305.79,1781.44,91.851
2021-06-27 00:00:00,4280.7,32.383,4120.66,29288.22,32635.76,1781.44,91.851
2021-06-28 00:00:00,4290.61,32.289,4089.91,29268.3,34677.77,1778.48,91.887
2021-06-29 00:00:00,4291.8,33.486,4107.51,28994.1,36168.2,1761.24,92.049
2021-06-30 00:00:00,4297.5,34.622,4064.3,28827.95,34585.0,1770.11,92.436
2021-07-01 00:00:00,4319.94,36.143,4078.89,28827.95,33422.0,1776.84,92.597
2021-07-02 00:00:00,4352.34,35.827,4084.31,28310.42,33142.64,1787.3,92.226
2021-07-03 00:00:00,4352.34,35.827,4084.31,28310.42,34728.55,1787.3,92.226
2021-07-04 00:00:00,4352.34,35.827,4084.31,28310.42,35547.25,1787.3,92.226
2021-07-05 00:00:00,4352.34,37.945,4087.37,28143.5,33855.36,1791.77,92.212
2021-07-06 00:00:00,4343.54,34.105,4052.67,28072.86,33957.11,1797.08,92.546
2021-07-07 00:00:00,4358.13,32.338,4078.53,27960.62,34544.86,1803.63,92.644
2021-07-08 00:00:00,4320.82,33.312,3991.66,27153.13,32815.73,1802.83,92.417
2021-07-09 00:00:00,4369.55,36.632,4068.09,27344.54,33522.57,1808.32,92.13
2021-07-10 00:00:00,4369.55,36.632,4068.09,27344.54,33332.25,1808.32,92.13
2021-07-11 00:00:00,4369.55,36.632,4068.09,27344.54,33854.3,1808.32,92.13
2021-07-12 00:00:00,4384.63,34.649,4093.38,27515.24,32849.59,1806.28,92.261
2021-07-13 00:00:00,4369.21,35.463,4094.56,27963.41,32508.34,1807.76,92.752
2021-07-14 00:00:00,4374.3,34.775,4099.5,27787.46,32813.83,1827.53,92.41
2021-07-15 00:00:00,4360.03,33.797,4056.39,27996.27,31758.37,1829.47,92.624
2021-07-16 00:00:00,4327.16,34.842,4035.77,28004.68,31842.51,1812.05,92.687
2021-07-17 00:00:00,4327.16,34.842,4035.77,28004.68,31737.26,1812.05,92.687
2021-07-18 00:00:00,4327.16,34.842,4035.77,28004.68,31652.45,1812.05,92.687
2021-07-19 00:00:00,4258.49,35.649,3928.53,27489.78,30776.39,1812.64,92.891
2021-07-20 00:00:00,4323.06,35.165,3956.34,27259.25,29865.53,1810.36,92.973
2021-07-21 00:00:00,4358.69,35.949,4026.68,27224.58,31818.67,1803.66,92.754
2021-07-22 00:00:00,4367.48,36.129,4059.05,27723.84,32247.75,1806.92,92.822
2021-07-23 00:00:00,4411.79,35.523,4109.1,27321.98,32500.7,1802.15,92.912
2021-07-24 00:00:00,4411.79,35.523,4109.1,27321.98,33939.65,1802.15,92.912
2021-07-25 00:00:00,4411.79,35.523,4109.1,27321.98,34483.2,1802.15,92.912
2021-07-26 00:00:00,4422.3,36.914,4102.59,26192.32,37751.68,1797.63,92.649
2021-07-27 00:00:00,4401.46,37.59,4064.83,25086.43,38044.5,1799.09,92.432
2021-07-28 00:00:00,4400.64,39.698,4103.03,25473.88,39985.95,1807.11,92.322
2021-07-29 00:00:00,4419.15,41.154,4116.77,26315.32,39722.08,1828.17,91.864
2021-07-30 00:00:00,4395.26,40.756,4089.3,25961.03,40689.27,1814.19,92.174
2021-07-31 00:00:00,4395.26,40.756,4089.3,25961.03,41540.22,1814.19,92.174
2021-08-01 00:00:00,4395.26,40.756,4089.3,25961.03,41268.06,1814.19,92.174
2021-08-02 00:00:00,4387.16,42.153,4116.62,26235.8,38856.63,1813.47,92.048
2021-08-03 00:00:00,4423.15,41.243,4117.95,26194.82,38072.95,1810.44,92.081
2021-08-04 00:00:00,4402.66,42.253,4144.9,26426.55,39754.38,1811.74,92.27
2021-08-05 00:00:00,4429.1,42.899,4161.08,26204.69,40899.36,1804.41,92.244
2021-08-06 00:00:00,4436.52,43.118,4174.54,26179.4,42719.51,1763.03,92.8
2021-08-07 00:00:00,4436.52,43.118,4174.54,26179.4,43975.95,1763.03,92.8
2021-08-08 00:00:00,4436.52,43.118,4174.54,26179.4,43867.4,1763.03,92.8
2021-08-09 00:00:00,4432.35,42.786,4177.15,26283.4,45464.51,1729.94,92.945
2021-08-10 00:00:00,4436.75,44.655,4187.82,26605.62,45642.9,1728.93,93.055
2021-08-11 00:00:00,4447.7,45.986,4206.33,26660.16,46345.49,1751.7,92.922
2021-08-12 00:00:00,4460.83,45.871,4226.33,26517.82,44480.11,1752.9,93.035
2021-08-13 00:00:00,4468.0,44.628,4229.7,26391.62,47609.88,1779.74,92.518
2021-08-14 00:00:00,4468.0,44.628,4229.7,26391.62,46666.78,1779.74,92.518
2021-08-15 00:00:00,4468.0,44.628,4229.7,26391.62,46718.33,1779.74,92.518
2021-08-16 00:00:00,4479.71,47.988,4202.44,26181.46,46078.11,1787.45,92.628
2021-08-17 00:00:00,4448.08,46.949,4196.4,25745.87,44992.1,1786.19,93.13
2021-08-18 00:00:00,4400.27,45.385,4189.42,25867.01,44546.67,1787.82,93.136
2021-08-19 00:00:00,4405.8,40.395,4124.71,25316.33,46587.99,1780.38,93.568
2021-08-20 00:00:00,4441.67,41.944,4147.5,24849.72,48668.03,1781.11,93.496
2021-08-21 00:00:00,4441.67,41.944,4147.5,24849.72,49011.76,1781.11,93.496
2021-08-22 00:00:00,4441.67,41.944,4147.5,24849.72,48414.22,1781.11,93.496
2021-08-23 00:00:00,4479.53,41.68,4176.42,25109.59,49515.08,1805.43,92.958
2021-08-24 00:00:00,4486.23,44.87,4178.08,25727.92,48345.65,1802.9,92.893
2021-08-25 00:00:00,4496.19,45.285,4181.12,25693.95,48712.63,1791.0,92.825
2021-08-26 00:00:00,4470.0,45.788,4169.87,25415.69,47036.43,1792.43,93.062
2021-08-27 00:00:00,4509.37,47.806,4190.98,25407.89,48921.81,1817.57,92.686
2021-08-28 00:00:00,4509.37,47.806,4190.98,25407.89,48755.08,1817.57,92.686
2021-08-29 00:00:00,4509.37,47.806,4190.98,25407.89,48925.24,1817.57,92.686
2021-08-30 00:00:00,4528.79,49.679,4198.8,25539.54,48648.9,1810.34,92.653
2021-08-31 00:00:00,4522.68,50.338,4196.41,25878.99,47008.53,1813.62,92.626
2021-09-01 00:00:00,4524.09,50.232,4227.27,26028.29,48272.51,1813.9,92.449
2021-09-02 00:00:00,4536.95,51.916,4232.1,26090.43,49562.1,1809.66,92.225
2021-09-03 00:00:00,4535.43,51.505,4201.98,25901.99,50152.52,1827.73,92.035
2021-09-04 00:00:00,4535.43,51.505,4201.98,25901.99,50182.7,1827.73,92.035
2021-09-05 00:00:00,4535.43,51.505,4201.98,25901.99,51668.21,1827.73,92.035
2021-09-06 00:00:00,4535.43,52.874,4246.13,26163.63,51934.74,1823.29,92.035
2021-09-07 00:00:00,4520.03,53.908,4225.01,26353.63,46819.01,1794.36,92.512
2021-09-08 00:00:00,4514.07,55.288,4177.15,26320.93,46060.72,1789.26,92.653
2021-09-09 00:00:00,4493.28,56.581,4177.11,25716.0,46256.1,1794.58,92.479
2021-09-10 00:00:00,4458.58,57.916,4170.35,26205.91,45077.81,1787.58,92.582
2021-09-11 00:00:00,4458.58,57.916,4170.35,26205.91,45319.68,1787.58,92.582
2021-09-12 00:00:00,4458.58,57.916,4170.35,26205.91,45089.47,1787.58,92.582
2021-09-13 00:00:00,4468.73,61.279,4189.53,25813.81,45187.52,1793.75,92.675
2021-09-14 00:00:00,4443.05,65.764,4191.67,25502.23,46828.18,1804.51,92.623
2021-09-15 00:00:00,4480.7,70.707,4145.94,25033.21,47941.58,1794.06,92.548
2021-09-16 00:00:00,4473.75,63.251,4169.87,24667.85,47149.38,1753.77,92.932
2021-09-17 00:00:00,4432.99,65.103,4130.84,24920.76,46990.35,1754.34,93.195
2021-09-18 00:00:00,4432.99,65.103,4130.84,24920.76,47994.88,1754.34,93.195
2021-09-19 00:00:00,4432.99,65.103,4130.84,24920.76,47601.08,1754.34,93.195
2021-09-20 00:00:00,4357.73,75.317,4043.63,24099.14,43537.86,1764.16,93.276
2021-09-21 00:00:00,4354.19,73.782,4097.51,24221.54,40926.74,1774.51,93.204
2021-09-22 00:00:00,4395.64,71.692,4150.19,24221.54,43451.15,1768.16,93.462
2021-09-23 00:00:00,4448.98,69.684,4194.92,24510.98,44710.2,1742.76,93.085
2021-09-24 00:00:00,4455.48,70.24,4158.51,24192.16,42981.54,1750.42,93.327
2021-09-25 00:00:00,4455.48,70.24,4158.51,24192.16,42678.81,1750.42,93.327
2021-09-26 00:00:00,4455.48,70.24,4158.51,24192.16,43651.76,1750.42,93.327
2021-09-27 00:00:00,4443.11,76.507,4165.48,24208.78,42706.99,1750.16,93.383
2021-09-28 00:00:00,4352.63,78.565,4058.82,24500.39,41785.9,1734.01,93.766
2021-09-29 00:00:00,4359.46,86.609,4080.22,24663.5,41125.06,1726.37,94.338
2021-09-30 00:00:00,4307.54,97.774,4048.08,24575.64,43436.35,1756.95,94.23
2021-10-01 00:00:00,4357.04,93.625,4035.3,24575.64,48132.9,1760.98,94.035
2021-10-02 00:00:00,4357.04,93.625,4035.3,24575.64,48019.13,1760.98,94.035
2021-10-03 00:00:00,4357.04,93.625,4035.3,24575.64,48464.31,1760.98,94.035
2021-10-04 00:00:00,4300.46,96.652,3996.41,24036.37,49006.15,1769.57,93.776
2021-10-05 00:00:00,4345.72,116.02,4065.43,24104.15,51474.19,1760.18,93.975
2021-10-06 00:00:00,4363.55,108.191,4012.65,23966.49,54936.9,1762.74,94.266
2021-10-07 00:00:00,4399.76,96.584,4098.34,24701.73,54184.24,1755.78,94.217
2021-10-08 00:00:00,4391.34,87.606,4073.29,24837.85,53993.31,1757.13,94.067
2021-10-09 00:00:00,4391.34,87.606,4073.29,24837.85,54670.87,1757.13,94.067
2021-10-10 00:00:00,4391.34,87.606,4073.29,24837.85,55435.21,1757.13,94.067
2021-10-11 00:00:00,4361.19,85.216,4072.52,25325.09,57341.5,1754.15,94.316
2021-10-12 00:00:00,4350.65,85.698,4055.09,24962.59,55362.51,1760.18,94.516
2021-10-13 00:00:00,4363.8,93.616,4083.28,24962.59,56982.87,1792.97,94.08
2021-10-14 00:00:00,4438.26,102.172,4149.06,24962.59,57443.04,1795.87,93.956
2021-10-15 00:00:00,4471.37,93.648,4182.91,25330.96,62526.67,1767.62,93.937
2021-10-16 00:00:00,4471.37,93.648,4182.91,25330.96,61014.11,1767.62,93.937
2021-10-17 00:00:00,4471.37,93.648,4182.91,25330.96,59400.14,1767.62,93.937
2021-10-18 00:00:00,4486.46,93.933,4151.4,25409.75,61367.44,1764.86,93.953
2021-10-19 00:00:00,4519.63,89.932,4166.83,25787.21,64121.31,1769.29,93.734
2021-10-20 00:00:00,4536.19,93.451,4172.17,26136.02,65996.35,1782.08,93.558
2021-10-21 00:00:00,4549.78,88.463,4155.73,26017.53,62680.43,1782.9,93.77
2021-10-22 00:00:00,4544.9,87.338,4188.81,26126.93,60726.01,1792.65,93.642
2021-10-23 00:00:00,4544.9,87.338,4188.81,26126.93,61124.51,1792.65,93.642
2021-10-24 00:00:00,4544.9,87.338,4188.81,26126.93,61159.77,1792.65,93.642
2021-10-25 00:00:00,4566.48,88.643,4188.31,26132.03,62544.64,1807.73,93.813
2021-10-26 00:00:00,4574.79,88.493,4223.97,26038.27,62096.9,1792.91,93.949
2021-10-27 00:00:00,4551.68,86.819,4220.88,25628.74,58924.76,1796.81,93.802
2021-10-28 00:00:00,4596.42,77.032,4233.87,25555.73,61395.58,1798.91,93.345
2021-10-29 00:00:00,4605.38,64.864,4250.56,25377.24,62395.66,1783.38,94.123
2021-10-30 00:00:00,4605.38,64.864,4250.56,25377.24,61682.78,1783.38,94.123
2021-10-31 00:00:00,4605.38,64.864,4250.56,25377.24,60975.98,1783.38,94.123
2021-11-01 00:00:00,4613.67,65.619,4280.47,25154.32,60727.52,1793.28,93.879
2021-11-02 00:00:00,4630.65,67.606,4296.22,25099.67,63141.03,1787.76,94.09
2021-11-03 00:00:00,4660.57,76.542,4309.61,25024.75,62776.06,1769.84,93.864
2021-11-04 00:00:00,4680.06,73.376,4333.34,25225.19,61365.05,1792.04,94.347
2021-11-05 00:00:00,4697.53,74.027,4363.04,24870.51,60976.2,1818.36,94.32
2021-11-06 00:00:00,4697.53,74.027,4363.04,24870.51,61201.83,1818.36,94.32
2021-11-07 00:00:00,4697.53,74.027,4363.04,24870.51,62884.45,1818.36,94.32
2021-11-08 00:00:00,4701.7,79.074,4352.53,24763.77,66138.54,1824.18,94.049
2021-11-09 00:00:00,4685.25,72.587,4344.63,24813.13,67734.04,1831.92,93.955
2021-11-10 00:00:00,4646.71,70.123,4348.82,24996.14,64293.61,1849.6,94.85
2021-11-11 00:00:00,4649.27,74.79,4358.0,25247.99,65069.89,1862.11,95.178
2021-11-12 00:00:00,4682.85,75.675,4370.33,25327.97,64100.68,1864.9,95.128
2021-11-13 00:00:00,4682.85,75.675,4370.33,25327.97,64367.64,1864.9,95.128
2021-11-14 00:00:00,4682.85,75.675,4370.33,25327.97,64336.55,1864.9,95.128
2021-11-15 00:00:00,4682.8,79.947,4386.19,25390.91,63899.88,1862.84,95.407
2021-11-16 00:00:00,4700.9,94.189,4401.49,25713.78,60488.5,1850.63,95.915
2021-11-17 00:00:00,4688.67,95.004,4400.81,25650.08,60117.19,1867.48,95.828
2021-11-18 00:00:00,4704.54,95.167,4383.7,25319.72,57595.39,1858.94,95.544
2021-11-19 00:00:00,4697.96,87.125,4356.47,25049.97,57869.63,1845.73,96.031
2021-11-20 00:00:00,4697.96,87.125,4356.47,25049.97,59651.08,1845.73,96.031
2021-11-21 00:00:00,4697.96,87.125,4356.47,25049.97,59541.76,1845.73,96.031
2021-11-22 00:00:00,4682.94,84.017,4338.69,24951.34,56278.01,1804.65,96.548
2021-11-23 00:00:00,4690.7,90.927,4283.82,24651.58,57709.14,1789.16,96.491
2021-11-24 00:00:00,4701.46,93.984,4276.25,24685.5,57331.67,1788.61,96.875
2021-11-25 00:00:00,4701.46,93.194,4293.24,24740.16,58855.15,1788.85,96.774
2021-11-26 00:00:00,4594.62,87.772,4089.58,24080.52,54019.74,1802.59,96.089
2021-11-27 00:00:00,4594.62,87.772,4089.58,24080.52,54625.03,1802.59,96.089
2021-11-28 00:00:00,4594.62,87.772,4089.58,24080.52,56341.89,1802.59,96.089
2021-11-29 00:00:00,4655.27,93.146,4109.51,23852.24,58316.89,1784.6,96.341
2021-11-30 00:00:00,4567.0,92.513,4063.06,23475.26,57138.67,1774.52,95.994
2021-12-01 00:00:00,4513.04,95.675,4179.15,23658.92,57029.49,1781.73,96.028
2021-12-02 00:00:00,4577.1,94.83,4108.02,23788.93,56903.45,1768.74,96.156
2021-12-03 00:00:00,4538.43,89.478,4080.15,23766.69,53655.27,1783.29,96.117
2021-12-04 00:00:00,4538.43,89.478,4080.15,23766.69,48765.22,1783.29,96.117
2021-12-05 00:00:00,4538.43,89.478,4080.15,23766.69,49229.81,1783.29,96.117
2021-12-06 00:00:00,4591.67,89.928,4137.11,23349.38,50120.56,1778.67,96.328
2021-12-07 00:00:00,4686.75,95.883,4276.2,23983.66,50527.72,1784.13,96.369
2021-12-08 00:00:00,4701.21,101.502,4233.09,23996.87,50635.11,1782.99,95.894
2021-12-09 00:00:00,4667.45,100.445,4208.3,24254.86,47997.76,1775.33,96.271
2021-12-10 00:00:00,4712.02,105.776,4199.16,23995.72,47952.18,1782.84,96.097
2021-12-11 00:00:00,4712.02,105.776,4199.16,23995.72,48813.56,1782.84,96.097
2021-12-12 00:00:00,4712.02,105.776,4199.16,23995.72,49965.29,1782.84,96.097
2021-12-13 00:00:00,4668.97,116.084,4183.04,23954.58,46828.95,1786.67,96.317
2021-12-14 00:00:00,4634.09,128.301,4144.51,23635.95,48310.62,1770.85,96.571
2021-12-15 00:00:00,4709.85,132.284,4159.68,23420.76,49192.58,1776.92,96.511
2021-12-16 00:00:00,4668.67,142.765,4201.87,23475.5,48111.68,1799.35,96.042
2021-12-17 00:00:00,4620.64,136.913,4161.35,23192.63,46873.03,1798.11,96.565
2021-12-18 00:00:00,4620.64,136.913,4161.35,23192.63,46971.17,1798.11,96.565
2021-12-19 00:00:00,4620.64,136.913,4161.35,23192.63,46741.79,1798.11,96.565
2021-12-20 00:00:00,4568.02,146.926,4107.13,22744.86,46987.56,1790.93,96.551
2021-12-21 00:00:00,4649.23,180.267,4174.99,22971.33,49106.42,1789.27,96.491
2021-12-22 00:00:00,4696.56,172.875,4217.06,23102.33,49073.95,1803.67,96.076
2021-12-23 00:00:00,4725.79,132.579,4265.86,23193.64,50849.2,1808.81,96.019
2021-12-24 00:00:00,4725.79,110.469,4255.01,23223.76,50908.79,1810.26,96.019
2021-12-25 00:00:00,4725.79,110.469,4255.01,23223.76,50986.51,1810.26,96.019
2021-12-26 00:00:00,4725.79,110.469,4255.01,23223.76,50808.21,1810.26,96.019
2021-12-27 00:00:00,4791.19,106.893,4287.98,23223.76,50989.1,1812.13,96.093
2021-12-28 00:00:00,4786.35,106.59,4311.93,23280.56,47561.31,1806.18,96.202
2021-12-29 00:00:00,4793.06,96.476,4284.83,23086.54,47232.15,1804.71,95.929
2021-12-30 00:00:00,4778.73,87.027,4306.07,23112.01,47298.35,1814.67,95.968
2021-12-31 00:00:00,4766.18,70.343,4298.41,23397.67,46333.65,1829.2,95.67
2022-01-01 00:00:00,4766.18,70.343,4298.41,23397.67,47333.2,1829.2,95.67
2022-01-02 00:00:00,4766.18,70.343,4298.41,23397.67,47028.52,1829.2,95.67
2022-01-03 00:00:00,4796.56,80.434,4331.82,23274.75,45997.26,1801.45,96.213
2022-01-04 00:00:00,4793.54,88.741,4367.62,23289.84,46220.42,1814.6,96.262
2022-01-05 00:00:00,4700.58,91.522,4392.15,22907.25,43603.88,1810.44,96.171
2022-01-06 00:00:00,4696.05,96.502,4324.81,23072.86,43120.88,1791.16,96.32
2022-01-07 00:00:00,4677.03,88.174,4305.83,23493.38,41881.75,1796.55,95.719
2022-01-08 00:00:00,4677.03,88.174,4305.83,23493.38,41788.38,1796.55,95.719
2022-01-09 00:00:00,4677.03,88.174,4305.83,23493.38,42315.13,1796.55,95.719
2022-01-10 00:00:00,4670.29,84.607,4239.52,23746.54,41729.31,1801.68,95.991
2022-01-11 00:00:00,4713.07,78.736,4281.54,23739.06,42687.27,1821.6,95.624
2022-01-12 00:00:00,4726.35,75.153,4316.39,24402.17,43793.81,1826.15,94.915
2022-01-13 00:00:00,4659.03,85.46,4315.9,24429.77,42828.59,1822.54,94.79
2022-01-14 00:00:00,4662.85,86.97,4272.19,24383.32,43321.7,1817.94,95.165
2022-01-15 00:00:00,4662.85,86.97,4272.19,24383.32,43333.72,1817.94,95.165
2022-01-16 00:00:00,4662.85,86.97,4272.19,24383.32,42982.4,1817.94,95.165
2022-01-17 00:00:00,4662.85,77.012,4302.14,24218.03,41743.99,1819.23,95.258
2022-01-18 00:00:00,4577.11,78.334,4257.82,24112.78,42395.22,1813.74,95.732
2022-01-19 00:00:00,4532.76,75.602,4268.28,24127.85,41724.22,1840.54,95.51
2022-01-20 00:00:00,4482.73,75.203,4299.61,24952.35,41326.77,1839.29,95.735
2022-01-21 00:00:00,4397.94,78.98,4229.56,24965.55,36692.38,1835.38,95.642
2022-01-22 00:00:00,4397.94,78.98,4229.56,24965.55,35402.77,1835.38,95.642
2022-01-23 00:00:00,4397.94,78.98,4229.56,24965.55,35364.47,1835.38,95.642
2022-01-24 00:00:00,4410.13,93.0,4054.36,24656.46,36828.36,1843.06,95.918
2022-01-25 00:00:00,4356.45,93.582,4078.26,24243.61,36579.75,1848.02,95.948
2022-01-26 00:00:00,4349.93,91.837,4164.6,24289.9,36356.7,1819.59,96.478
2022-01-27 00:00:00,4326.51,92.301,4184.97,23807.0,36198.95,1797.43,97.255
2022-01-28 00:00:00,4431.85,92.062,4136.91,23550.08,37807.95,1791.53,97.27
2022-01-29 00:00:00,4431.85,92.062,4136.91,23550.08,38388.74,1791.53,97.27
2022-01-30 00:00:00,4431.85,92.062,4136.91,23550.08,37754.4,1791.53,97.27
2022-01-31 00:00:00,4515.55,84.672,4174.6,23802.26,38437.84,1797.17,96.54
2022-02-01 00:00:00,4546.54,76.167,4224.45,23802.26,38813.82,1801.19,96.385
2022-02-02 00:00:00,4589.38,77.351,4222.05,23802.26,36936.93,1806.8,95.936
2022-02-03 00:00:00,4477.44,80.223,4141.02,23802.26,36964.58,1804.85,95.379
2022-02-04 00:00:00,4500.53,82.652,4086.58,24573.29,40647.25,1808.28,95.485
2022-02-05 00:00:00,4500.53,82.652,4086.58,24573.29,41673.4,1808.28,95.485
2022-02-06 00:00:00,4500.53,82.652,4086.58,24573.29,41687.25,1808.28,95.485
2022-02-07 00:00:00,4483.87,79.595,4120.56,24579.55,44102.99,1820.47,95.399
2022-02-08 00:00:00,4521.54,77.3,4129.25,24329.49,44230.11,1825.92,95.643
2022-02-09 00:00:00,4587.18,74.417,4204.09,24829.99,44497.51,1833.36,95.494
2022-02-10 00:00:00,4504.08,74.353,4197.07,24924.35,43776.42,1826.85,95.553
2022-02-11 00:00:00,4418.64,77.426,4155.23,24906.66,42563.24,1858.76,96.082
2022-02-12 00:00:00,4418.64,77.426,4155.23,24906.66,41899.77,1858.76,96.082
2022-02-13 00:00:00,4418.64,77.426,4155.23,24906.66,42228.76,1858.76,96.082
2022-02-14 00:00:00,4401.67,80.771,4064.45,24556.57,42249.01,1871.18,96.374
2022-02-15 00:00:00,4471.07,70.919,4143.71,24355.71,43999.15,1853.61,95.989
2022-02-16 00:00:00,4475.01,69.795,4137.22,24718.9,44092.86,1869.8,95.701
2022-02-17 00:00:00,4380.26,74.914,4113.19,24792.77,40699.63,1898.43,95.8
2022-02-18 00:00:00,4348.87,73.762,4074.28,24327.71,39991.9,1898.43,96.043
2022-02-19 00:00:00,4348.87,73.762,4074.28,24327.71,39942.63,1898.43,96.043
2022-02-20 00:00:00,4348.87,73.762,4074.28,24327.71,38252.4,1898.43,96.043
2022-02-21 00:00:00,4348.87,72.564,3985.71,24170.07,37076.09,1906.29,96.078
2022-02-22 00:00:00,4304.76,79.789,3985.47,23520.0,37893.47,1898.64,96.025
2022-02-23 00:00:00,4225.5,88.891,3973.41,23660.28,37543.5,1909.01,96.19
2022-02-24 00:00:00,4288.7,134.316,3829.29,22901.56,38414.95,1903.89,97.137
2022-02-25 00:00:00,4384.65,94.422,3970.69,22767.18,38994.5,1889.34,96.615
2022-02-26 00:00:00,4384.65,94.422,3970.69,22767.18,39480.74,1889.34,96.615
2022-02-27 00:00:00,4384.65,94.422,3970.69,22767.18,37435.48,1889.34,96.615
2022-02-28 00:00:00,4373.94,98.595,3924.23,22713.02,41654.97,1908.99,96.707
2022-03-01 00:00:00,4306.26,121.674,3765.85,22761.71,43900.24,1945.28,97.409
2022-03-02 00:00:00,4386.54,165.543,3820.59,22343.92,44090.72,1928.72,97.385
2022-03-03 00:00:00,4363.49,160.823,3741.78,22467.34,42096.97,1935.95,97.785
2022-03-04 00:00:00,4328.87,192.55,3556.01,21905.29,39393.7,1970.7,98.648
2022-03-05 00:00:00,4328.87,192.55,3556.01,21905.29,39380.38,1970.7,98.648
2022-03-06 00:00:00,4328.87,192.55,3556.01,21905.29,39030.04,1970.7,98.648
2022-03-07 00:00:00,4201.09,227.201,3512.22,21057.63,37839.36,1998.11,99.293
2022-03-08 00:00:00,4170.7,214.554,3505.29,20765.87,38506.43,2050.76,99.062
2022-03-09 00:00:00,4277.88,155.88,3766.02,20627.71,41893.74,1991.83,97.968
2022-03-10 00:00:00,4259.52,126.399,3651.39,20890.26,39329.95,1996.98,98.507
2022-03-11 00:00:00,4204.31,131.229,3686.78,20553.79,38860.7,1988.46,99.124
2022-03-12 00:00:00,4204.31,131.229,3686.78,20553.79,39102.38,1988.46,99.124
2022-03-13 00:00:00,4204.31,131.229,3686.78,20553.79,38687.43,1988.46,99.124
2022-03-14 00:00:00,4173.11,114.522,3741.1,19531.66,38725.24,1950.88,98.999
2022-03-15 00:00:00,4262.45,115.439,3738.11,18415.08,39441.9,1917.94,99.097
2022-03-16 00:00:00,4357.86,102.623,3889.69,20087.5,41258.79,1927.29,98.618
2022-03-17 00:00:00,4411.67,105.088,3885.32,21501.23,40724.56,1942.89,97.974
2022-03-18 00:00:00,4463.12,105.044,3902.44,21412.4,41755.9,1921.62,98.233
2022-03-19 00:00:00,4463.12,105.044,3902.44,21412.4,42219.42,1921.62,98.233
2022-03-20 00:00:00,4463.12,105.044,3902.44,21412.4,41308.02,1921.62,98.233
2022-03-21 00:00:00,4461.18,96.302,3881.8,21221.34,41136.88,1935.91,98.498
2022-03-22 00:00:00,4511.61,98.747,3926.12,21889.28,42606.24,1921.69,98.493
2022-03-23 00:00:00,4456.24,117.001,3869.22,22154.08,42368.58,1943.86,98.622
2022-03-24 00:00:00,4520.16,111.608,3863.39,21945.95,43895.65,1957.69,98.789
2022-03-25 00:00:00,4543.06,101.269,3867.73,21404.88,44577.76,1958.29,98.789
2022-03-26 00:00:00,4543.06,101.269,3867.73,21404.88,44590.9,1958.29,98.789
2022-03-27 00:00:00,4543.06,101.269,3867.73,21404.88,46111.06,1958.29,98.789
2022-03-28 00:00:00,4575.52,102.545,3887.1,21684.97,47967.56,1922.8,99.091
2022-03-29 00:00:00,4631.6,108.381,4002.18,21927.63,47486.26,1919.43,98.404
2022-03-30 00:00:00,4602.45,118.97,3959.14,22232.03,47277.24,1932.87,97.792
2022-03-31 00:00:00,4530.41,125.906,3902.52,21996.85,45767.58,1937.44,98.312
2022-04-01 00:00:00,4545.86,112.15,3918.68,22039.55,46168.58,1925.68,98.632
2022-04-02 00:00:00,4545.86,112.15,3918.68,22039.55,46196.63,1925.68,98.632
2022-04-03 00:00:00,4545.86,112.15,3918.68,22039.55,46387.63,1925.68,98.632
2022-04-04 00:00:00,4582.64,109.523,3951.12,22502.31,46311.76,1932.73,99.0
2022-04-05 00:00:00,4525.12,108.564,3917.85,22502.31,45868.99,1923.6,99.472
2022-04-06 00:00:00,4481.15,106.791,3824.69,22080.52,43885.38,1925.35,99.599
2022-04-07 00:00:00,4500.21,104.564,3802.01,21808.98,43577.22,1931.86,99.751
2022-04-08 00:00:00,4488.28,103.882,3858.37,21872.01,42815.77,1947.54,99.796
2022-04-09 00:00:00,4488.28,103.882,3858.37,21872.01,42447.77,1947.54,99.796
2022-04-10 00:00:00,4488.28,103.882,3858.37,21872.01,43125.15,1947.54,99.796
2022-04-11 00:00:00,4412.53,100.137,3839.62,21208.3,39846.47,1953.52,99.932
2022-04-12 00:00:00,4397.45,102.219,3831.47,21319.13,39534.08,1966.76,100.292
2022-04-13 00:00:00,4446.59,105.324,3827.96,21374.37,41254.52,1977.8,99.875
2022-04-14 00:00:00,4392.59,95.62,3848.68,21518.08,39915.93,1973.71,100.321
2022-04-15 00:00:00,4392.59,95.62,3848.68,21518.08,40404.52,1978.24,100.5
2022-04-16 00:00:00,4392.59,95.62,3848.68,21518.08,40294.88,1978.24,100.5
2022-04-17 00:00:00,4392.59,95.62,3848.68,21518.08,40273.09,1978.24,100.5
2022-04-18 00:00:00,4391.69,95.62,3848.68,21518.08,40673.67,1978.91,100.781
2022-04-19 00:00:00,4462.21,93.768,3830.76,21027.76,41297.9,1950.09,100.961
2022-04-20 00:00:00,4459.45,94.231,3896.81,20944.67,41430.79,1957.77,100.39
2022-04-21 00:00:00,4393.66,100.061,3928.03,20682.22,40615.45,1951.62,100.578
2022-04-22 00:00:00,4271.78,94.875,3840.01,20638.52,39621.31,1931.6,101.22
2022-04-23 00:00:00,4271.78,94.875,3840.01,20638.52,39808.74,1931.6,101.22
2022-04-24 00:00:00,4271.78,94.875,3840.01,20638.52,39515.9,1931.6,101.22
2022-04-25 00:00:00,4296.12,92.837,3757.59,19869.34,40186.18,1897.83,101.752
2022-04-26 00:00:00,4175.2,103.208,3721.36,19934.71,38123.52,1905.51,102.303
2022-04-27 00:00:00,4183.96,107.427,3734.64,19946.36,39106.93,1886.1,102.954
2022-04-28 00:00:00,4287.5,100.142,3777.02,20276.17,39889.27,1894.45,103.623
2022-04-29 00:00:00,4131.93,99.45,3802.86,21089.39,38560.04,1896.93,102.959
2022-04-30 00:00:00,4131.93,99.45,3802.86,21089.39,38334.7,1896.93,102.959
2022-05-01 00:00:00,4131.93,99.45,3802.86,21089.39,38320.24,1896.93,102.959
2022-05-02 00:00:00,4155.38,97.051,3732.44,21089.39,38312.41,1863.02,103.744
2022-05-03 00:00:00,4175.48,99.426,3761.19,21101.89,37784.82,1868.12,103.465
2022-05-04 00:00:00,4300.17,103.821,3724.99,20869.52,39800.33,1881.22,102.587
2022-05-05 00:00:00,4146.87,106.508,3696.63,20793.4,36456.02,1877.18,103.752
2022-05-06 00:00:00,4123.34,101.708,3629.17,20001.96,36077.29,1883.81,103.66
2022-05-07 00:00:00,4123.34,101.708,3629.17,20001.96,35768.23,1883.81,103.66
2022-05-08 00:00:00,4123.34,101.708,3629.17,20001.96,34225.04,1883.81,103.66
2022-05-09 00:00:00,3991.24,93.787,3526.86,20001.96,30959.3,1854.17,103.651
2022-05-10 00:00:00,4001.05,98.801,3554.8,19633.69,31000.83,1838.27,103.92
2022-05-11 00:00:00,3935.18,94.012,3647.87,19824.57,28402.78,1852.4,103.846
2022-05-12 00:00:00,3930.08,106.701,3613.43,19380.34,28546.25,1821.82,104.851
2022-05-13 00:00:00,4023.89,96.881,3703.42,19898.77,29760.13,1811.79,104.563
2022-05-14 00:00:00,4023.89,96.881,3703.42,19898.77,29341.75,1811.79,104.563
2022-05-15 00:00:00,4023.89,96.881,3703.42,19898.77,31019.19,1811.79,104.563
2022-05-16 00:00:00,4008.01,92.86,3685.34,19950.21,29908.75,1824.14,104.187
2022-05-17 00:00:00,4088.85,94.175,3741.51,20602.52,30077.8,1815.16,103.36
2022-05-18 00:00:00,3923.68,94.538,3690.74,20644.28,29205.89,1816.6,103.81
2022-05-19 00:00:00,3900.79,91.024,3640.55,20120.68,30231.08,1841.85,102.724
2022-05-20 00:00:00,3901.36,87.902,3657.03,20717.24,29117.13,1846.5,103.15
2022-05-21 00:00:00,3901.36,87.902,3657.03,20717.24,29391.93,1846.5,103.15
2022-05-22 00:00:00,3901.36,87.902,3657.03,20717.24,29907.98,1846.5,103.15
2022-05-23 00:00:00,3973.75,83.288,3708.39,20470.06,29314.55,1853.59,102.076
2022-05-24 00:00:00,3941.48,84.507,3647.56,20112.1,29438.3,1866.45,101.857
2022-05-25 00:00:00,3978.73,88.078,3677.1,20171.27,29764.46,1853.46,102.056
2022-05-26 00:00:00,4057.84,85.971,3740.31,20116.2,29437.55,1850.63,101.829
2022-05-27 00:00:00,4158.24,86.875,3808.86,20697.36,28728.9,1853.72,101.668
2022-05-28 00:00:00,4158.24,86.875,3808.86,20697.36,28999.04,1853.72,101.668
2022-05-29 00:00:00,4158.24,86.875,3808.86,20697.36,29160.07,1853.72,101.668
2022-05-30 00:00:00,4158.24,87.987,3841.62,21123.93,31257.74,1855.23,101.668
2022-05-31 00:00:00,4132.15,94.004,3789.21,21415.2,31788.28,1837.35,101.752
2022-06-01 00:00:00,4101.23,85.551,3759.54,21294.94,29621.61,1846.6,102.498
2022-06-02 00:00:00,4176.82,83.945,3795.13,21082.13,30225.18,1868.58,101.824
2022-06-03 00:00:00,4108.54,83.101,3783.66,21082.13,29640.5,1851.19,102.14
2022-06-04 00:00:00,4108.54,83.101,3783.66,21082.13,29733.76,1851.19,102.14
2022-06-05 00:00:00,4108.54,83.101,3783.66,21082.13,29925.66,1851.19,102.14
2022-06-06 00:00:00,4121.43,82.558,3838.42,21653.9,31438.72,1841.43,102.437
2022-06-07 00:00:00,4160.68,79.608,3806.74,21531.67,31330.81,1852.37,102.318
2022-06-08 00:00:00,4115.77,79.407,3788.93,22014.59,30179.77,1853.36,102.542
2022-06-09 00:00:00,4017.82,84.88,3724.45,21869.05,30161.34,1847.95,103.223
2022-06-10 00:00:00,3900.86,82.464,3599.2,21806.18,29177.39,1871.6,104.148
2022-06-11 00:00:00,3900.86,82.464,3599.2,21806.18,28380.38,1871.6,104.148
2022-06-12 00:00:00,3900.86,82.464,3599.2,21806.18,27345.79,1871.6,104.148
2022-06-13 00:00:00,3749.63,83.402,3502.5,21067.58,23209.61,1819.26,105.078
2022-06-14 00:00:00,3735.48,97.04,3475.18,21067.99,21966.38,1808.49,105.518
2022-06-15 00:00:00,3789.99,120.332,3532.32,21308.21,21640.29,1833.82,105.158
2022-06-16 00:00:00,3666.77,124.364,3427.91,20845.43,20677.24,1857.33,103.631
2022-06-17 00:00:00,3674.84,117.738,3438.46,21075.0,20630.54,1839.39,104.7
2022-06-18 00:00:00,3674.84,117.738,3438.46,21075.0,17785.09,1839.39,104.7
2022-06-19 00:00:00,3674.84,117.738,3438.46,21075.0,20607.54,1839.39,104.7
2022-06-20 00:00:00,3674.84,120.627,3469.83,21163.91,20427.23,1838.74,104.7
2022-06-21 00:00:00,3764.79,125.56,3494.0,21559.59,20838.45,1832.98,104.435
2022-06-22 00:00:00,3759.89,127.171,3464.64,21008.34,19857.05,1837.72,104.197
2022-06-23 00:00:00,3795.73,133.347,3436.29,21273.87,20795.38,1822.77,104.431
2022-06-24 00:00:00,3911.74,128.505,3533.17,21719.06,21183.82,1826.88,104.185
2022-06-25 00:00:00,3911.74,128.505,3533.17,21719.06,21214.51,1826.88,104.185
2022-06-26 00:00:00,3911.74,128.505,3533.17,21719.06,21392.35,1826.88,104.185
2022-06-27 00:00:00,3900.11,129.459,3538.88,22229.52,20898.65,1822.85,103.939
2022-06-28 00:00:00,3821.55,129.176,3549.29,22418.97,20247.7,1820.01,104.506
2022-06-29 00:00:00,3818.83,139.588,3514.32,21996.89,20197.75,1817.73,105.106
2022-06-30 00:00:00,3785.38,144.514,3454.86,21859.79,18731.3,1807.27,104.685
2022-07-01 00:00:00,3825.33,147.784,3448.31,21859.79,19406.69,1811.43,105.138
2022-07-02 00:00:00,3825.33,147.784,3448.31,21859.79,19238.99,1811.43,105.138
2022-07-03 00:00:00,3825.33,147.784,3448.31,21859.79,19420.48,1811.43,105.138
2022-07-04 00:00:00,3825.33,162.94,3452.42,21830.35,19755.85,1808.15,105.138
2022-07-05 00:00:00,3831.39,165.073,3359.83,21853.07,20441.63,1764.76,106.535
2022-07-06 00:00:00,3845.08,170.999,3421.84,21586.66,20380.0,1738.86,107.096
2022-07-07 00:00:00,3902.62,183.183,3488.5,21643.58,21610.58,1740.16,107.13
2022-07-08 00:00:00,3899.38,175.212,3506.55,21725.78,21846.53,1742.48,107.007
2022-07-09 00:00:00,3899.38,175.212,3506.55,21725.78,21672.98,1742.48,107.007
2022-07-10 00:00:00,3899.38,175.212,3506.55,21725.78,20972.87,1742.48,107.007
2022-07-11 00:00:00,3854.43,164.52,3471.69,21124.2,20409.54,1733.96,108.021
2022-07-12 00:00:00,3818.8,172.609,3487.05,20844.74,19443.28,1726.0,108.072
2022-07-13 00:00:00,3801.78,180.505,3453.97,20797.95,19657.01,1735.51,107.957
2022-07-14 00:00:00,3790.38,175.033,3396.61,20751.21,20667.93,1709.94,108.544
2022-07-15 00:00:00,3863.16,159.567,3477.2,20297.72,20926.53,1708.17,108.063
2022-07-16 00:00:00,3863.16,159.567,3477.2,20297.72,21204.61,1708.17,108.063
2022-07-17 00:00:00,3863.16,159.567,3477.2,20297.72,20930.58,1708.17,108.063
2022-07-18 00:00:00,3830.85,157.258,3511.86,20846.18,21487.97,1709.22,107.366
2022-07-19 00:00:00,3936.69,154.457,3587.44,20661.06,23304.71,1711.67,106.682
2022-07-20 00:00:00,3959.9,155.038,3585.24,20890.22,23258.12,1696.58,107.076
2022-07-21 00:00:00,3998.95,155.6,3596.51,20574.63,23123.88,1718.81,106.91
2022-07-22 00:00:00,3961.63,159.864,3596.49,20609.14,22605.38,1727.64,106.73
2022-07-23 00:00:00,3961.63,159.864,3596.49,20609.14,22330.07,1727.64,106.73
2022-07-24 00:00:00,3961.63,159.864,3596.49,20609.14,22723.53,1727.64,106.73
2022-07-25 00:00:00,3966.84,176.616,3604.16,20562.94,22171.68,1719.78,106.483
2022-07-26 00:00:00,3921.05,199.918,3575.36,20905.88,20985.62,1717.32,107.189
2022-07-27 00:00:00,4023.61,205.225,3607.78,20670.04,22784.97,1734.19,106.452
2022-07-28 00:00:00,4072.43,198.93,3652.2,20622.68,24033.74,1755.84,106.351
2022-07-29 00:00:00,4130.29,190.915,3708.1,20156.51,23951.94,1765.94,105.903
2022-07-30 00:00:00,4130.29,190.915,3708.1,20156.51,23972.77,1765.94,105.903
2022-07-31 00:00:00,4130.29,190.915,3708.1,20156.51,23807.28,1765.94,105.903
2022-08-01 00:00:00,4118.63,200.794,3706.62,20165.84,23129.11,1772.17,105.45
2022-08-02 00:00:00,4091.19,205.174,3684.63,19689.21,23029.66,1760.39,106.241
2022-08-03 00:00:00,4155.17,199.195,3732.54,19767.09,23327.08,1765.29,106.506
2022-08-04 00:00:00,4151.94,199.248,3754.6,20174.04,22513.58,1791.28,105.693
2022-08-05 00:00:00,4145.19,196.32,3725.39,20201.94,22985.34,1775.5,106.621
2022-08-06 00:00:00,4145.19,196.32,3725.39,20201.94,23174.48,1775.5,106.621
2022-08-07 00:00:00,4145.19,196.32,3725.39,20201.94,23266.22,1775.5,106.621
2022-08-08 00:00:00,4140.06,193.055,3757.22,20045.77,24072.39,1788.96,106.435
2022-08-09 00:00:00,4122.47,192.184,3715.37,20003.44,23144.84,1794.29,106.374
2022-08-10 00:00:00,4210.24,205.367,3749.35,19610.84,23904.94,1792.38,105.196
2022-08-11 00:00:00,4207.27,208.11,3757.05,20082.43,24216.28,1789.72,105.09
2022-08-12 00:00:00,4280.15,206.108,3776.81,20175.62,24240.76,1802.4,105.631
2022-08-13 00:00:00,4280.15,206.108,3776.81,20175.62,24494.84,1802.4,105.631
2022-08-14 00:00:00,4280.15,206.108,3776.81,20175.62,24322.8,1802.4,105.631
2022-08-15 00:00:00,4297.14,220.11,3789.62,20040.86,24074.01,1779.71,106.546
2022-08-16 00:00:00,4305.2,225.914,3805.22,19830.52,23984.02,1775.69,106.5
2022-08-17 00:00:00,4274.04,225.835,3756.06,19922.45,23407.4,1761.77,106.574
2022-08-18 00:00:00,4283.74,241.004,3777.38,19763.91,23416.76,1758.61,107.484
2022-08-19 00:00:00,4228.48,244.55,3730.32,19773.03,21274.36,1747.06,108.169
2022-08-20 00:00:00,4228.48,244.55,3730.32,19773.03,20819.56,1747.06,108.169
2022-08-21 00:00:00,4228.48,244.55,3730.32,19773.03,21474.5,1747.06,108.169
2022-08-22 00:00:00,4137.99,276.748,3658.22,19656.98,21124.4,1736.3,109.046
2022-08-23 00:00:00,4128.73,269.049,3652.52,19503.25,21477.74,1748.15,108.624
2022-08-24 00:00:00,4140.77,292.15,3667.46,19268.74,21692.74,1751.19,108.677
2022-08-25 00:00:00,4199.12,321.414,3674.54,19968.38,21647.93,1758.71,108.47
2022-08-26 00:00:00,4057.66,339.196,3603.68,20170.04,20650.41,1738.14,108.803
2022-08-27 00:00:00,4057.66,339.196,3603.68,20170.04,20009.56,1738.14,108.803
2022-08-28 00:00:00,4057.66,339.196,3603.68,20170.04,19989.13,1738.14,108.803
2022-08-29 00:00:00,4030.61,272.603,3570.51,20023.22,20177.32,1737.09,108.835
2022-08-30 00:00:00,3986.16,252.937,3561.92,19949.03,19975.94,1724.02,108.773
2022-08-31 00:00:00,3955.0,239.907,3517.25,19954.39,20196.67,1711.04,108.7
2022-09-01 00:00:00,3966.85,243.004,3456.7,19597.31,20071.34,1697.52,109.691
2022-09-02 00:00:00,3924.26,214.665,3544.38,19452.09,19969.21,1712.19,109.534
2022-09-03 00:00:00,3924.26,214.665,3544.38,19452.09,19743.94,1712.19,109.534
2022-09-04 00:00:00,3924.26,214.665,3544.38,19452.09,19901.9,1712.19,109.534
2022-09-05 00:00:00,3924.26,245.926,3490.01,19225.7,19742.13,1710.4,109.534
2022-09-06 00:00:00,3908.19,239.842,3500.14,19202.73,18978.5,1702.14,110.214
2022-09-07 00:00:00,3979.87,213.883,3502.09,19044.3,19387.15,1718.37,109.84
2022-09-08 00:00:00,4006.18,220.541,3512.38,18854.62,19379.74,1708.46,109.707
2022-09-09 00:00:00,4067.36,207.091,3570.04,19362.25,21300.3,1716.83,109.003
2022-09-10 00:00:00,4067.36,207.091,3570.04,19362.25,21431.35,1716.83,109.003
2022-09-11 00:00:00,4067.36,207.091,3570.04,19362.25,21641.25,1716.83,109.003
2022-09-12 00:00:00,4110.41,190.588,3646.51,19362.25,22409.58,1724.54,108.33
2022-09-13 00:00:00,3932.69,198.612,3586.18,19326.86,20240.4,1702.17,109.815
2022-09-14 00:00:00,3946.01,217.882,3567.56,18847.1,19946.38,1697.32,109.658
2022-09-15 00:00:00,3901.35,214.283,3541.79,18930.38,19852.49,1665.11,109.739
2022-09-16 00:00:00,3873.33,187.793,3500.41,18761.69,19751.07,1675.06,109.764
2022-09-17 00:00:00,3873.33,187.793,3500.41,18761.69,20080.05,1675.06,109.764
2022-09-18 00:00:00,3873.33,187.793,3500.41,18761.69,19721.88,1675.06,109.764
2022-09-19 00:00:00,3899.89,182.262,3499.49,18565.97,19522.21,1675.84,109.737
2022-09-20 00:00:00,3855.93,194.259,3467.09,18781.42,18974.31,1664.89,110.215
2022-09-21 00:00:00,3789.93,189.781,3491.87,18444.62,18926.45,1673.89,110.642
2022-09-22 00:00:00,3757.99,187.468,3427.14,18147.95,19247.72,1671.22,111.353
2022-09-23 00:00:00,3693.23,185.495,3348.6,17933.27,18852.06,1643.94,113.192
2022-09-24 00:00:00,3693.23,185.495,3348.6,17933.27,19144.41,1643.94,113.192
2022-09-25 00:00:00,3693.23,185.495,3348.6,17933.27,18903.75,1643.94,113.192
2022-09-26 00:00:00,3655.04,173.834,3342.56,17855.14,19113.38,1622.36,114.103
2022-09-27 00:00:00,3647.29,186.099,3328.65,17860.31,19072.71,1628.9,114.106
2022-09-28 00:00:00,3719.04,207.187,3335.3,17250.88,19567.79,1659.97,112.604
2022-09-29 00:00:00,3640.47,187.665,3279.04,17165.87,19508.14,1660.54,112.254
2022-09-30 00:00:00,3585.62,188.8,3318.2,17222.83,19425.13,1660.61,112.117
2022-10-01 00:00:00,3585.62,188.8,3318.2,17222.83,19252.71,1660.61,112.117
2022-10-02 00:00:00,3585.62,188.8,3318.2,17222.83,19234.63,1660.61,112.117
2022-10-03 00:00:00,3678.43,169.912,3342.17,17079.51,19597.13,1699.89,111.745
2022-10-04 00:00:00,3790.93,161.95,3484.48,17079.51,20340.91,1726.13,110.065
2022-10-05 00:00:00,3783.28,173.693,3447.72,18087.97,19988.42,1716.26,111.208
2022-10-06 00:00:00,3744.52,175.712,3433.45,18012.15,20051.13,1712.53,112.258
2022-10-07 00:00:00,3639.66,156.207,3375.46,17740.05,19551.56,1694.82,112.795
2022-10-08 00:00:00,3639.66,156.207,3375.46,17740.05,19456.38,1694.82,112.795
2022-10-09 00:00:00,3639.66,156.207,3375.46,17740.05,19485.5,1694.82,112.795
2022-10-10 00:00:00,3612.39,154.118,3356.88,17216.66,19241.2,1668.61,113.144
2022-10-11 00:00:00,3588.84,156.781,3340.35,16832.36,19019.1,1666.34,113.221
2022-10-12 00:00:00,3577.03,160.19,3331.53,16701.03,19169.43,1673.19,113.32
2022-10-13 00:00:00,3669.91,153.809,3362.4,16389.11,19386.99,1666.37,112.363
2022-10-14 00:00:00,3583.07,141.997,3381.73,16587.69,19177.31,1644.47,113.311
2022-10-15 00:00:00,3583.07,141.997,3381.73,16587.69,19097.54,1644.47,113.311
2022-10-16 00:00:00,3583.07,141.997,3381.73,16587.69,19332.84,1644.47,113.311
2022-10-17 00:00:00,3677.95,127.978,3441.64,16612.9,19529.38,1650.09,112.039
2022-10-18 00:00:00,3719.98,113.222,3463.83,16914.58,19367.71,1652.22,112.13
2022-10-19 00:00:00,3695.16,112.51,3471.24,16511.28,19196.47,1629.44,112.984
2022-10-20 00:00:00,3665.78,127.147,3492.85,16280.22,19030.39,1628.02,112.881
2022-10-21 00:00:00,3752.75,113.576,3476.63,16211.12,19181.79,1657.69,112.012
2022-10-22 00:00:00,3752.75,113.576,3476.63,16211.12,19219.63,1657.69,112.012
2022-10-23 00:00:00,3752.75,113.576,3476.63,16211.12,19497.58,1657.69,112.012
2022-10-24 00:00:00,3797.34,99.17,3527.79,15180.69,19382.19,1649.78,111.989
2022-10-25 00:00:00,3859.11,99.794,3585.58,15165.59,20189.29,1653.17,110.95
2022-10-26 00:00:00,3830.6,104.32,3605.31,15317.67,20752.38,1664.57,109.7
2022-10-27 00:00:00,3807.3,107.384,3604.51,15427.94,20399.52,1663.31,110.587
2022-10-28 00:00:00,3901.06,112.244,3613.02,14863.06,20635.82,1644.86,110.752
2022-10-29 00:00:00,3901.06,112.244,3613.02,14863.06,20864.33,1644.86,110.752
2022-10-30 00:00:00,3901.06,112.244,3613.02,14863.06,20689.77,1644.86,110.752
2022-10-31 00:00:00,3871.98,123.352,3617.54,14687.02,20405.66,1633.56,111.527
2022-11-01 00:00:00,3856.1,116.193,3651.02,15455.27,20479.4,1647.98,111.481
2022-11-02 00:00:00,3759.69,125.863,3622.01,15827.17,20175.79,1635.24,111.345
2022-11-03 00:00:00,3719.89,125.445,3593.18,15339.49,20238.8,1629.49,112.93
2022-11-04 00:00:00,3770.55,114.786,3688.33,16161.14,21135.44,1681.87,110.877
2022-11-05 00:00:00,3770.55,114.786,3688.33,16161.14,21355.89,1681.87,110.877
2022-11-06 00:00:00,3770.55,114.786,3688.33,16161.14,21128.93,1681.87,110.877
2022-11-07 00:00:00,3806.8,109.683,3708.8,16595.91,20683.87,1675.63,110.12
2022-11-08 00:00:00,3828.11,118.147,3739.28,16557.31,18698.63,1712.42,109.636
2022-11-09 00:00:00,3748.57,113.144,3728.03,16358.52,15731.3,1706.74,110.549
2022-11-10 00:00:00,3956.37,113.452,3846.56,16081.04,17807.64,1755.45,108.206
2022-11-11 00:00:00,3992.93,97.853,3868.5,17325.66,16757.37,1771.24,106.292
2022-11-12 00:00:00,3992.93,97.853,3868.5,17325.66,16793.47,1771.24,106.292
2022-11-13 00:00:00,3992.93,97.853,3868.5,17325.66,16365.81,1771.24,106.292
2022-11-14 00:00:00,3957.25,113.704,3887.51,17619.71,16385.41,1771.4,106.66
2022-11-15 00:00:00,3991.73,124.104,3915.09,18343.12,16890.18,1778.94,106.404
2022-11-16 00:00:00,3958.79,113.9,3882.78,18256.48,16531.47,1773.87,106.281
2022-11-17 00:00:00,3946.56,112.556,3878.42,18045.66,16680.76,1760.44,106.694
2022-11-18 00:00:00,3965.34,115.509,3924.84,17992.54,16637.36,1750.68,106.93
2022-11-19 00:00:00,3965.34,115.509,3924.84,17992.54,16660.59,1750.68,106.93
2022-11-20 00:00:00,3965.34,115.509,3924.84,17992.54,16253.33,1750.68,106.93
2022-11-21 00:00:00,3949.94,116.128,3909.28,17655.91,15631.95,1738.05,107.835
2022-11-22 00:00:00,4003.58,119.639,3929.9,17424.41,16130.03,1740.25,107.222
2022-11-23 00:00:00,4027.26,129.62,3946.44,17523.81,16471.9,1749.68,106.076
2022-11-24 00:00:00,4027.26,123.785,3961.99,17660.9,16543.55,1755.24,106.076
2022-11-25 00:00:00,4026.12,124.37,3962.41,17573.58,16497.05,1754.93,105.959
2022-11-26 00:00:00,4026.12,124.37,3962.41,17573.58,16509.39,1754.93,105.959
2022-11-27 00:00:00,4026.12,124.37,3962.41,17573.58,16571.89,1754.93,105.959
2022-11-28 00:00:00,3963.94,123.282,3935.51,17297.94,16196.39,1741.36,106.681
2022-11-29 00:00:00,3957.63,132.286,3934.44,18204.68,16460.7,1749.85,106.822
2022-11-30 00:00:00,4080.11,146.397,3964.72,18597.23,17104.5,1768.52,105.95
2022-12-01 00:00:00,4076.57,139.258,3984.5,18736.44,16929.96,1803.1,104.728
2022-12-02 00:00:00,4071.7,135.562,3977.9,18675.35,17014.59,1797.63,104.545
2022-12-03 00:00:00,4071.7,135.562,3977.9,18675.35,16950.39,1797.63,104.545
2022-12-04 00:00:00,4071.7,135.562,3977.9,18675.35,17114.59,1797.63,104.545
2022-12-05 00:00:00,3998.84,134.699,3956.53,19518.29,16972.24,1768.68,105.289
2022-12-06 00:00:00,3941.26,138.488,3939.19,19441.18,16994.34,1771.04,105.578
2022-12-07 00:00:00,3933.92,149.245,3920.9,18814.82,16830.68,1786.27,105.1
2022-12-08 00:00:00,3963.51,138.893,3921.27,19450.23,17184.1,1789.14,104.774
2022-12-09 00:00:00,3934.38,139.113,3942.62,19900.87,17113.29,1797.32,104.81
2022-12-10 00:00:00,3934.38,139.113,3942.62,19900.87,17129.35,1797.32,104.81
2022-12-11 00:00:00,3934.38,139.113,3942.62,19900.87,17115.37,1797.32,104.81
2022-12-12 00:00:00,3990.56,136.59,3921.82,19463.63,17177.78,1781.44,105.131
2022-12-13 00:00:00,4019.65,137.529,3986.83,19596.2,17762.0,1810.8,103.98
2022-12-14 00:00:00,3995.32,131.511,3975.26,19673.45,17828.9,1807.32,103.77
2022-12-15 00:00:00,3895.75,134.767,3835.7,19368.59,17399.63,1776.85,104.558
2022-12-16 00:00:00,3852.36,115.451,3804.02,19450.67,16837.95,1793.08,104.701
2022-12-17 00:00:00,3852.36,115.451,3804.02,19450.67,16718.5,1793.08,104.701
2022-12-18 00:00:00,3852.36,115.451,3804.02,19450.67,16753.05,1793.08,104.701
2022-12-19 00:00:00,3817.66,108.543,3811.24,19352.81,16586.82,1787.62,104.721
2022-12-20 00:00:00,3821.62,105.688,3802.49,19094.8,16881.54,1817.94,103.965
2022-12-21 00:00:00,3878.44,97.752,3872.15,19160.49,16793.1,1814.39,104.162
2022-12-22 00:00:00,3822.39,91.938,3823.29,19679.22,16792.25,1792.52,104.433
2022-12-23 00:00:00,3844.82,82.977,3817.01,19593.06,16811.33,1798.2,104.314
2022-12-24 00:00:00,3844.82,82.977,3817.01,19593.06,16829.82,1798.2,104.314
2022-12-25 00:00:00,3844.82,82.977,3817.01,19593.06,16830.25,1798.2,104.314
2022-12-26 00:00:00,3844.82,82.977,3817.01,19593.06,16833.01,1798.2,104.314
2022-12-27 00:00:00,3829.25,80.043,3832.89,19593.06,16692.55,1813.69,104.179
2022-12-28 00:00:00,3783.22,81.351,3808.82,19898.91,16517.32,1804.35,104.463
2022-12-29 00:00:00,3849.28,83.83,3850.07,19741.14,16593.4,1814.91,103.836
2022-12-30 00:00:00,3839.5,76.315,3793.62,19781.41,16579.06,1824.02,103.522
2022-12-31 00:00:00,3839.5,76.315,3793.62,19781.41,16539.5,1824.02,103.522
2023-01-01 00:00:00,3839.5,76.315,3793.62,19781.41,16602.63,1824.02,103.522
2023-01-02 00:00:00,3839.5,77.017,3856.09,19781.41,16750.94,1824.02,103.522
2023-01-03 00:00:00,3824.14,72.314,3882.29,20145.29,16661.86,1839.48,104.518
2023-01-04 00:00:00,3852.97,65.022,3973.97,20793.11,16821.82,1854.56,104.248
2023-01-05 00:00:00,3808.1,72.422,3959.48,21052.17,16844.62,1832.89,105.042
2023-01-06 00:00:00,3895.08,69.534,4017.83,20991.64,16927.86,1865.69,103.879
2023-01-07 00:00:00,3895.08,69.534,4017.83,20991.64,16938.55,1865.69,103.879
2023-01-08 00:00:00,3895.08,69.534,4017.83,20991.64,16956.66,1865.69,103.879
2023-01-09 00:00:00,3892.09,74.302,4068.62,21388.34,17181.34,1871.81,103.001
2023-01-10 00:00:00,3919.25,70.071,4057.46,21331.46,17466.71,1877.03,103.236
2023-01-11 00:00:00,3969.61,65.346,4099.76,21436.05,17560.6,1875.69,103.188
2023-01-12 00:00:00,3983.17,66.809,4126.68,21514.1,18830.98,1897.09,102.246
2023-01-13 00:00:00,3999.09,64.812,4150.8,21738.66,19813.55,1920.23,102.204
2023-01-14 00:00:00,3999.09,64.812,4150.8,21738.66,20903.7,1920.23,102.204
2023-01-15 00:00:00,3999.09,64.812,4150.8,21738.66,20906.28,1920.23,102.204
2023-01-16 00:00:00,3999.09,55.454,4157.0,21746.72,21133.18,1916.02,102.204
2023-01-17 00:00:00,3990.97,60.061,4174.33,21577.64,21316.08,1908.69,102.39
2023-01-18 00:00:00,3928.86,61.709,4174.34,21678.0,20778.65,1904.11,102.363
2023-01-19 00:00:00,3898.85,60.717,4094.28,21650.98,20939.64,1932.24,102.058
2023-01-20 00:00:00,3972.61,66.898,4119.9,22044.65,22318.24,1926.08,102.012
2023-01-21 00:00:00,3972.61,66.898,4119.9,22044.65,23204.05,1926.08,102.012
2023-01-22 00:00:00,3972.61,66.898,4119.9,22044.65,22591.84,1926.08,102.012
2023-01-23 00:00:00,4019.81,65.999,4150.82,22044.65,22998.16,1931.04,102.138
2023-01-24 00:00:00,4016.95,58.269,4153.02,22044.65,22904.83,1937.36,101.918
2023-01-25 00:00:00,4016.22,56.66,4148.11,22044.65,23598.24,1946.11,101.641
2023-01-26 00:00:00,4060.43,54.815,4173.98,22566.78,23080.96,1929.21,101.839
2023-01-27 00:00:00,4070.56,55.425,4178.01,22688.9,23092.0,1928.04,101.927
2023-01-28 00:00:00,4070.56,55.425,4178.01,22688.9,23008.03,1928.04,101.927
2023-01-29 00:00:00,4070.56,55.425,4178.01,22688.9,23797.16,1928.04,101.927
2023-01-30 00:00:00,4017.77,55.156,4158.63,22069.73,22747.14,1923.17,102.276
2023-01-31 00:00:00,4076.6,57.352,4163.45,21842.33,22950.56,1928.36,102.097
2023-02-01 00:00:00,4119.21,59.527,4171.44,22072.18,23682.05,1950.52,101.217
2023-02-02 00:00:00,4179.76,57.04,4241.12,21958.36,23460.05,1912.72,101.75
2023-02-03 00:00:00,4136.48,57.889,4257.98,21660.47,23383.51,1864.97,102.915
2023-02-04 00:00:00,4136.48,57.889,4257.98,21660.47,23417.15,1864.97,102.915
2023-02-05 00:00:00,4136.48,57.889,4257.98,21660.47,22903.12,1864.97,102.915
2023-02-06 00:00:00,4111.08,58.109,4205.45,21222.16,22916.21,1867.48,103.621
2023-02-07 00:00:00,4164.0,55.403,4209.31,21298.7,23199.48,1873.1,103.427
2023-02-08 00:00:00,4117.86,53.687,4209.15,21283.52,22959.05,1875.49,103.409
2023-02-09 00:00:00,4081.5,52.734,4250.14,21624.36,21857.43,1861.78,103.221
2023-02-10 00:00:00,4090.46,53.947,4197.94,21190.42,21540.9,1865.57,103.63
2023-02-11 00:00:00,4090.46,53.947,4197.94,21190.42,21828.1,1865.57,103.63
2023-02-12 00:00:00,4090.46,53.947,4197.94,21190.42,21741.45,1865.57,103.63
2023-02-13 00:00:00,4137.29,51.707,4241.36,21164.42,21630.92,1853.49,103.345
2023-02-14 00:00:00,4136.13,52.386,4238.76,21113.76,22252.63,1854.31,103.233
2023-02-15 00:00:00,4147.6,54.716,4280.04,20812.17,24179.13,1836.01,103.923
2023-02-16 00:00:00,4090.41,52.011,4297.24,20987.67,24535.46,1836.36,103.856
2023-02-17 00:00:00,4079.09,49.047,4274.92,20719.81,24487.25,1842.36,103.862
2023-02-18 00:00:00,4079.09,49.047,4274.92,20719.81,24621.25,1842.36,103.862
2023-02-19 00:00:00,4079.09,49.047,4274.92,20719.81,24546.64,1842.36,103.862
2023-02-20 00:00:00,4079.09,49.874,4271.18,20886.96,24769.17,1841.38,103.862
2023-02-21 00:00:00,3997.34,48.542,4250.4,20529.49,24199.85,1835.09,104.176
2023-02-22 00:00:00,3991.05,50.568,4242.88,20423.84,23805.88,1825.39,104.585
2023-02-23 00:00:00,4012.32,50.78,4258.16,20351.35,23878.02,1822.28,104.598
2023-02-24 00:00:00,3970.04,51.013,4178.82,20010.04,23101.79,1811.04,105.214
2023-02-25 00:00:00,3970.04,51.013,4178.82,20010.04,22940.51,1811.04,105.214
2023-02-26 00:00:00,3970.04,51.013,4178.82,20010.04,23560.84,1811.04,105.214
2023-02-27 00:00:00,3982.24,47.299,4248.01,19943.51,23384.87,1817.14,104.673
2023-02-28 00:00:00,3970.15,46.665,4238.38,19785.94,23146.88,1826.92,104.869
2023-03-01 00:00:00,3951.39,47.084,4215.75,20619.71,23558.34,1836.72,104.483
2023-03-02 00:00:00,3981.35,46.815,4240.59,20429.46,23415.5,1835.87,105.027
2023-03-03 00:00:00,4045.64,44.98,4294.8,20567.54,22242.64,1856.48,104.521
2023-03-04 00:00:00,4045.64,44.98,4294.8,20567.54,22216.8,1856.48,104.521
2023-03-05 00:00:00,4045.64,44.98,4294.8,20567.54,22485.95,1856.48,104.521
2023-03-06 00:00:00,4048.42,42.149,4313.78,20603.19,22408.87,1846.86,104.35
2023-03-07 00:00:00,3986.37,43.37,4278.96,20534.48,22055.35,1813.45,105.615
2023-03-08 00:00:00,3992.01,42.339,4288.45,20051.25,22006.5,1813.8,105.658
2023-03-09 00:00:00,3918.32,43.599,4286.12,19925.74,20226.09,1831.03,105.309
2023-03-10 00:00:00,3861.59,52.857,4229.53,19319.92,20101.78,1868.26,104.576
2023-03-11 00:00:00,3861.59,52.857,4229.53,19319.92,20503.75,1868.26,104.576
2023-03-12 00:00:00,3861.59,52.857,4229.53,19319.92,21491.18,1868.26,104.576
2023-03-13 00:00:00,3855.76,49.584,4096.54,19695.97,24234.19,1913.7,103.595
2023-03-14 00:00:00,3919.29,44.185,4179.47,19247.96,24636.25,1904.01,103.597
2023-03-15 00:00:00,3891.93,42.905,4034.92,19539.87,24391.4,1918.58,104.646
2023-03-16 00:00:00,3960.28,44.341,4116.98,19203.91,24753.63,1919.52,104.418
2023-03-17 00:00:00,3916.64,42.857,4064.99,19518.59,26823.38,1989.25,103.708
2023-03-18 00:00:00,3916.64,42.857,4064.99,19518.59,27409.3,1989.25,103.708
2023-03-19 00:00:00,3916.64,42.857,4064.99,19518.59,27974.84,1989.25,103.708
2023-03-20 00:00:00,3951.57,39.325,4119.42,19000.71,28082.46,1978.84,103.281
2023-03-21 00:00:00,4002.87,42.4,4181.6,19258.76,28154.56,1940.07,103.256
2023-03-22 00:00:00,3936.97,39.974,4195.7,19591.43,27392.32,1970.11,102.346
2023-03-23 00:00:00,3948.72,43.186,4207.14,20049.64,28333.0,1993.4,102.532
2023-03-24 00:00:00,3970.99,41.094,4130.62,19915.68,27618.28,1978.21,103.116
2023-03-25 00:00:00,3970.99,41.094,4130.62,19915.68,27384.45,1978.21,103.116
2023-03-26 00:00:00,3970.99,41.094,4130.62,19915.68,27806.41,1978.21,103.116
2023-03-27 00:00:00,3977.53,42.528,4164.62,19567.69,27048.29,1956.67,102.857
2023-03-28 00:00:00,3971.27,42.752,4168.21,19784.65,27313.73,1973.54,102.43
2023-03-29 00:00:00,4027.81,42.803,4231.27,20192.4,28393.0,1964.7,102.64
2023-03-30 00:00:00,4050.83,43.609,4285.42,20309.13,28152.28,1980.37,102.144
2023-03-31 00:00:00,4109.31,47.843,4315.05,20400.11,28395.3,1969.28,102.506
2023-04-01 00:00:00,4109.31,47.843,4315.05,20400.11,28463.77,1969.28,102.506
2023-04-02 00:00:00,4109.31,47.843,4315.05,20400.11,28076.92,1969.28,102.506
2023-04-03 00:00:00,4124.51,51.367,4311.05,20409.18,27588.08,1984.65,102.093
2023-04-04 00:00:00,4100.6,46.568,4315.32,20274.59,28257.1,2020.42,101.586
2023-04-05 00:00:00,4090.38,44.575,4298.36,20274.59,28157.09,2020.73,101.852
2023-04-06 00:00:00,4105.02,43.125,4309.45,20331.2,27992.29,2007.91,101.822
2023-04-07 00:00:00,4105.02,43.125,4309.45,20331.2,27890.37,2007.91,102.092
2023-04-08 00:00:00,4105.02,43.125,4309.45,20331.2,27932.43,2007.91,102.092
2023-04-09 00:00:00,4105.02,43.125,4309.45,20331.2,28136.46,2007.91,102.092
2023-04-10 00:00:00,4109.11,43.125,4309.45,20331.2,29142.36,1991.48,102.578
2023-04-11 00:00:00,4108.94,43.692,4333.29,20485.24,30192.1,2003.62,102.204
2023-04-12 00:00:00,4091.95,42.88,4334.03,20309.86,29968.01,2014.93,101.5
2023-04-13 00:00:00,4146.22,42.093,4363.24,20344.48,30285.33,2040.22,101.011
2023-04-14 00:00:00,4137.64,41.149,4390.75,20438.81,30470.31,2004.17,101.552
2023-04-15 00:00:00,4137.64,41.149,4390.75,20438.81,30312.22,2004.17,101.552
2023-04-16 00:00:00,4137.64,41.149,4390.75,20438.81,30361.0,2004.17,101.552
2023-04-17 00:00:00,4151.32,41.127,4367.61,20782.45,29459.36,1995.19,102.103
2023-04-18 00:00:00,4154.87,42.722,4393.95,20650.51,30422.0,2005.45,101.745
2023-04-19 00:00:00,4154.52,40.298,4393.57,20367.76,29249.26,1994.93,101.968
2023-04-20 00:00:00,4129.79,40.565,4384.86,20396.97,28203.91,2004.8,101.84
2023-04-21 00:00:00,4133.52,40.164,4408.59,20075.73,27272.1,1983.06,101.822
2023-04-22 00:00:00,4133.52,40.164,4408.59,20075.73,27645.8,1983.06,101.822
2023-04-23 00:00:00,4133.52,40.164,4408.59,20075.73,27508.33,1983.06,101.822
2023-04-24 00:00:00,4137.04,39.925,4401.8,19959.94,27460.55,1989.14,101.348
2023-04-25 00:00:00,4071.63,39.833,4377.85,19617.88,27979.6,1997.39,101.863
2023-04-26 00:00:00,4055.99,38.551,4347.71,19757.27,28417.5,1989.04,101.467
2023-04-27 00:00:00,4135.35,39.039,4358.05,19840.28,29633.43,1987.78,101.503
2023-04-28 00:00:00,4169.48,38.538,4359.31,19894.57,29354.75,1990.0,101.659
2023-04-29 00:00:00,4169.48,38.538,4359.31,19894.57,29242.06,1990.0,101.659
2023-04-30 00:00:00,4169.48,38.538,4359.31,19894.57,29347.96,1990.0,101.659
2023-05-01 00:00:00,4167.87,38.834,4359.31,19894.57,27683.13,1982.56,102.151
2023-05-02 00:00:00,4119.58,37.529,4294.85,19933.81,28695.82,2016.68,101.958
2023-05-03 00:00:00,4090.75,36.782,4310.18,19699.16,28528.95,2038.97,101.343
2023-05-04 00:00:00,4061.22,35.653,4287.03,19948.73,28884.06,2050.28,101.399
2023-05-05 00:00:00,4136.25,36.574,4340.43,20049.31,29524.75,2016.79,101.214
2023-05-06 00:00:00,4136.25,36.574,4340.43,20049.31,28851.54,2016.79,101.214
2023-05-07 00:00:00,4136.25,36.574,4340.43,20049.31,28953.02,2016.79,101.214
2023-05-08 00:00:00,4138.12,36.874,4348.65,20297.03,27562.71,2021.16,101.377
2023-05-09 00:00:00,4119.17,35.95,4323.09,19867.58,27659.74,2034.56,101.605
2023-05-10 00:00:00,4137.64,34.993,4306.76,19762.2,27875.64,2030.09,101.477
2023-05-11 00:00:00,4130.62,34.993,4309.75,19743.79,27009.45,2015.05,102.058
2023-05-12 00:00:00,4124.08,32.767,4317.88,19627.24,26447.7,2010.77,102.681
2023-05-13 00:00:00,4124.08,32.767,4317.88,19627.24,26918.96,2010.77,102.681
2023-05-14 00:00:00,4124.08,32.767,4317.88,19627.24,26952.65,2010.77,102.681
2023-05-15 00:00:00,4136.28,32.314,4316.41,19971.13,27354.85,2016.49,102.434
2023-05-16 00:00:00,4109.9,31.821,4315.51,19978.25,26956.57,1989.17,102.564
2023-05-17 00:00:00,4158.77,31.953,4323.23,19560.57,27337.78,1981.84,102.882
2023-05-18 00:00:00,4198.05,29.785,4367.45,19727.25,26726.05,1957.55,103.584
2023-05-19 00:00:00,4191.98,30.176,4395.3,19450.57,26839.54,1977.81,103.198
2023-05-20 00:00:00,4191.98,30.176,4395.3,19450.57,27024.24,1977.81,103.198
2023-05-21 00:00:00,4191.98,30.176,4395.3,19450.57,26851.07,1977.81,103.198
2023-05-22 00:00:00,4192.63,29.711,4385.63,19678.17,26899.28,1971.86,103.198
2023-05-23 00:00:00,4145.58,29.127,4342.38,19431.25,27223.3,1975.23,103.488
2023-05-24 00:00:00,4115.24,27.785,4263.74,19115.93,26401.81,1957.16,103.887
2023-05-25 00:00:00,4151.28,25.452,4269.64,18746.92,26490.2,1941.41,104.251
2023-05-26 00:00:00,4205.45,24.52,4337.5,18746.92,26759.28,1946.46,104.206
2023-05-27 00:00:00,4205.45,24.52,4337.5,18746.92,26760.83,1946.46,104.206
2023-05-28 00:00:00,4205.45,24.52,4337.5,18746.92,27564.04,1946.46,104.206
2023-05-29 00:00:00,4205.45,24.562,4320.01,18551.11,27693.13,1943.19,104.206
2023-05-30 00:00:00,4205.52,24.681,4291.58,18595.78,27772.51,1959.33,104.165
2023-05-31 00:00:00,4179.83,26.852,4218.04,18234.27,27117.1,1962.73,104.326
2023-06-01 00:00:00,4221.02,23.103,4257.61,18216.91,26868.32,1977.61,103.56
2023-06-02 00:00:00,4282.37,23.689,4323.52,18949.94,27183.62,1947.97,104.015
2023-06-03 00:00:00,4282.37,23.689,4323.52,18949.94,27071.27,1947.97,104.015
2023-06-04 00:00:00,4282.37,23.689,4323.52,18949.94,27249.75,1947.97,104.015
2023-06-05 00:00:00,4273.79,28.478,4293.24,19108.5,25641.7,1961.86,104.002
2023-06-06 00:00:00,4283.85,24.86,4295.22,19099.28,26945.16,1963.52,104.125
2023-06-07 00:00:00,4267.52,26.331,4291.91,19252.0,26363.47,1940.02,104.099
2023-06-08 00:00:00,4293.93,26.945,4297.68,19299.18,26645.5,1965.46,103.343
2023-06-09 00:00:00,4298.86,32.049,4289.79,19389.95,26444.43,1961.19,103.557
2023-06-10 00:00:00,4298.86,32.049,4289.79,19389.95,25767.85,1961.19,103.557
2023-06-11 00:00:00,4298.86,32.049,4289.79,19389.95,26135.88,1961.19,103.557
2023-06-12 00:00:00,4338.93,31.036,4316.49,19404.31,25895.0,1957.84,103.654
2023-06-13 00:00:00,4369.01,36.051,4347.55,19521.42,25849.13,1943.74,103.338
2023-06-14 00:00:00,4372.59,38.312,4375.98,19408.42,24928.57,1942.52,102.948
2023-06-15 00:00:00,4425.84,41.145,4365.12,19828.92,25547.99,1958.01,102.115
2023-06-16 00:00:00,4409.59,35.008,4394.82,20040.37,26394.71,1957.98,102.243
2023-06-17 00:00:00,4409.59,35.008,4394.82,20040.37,26534.66,1957.98,102.243
2023-06-18 00:00:00,4409.59,35.008,4394.82,20040.37,26472.0,1957.98,102.243
2023-06-19 00:00:00,4409.59,34.898,4362.38,19912.89,26718.39,1950.48,102.522
2023-06-20 00:00:00,4388.71,38.708,4343.14,19607.08,28169.64,1936.42,102.54
2023-06-21 00:00:00,4365.69,36.743,4322.75,19218.35,29985.4,1932.55,102.071
2023-06-22 00:00:00,4381.89,34.097,4304.47,19218.35,30157.31,1914.01,102.386
2023-06-23 00:00:00,4348.33,32.507,4271.61,18889.97,30928.74,1921.2,102.903
2023-06-24 00:00:00,4348.33,32.507,4271.61,18889.97,30523.34,1921.2,102.903
2023-06-25 00:00:00,4348.33,32.507,4271.61,18889.97,30383.36,1921.2,102.903
2023-06-26 00:00:00,4328.82,31.975,4280.57,18794.13,30163.13,1923.26,102.692
2023-06-27 00:00:00,4378.41,34.506,4305.26,19148.13,30655.23,1913.69,102.492
2023-06-28 00:00:00,4376.86,34.125,4344.75,19172.05,30104.08,1907.32,102.905
2023-06-29 00:00:00,4396.44,35.18,4354.69,18934.36,30400.46,1908.2,103.342
2023-06-30 00:00:00,4450.38,37.103,4399.09,18916.43,30390.91,1919.35,102.912
2023-07-01 00:00:00,4450.38,37.103,4399.09,18916.43,30592.81,1919.35,102.912
2023-07-02 00:00:00,4450.38,37.103,4399.09,18916.43,30592.26,1919.35,102.912
2023-07-03 00:00:00,4455.59,33.929,4398.15,19306.59,31128.76,1921.64,102.988
2023-07-04 00:00:00,4455.59,35.41,4390.99,19415.68,30807.48,1925.48,103.039
2023-07-05 00:00:00,4446.82,34.373,4350.71,19110.38,30470.54,1915.3,103.373
2023-07-06 00:00:00,4411.59,32.348,4223.09,18533.05,30315.91,1910.9,103.166
2023-07-07 00:00:00,4398.95,33.478,4236.6,18365.7,30272.41,1925.05,102.272
2023-07-08 00:00:00,4398.95,33.478,4236.6,18365.7,30163.19,1925.05,102.272
2023-07-09 00:00:00,4398.95,33.478,4236.6,18365.7,30201.16,1925.05,102.272
2023-07-10 00:00:00,4409.53,30.227,4256.51,18479.72,30785.96,1925.35,101.972
2023-07-11 00:00:00,4439.26,29.061,4286.56,18659.83,30578.75,1932.23,101.732
2023-07-12 00:00:00,4472.16,26.639,4360.46,18860.95,30351.84,1957.35,100.521
2023-07-13 00:00:00,4510.04,26.607,4391.76,19350.62,31386.0,1960.51,99.77
2023-07-14 00:00:00,4505.42,25.957,4400.11,19413.78,30206.0,1955.21,99.914
2023-07-15 00:00:00,4505.42,25.957,4400.11,19413.78,30314.36,1955.21,99.914
2023-07-16 00:00:00,4505.42,25.957,4400.11,19413.78,30287.41,1955.21,99.914
2023-07-17 00:00:00,4522.79,25.101,4356.79,19413.78,29931.93,1955.04,99.842
2023-07-18 00:00:00,4554.98,27.069,4369.73,19015.72,29784.08,1978.72,99.941
2023-07-19 00:00:00,4565.72,26.963,4362.28,18952.31,29966.89,1976.64,100.281
2023-07-20 00:00:00,4534.87,28.018,4373.73,18928.02,29737.02,1969.53,100.88
2023-07-21 00:00:00,4536.34,28.164,4391.41,19075.26,29883.66,1961.94,101.071
2023-07-22 00:00:00,4536.34,28.164,4391.41,19075.26,29833.35,1961.94,101.071
2023-07-23 00:00:00,4536.34,28.164,4391.41,19075.26,30144.88,1961.94,101.071
2023-07-24 00:00:00,4554.64,30.557,4383.03,18668.15,29145.13,1954.73,101.346
2023-07-25 00:00:00,4567.46,32.648,4391.3,19434.4,29229.74,1964.96,101.349
2023-07-26 00:00:00,4566.75,29.275,4346.15,19365.14,29589.43,1972.07,100.887
2023-07-27 00:00:00,4537.41,28.434,4447.44,19639.11,29143.93,1946.0,101.773
2023-07-28 00:00:00,4582.23,25.841,4466.5,19916.56,29342.44,1959.49,101.622
2023-07-29 00:00:00,4582.23,25.841,4466.5,19916.56,29356.5,1959.49,101.622
2023-07-30 00:00:00,4582.23,25.841,4466.5,19916.56,29271.19,1959.49,101.622
2023-07-31 00:00:00,4588.96,28.366,4471.31,20078.94,29206.8,1965.09,101.855
2023-08-01 00:00:00,4576.73,27.123,4407.54,20011.12,29212.88,1944.29,102.303
2023-08-02 00:00:00,4513.39,28.742,4336.5,19517.38,29119.79,1934.45,102.59
2023-08-03 00:00:00,4501.89,30.473,4304.63,19420.87,29284.99,1934.06,102.542
2023-08-04 00:00:00,4478.03,28.853,4332.91,19539.46,28937.67,1942.91,102.017
2023-08-05 00:00:00,4478.03,28.853,4332.91,19539.46,29032.77,1942.91,102.017
2023-08-06 00:00:00,4478.03,28.853,4332.91,19539.46,29095.63,1942.91,102.017
2023-08-07 00:00:00,4518.44,30.487,4337.5,19537.92,29159.17,1936.56,102.047
2023-08-08 00:00:00,4499.38,31.066,4288.85,19184.17,29984.24,1925.24,102.528
2023-08-09 00:00:00,4467.71,39.823,4317.33,19246.03,29483.38,1914.46,102.49
2023-08-10 00:00:00,4468.83,37.056,4384.04,19248.26,29421.05,1912.48,102.524
2023-08-11 00:00:00,4464.05,35.3,4321.33,19075.19,29387.01,1913.76,102.842
2023-08-12 00:00:00,4464.05,35.3,4321.33,19075.19,29410.47,1913.76,102.842
2023-08-13 00:00:00,4464.05,35.3,4321.33,19075.19,29403.99,1913.76,102.842
2023-08-14 00:00:00,4489.72,34.434,4330.23,18773.55,29366.8,1907.1,103.19
2023-08-15 00:00:00,4437.86,38.813,4288.57,18581.11,29171.58,1902.0,103.209
2023-08-16 00:00:00,4404.33,37.784,4284.27,18329.3,28940.39,1891.81,103.431
2023-08-17 00:00:00,4370.36,36.825,4227.83,18326.63,27642.0,1889.43,103.572
2023-08-18 00:00:00,4369.71,36.41,4212.95,17950.85,26071.78,1889.31,103.375
2023-08-19 00:00:00,4369.71,36.41,4212.95,17950.85,26059.87,1889.31,103.375
2023-08-20 00:00:00,4369.71,36.41,4212.95,17950.85,26233.05,1889.31,103.375
2023-08-21 00:00:00,4399.77,40.782,4224.87,17623.29,26109.71,1894.93,103.3
2023-08-22 00:00:00,4387.55,42.908,4260.37,17791.01,25856.99,1897.48,103.563
2023-08-23 00:00:00,4436.01,36.786,4266.67,17845.92,26591.76,1915.48,103.419
2023-08-24 00:00:00,4376.31,31.938,4232.22,18212.17,26016.62,1916.91,103.982
2023-08-25 00:00:00,4405.71,34.777,4236.25,17956.38,26048.87,1914.96,104.077
2023-08-26 00:00:00,4405.71,34.777,4236.25,17956.38,26024.25,1914.96,104.077
2023-08-27 00:00:00,4405.71,34.777,4236.25,17956.38,26083.84,1914.96,104.077
2023-08-28 00:00:00,4433.31,38.414,4293.69,18130.74,25981.81,1920.17,104.058
2023-08-29 00:00:00,4497.63,35.195,4326.47,18484.03,27579.74,1937.54,103.531
2023-08-30 00:00:00,4514.87,35.992,4315.31,18482.86,27253.38,1942.32,103.157
2023-08-31 00:00:00,4507.66,35.029,4297.11,18382.06,26013.12,1940.19,103.619
2023-09-01 00:00:00,4515.77,35.617,4282.64,18382.06,25759.54,1940.06,104.236
2023-09-02 00:00:00,4515.77,35.617,4282.64,18382.06,25849.6,1940.06,104.236
2023-09-03 00:00:00,4515.77,35.617,4282.64,18382.06,26045.85,1940.06,104.236
2023-09-04 00:00:00,4515.77,33.571,4279.87,18844.16,25828.28,1942.69,104.236
2023-09-05 00:00:00,4496.83,34.449,4269.16,18456.91,25705.85,1926.12,104.807
2023-09-06 00:00:00,4465.48,31.075,4238.26,18449.98,25669.79,1916.56,104.861
2023-09-07 00:00:00,4451.14,32.755,4221.02,18202.07,26002.0,1919.68,105.059
2023-09-08 00:00:00,4457.49,34.508,4237.19,18202.07,25902.0,1919.08,105.09
2023-09-09 00:00:00,4457.49,34.508,4237.19,18202.07,25864.03,1919.08,105.09
2023-09-10 00:00:00,4457.49,34.508,4237.19,18202.07,25818.2,1919.08,105.09
2023-09-11 00:00:00,4487.46,35.848,4254.33,18096.45,25087.36,1922.3,104.569
2023-09-12 00:00:00,4461.9,34.701,4242.27,18025.89,26074.38,1913.67,104.711
2023-09-13 00:00:00,4467.44,36.817,4223.48,18009.22,26225.8,1908.12,104.766
2023-09-14 00:00:00,4505.1,35.521,4279.75,18047.92,26578.75,1910.79,105.405
2023-09-15 00:00:00,4450.32,36.483,4295.05,18182.89,26418.35,1923.91,105.322
2023-09-16 00:00:00,4450.32,36.483,4295.05,18182.89,26540.38,1923.91,105.322
2023-09-17 00:00:00,4450.32,36.483,4295.05,18182.89,26446.9,1923.91,105.322
2023-09-18 00:00:00,4453.53,34.475,4245.88,17930.55,26774.69,1933.84,105.202
2023-09-19 00:00:00,4443.95,36.782,4242.7,17997.17,27192.0,1931.36,105.133
2023-09-20 00:00:00,4402.2,37.284,4275.98,17885.6,27094.68,1930.3,105.328
2023-09-21 00:00:00,4330.0,39.105,4212.59,17655.41,26601.66,1920.02,105.363
2023-09-22 00:00:00,4320.06,39.791,4207.16,18057.45,26537.68,1925.23,105.583
2023-09-23 00:00:00,4320.06,39.791,4207.16,18057.45,26596.24,1925.23,105.583
2023-09-24 00:00:00,4320.06,39.791,4207.16,18057.45,26505.46,1925.23,105.583
2023-09-25 00:00:00,4337.44,44.442,4167.37,17729.29,26289.25,1915.92,105.998
2023-09-26 00:00:00,4273.53,40.322,4129.18,17466.9,26148.13,1900.65,106.231
2023-09-27 00:00:00,4274.51,39.296,4131.68,17611.87,26238.72,1875.12,106.666
2023-09-28 00:00:00,4299.7,39.736,4161.56,17373.03,27089.32,1864.87,106.224
2023-09-29 00:00:00,4288.05,41.859,4174.66,17809.66,26903.18,1848.63,106.174
2023-09-30 00:00:00,4288.05,41.859,4174.66,17809.66,27072.54,1848.63,106.174
2023-10-01 00:00:00,4288.05,41.859,4174.66,17809.66,27114.69,1848.63,106.174
2023-10-02 00:00:00,4288.39,39.335,4137.63,17809.66,27842.16,1828.03,106.904
2023-10-03 00:00:00,4229.45,36.987,4095.59,17331.22,27396.6,1823.02,107.0
2023-10-04 00:00:00,4263.75,38.441,4099.85,17195.84,27659.68,1821.36,106.799
2023-10-05 00:00:00,4258.19,36.207,4099.81,17213.87,27479.0,1820.3,106.332
2023-10-06 00:00:00,4308.5,38.231,4144.43,17485.98,27995.25,1833.01,106.044
2023-10-07 00:00:00,4308.5,38.231,4144.43,17485.98,27937.45,1833.01,106.044
2023-10-08 00:00:00,4308.5,38.231,4144.43,17485.98,27923.41,1833.01,106.044
2023-10-09 00:00:00,4335.66,43.953,4112.57,17517.4,27576.46,1861.41,106.083
2023-10-10 00:00:00,4358.24,49.455,4205.23,17664.73,27405.48,1860.4,105.825
2023-10-11 00:00:00,4376.95,46.068,4200.8,17893.1,26717.11,1874.36,105.82
2023-10-12 00:00:00,4349.61,53.002,4198.23,18238.21,26737.69,1868.9,106.599
2023-10-13 00:00:00,4327.78,53.982,4136.12,17813.45,26976.51,1932.82,106.648
2023-10-14 00:00:00,4327.78,53.982,4136.12,17813.45,26850.06,1932.82,106.648
2023-10-15 00:00:00,4327.78,53.982,4136.12,17813.45,27206.04,1932.82,106.648
2023-10-16 00:00:00,4373.63,48.467,4149.86,17640.36,28405.38,1920.2,106.243
2023-10-17 00:00:00,4373.2,48.896,4152.32,17773.34,28459.42,1923.18,106.25
2023-10-18 00:00:00,4314.6,50.833,4105.86,17732.52,28260.0,1947.55,106.565
2023-10-19 00:00:00,4278.0,50.172,4090.33,17295.89,28728.04,1974.46,106.253
2023-10-20 00:00:00,4224.16,51.112,4024.68,17172.13,29601.0,1981.4,106.163
2023-10-21 00:00:00,4224.16,51.112,4024.68,17172.13,30028.03,1981.4,106.163
2023-10-22 00:00:00,4224.16,51.112,4024.68,17172.13,29860.75,1981.4,106.163
2023-10-23 00:00:00,4217.04,51.276,4041.75,17172.13,31537.58,1972.85,105.536
2023-10-24 00:00:00,4247.68,49.264,4065.37,16991.53,33651.38,1970.97,106.27
2023-10-25 00:00:00,4186.77,49.924,4073.35,17085.33,34680.57,1979.72,106.528
2023-10-26 00:00:00,4137.23,50.809,4049.4,17044.61,34191.55,1984.71,106.602
2023-10-27 00:00:00,4117.37,50.532,4014.36,17398.73,33836.54,2006.37,106.559
2023-10-28 00:00:00,4117.37,50.532,4014.36,17398.73,34135.43,2006.37,106.559
2023-10-29 00:00:00,4117.37,50.532,4014.36,17398.73,34590.86,2006.37,106.559
2023-10-30 00:00:00,4166.82,50.547,4028.32,17406.36,34439.91,1996.1,106.12
2023-10-31 00:00:00,4193.8,48.006,4061.12,17112.48,34650.56,1983.88,106.663
2023-11-01 00:00:00,4237.86,47.757,4091.71,17101.78,35455.73,1982.53,106.884
2023-11-02 00:00:00,4317.78,48.564,4169.62,17230.59,34917.45,1985.78,106.124
2023-11-03 00:00:00,4358.34,48.057,4174.67,17664.12,34621.06,1992.65,105.021
2023-11-04 00:00:00,4358.34,48.057,4174.67,17664.12,34780.72,1992.65,105.021
2023-11-05 00:00:00,4358.34,48.057,4174.67,17664.12,34682.13,1992.65,105.021
2023-11-06 00:00:00,4365.98,44.832,4158.64,17966.59,35030.04,1978.14,105.215
2023-11-07 00:00:00,4378.38,46.057,4153.37,17670.16,35501.52,1969.45,105.542
2023-11-08 00:00:00,4382.78,45.777,4178.49,17568.46,35593.56,1950.2,105.593
2023-11-09 00:00:00,4347.35,48.129,4229.2,17511.29,36541.56,1958.55,105.91
2023-11-10 00:00:00,4415.24,46.632,4197.36,17203.26,37292.81,1940.2,105.861
2023-11-11 00:00:00,4415.24,46.632,4197.36,17203.26,36988.0,1940.2,105.861
2023-11-12 00:00:00,4415.24,46.632,4197.36,17203.26,37182.61,1940.2,105.861
2023-11-13 00:00:00,4411.55,47.873,4232.19,17426.21,36493.45,1946.92,105.631
2023-11-14 00:00:00,4495.7,47.608,4291.72,17396.86,35585.81,1964.29,104.053
2023-11-15 00:00:00,4502.88,47.037,4315.53,18079.0,37647.84,1959.85,104.394
2023-11-16 00:00:00,4508.24,45.849,4302.45,17832.82,35965.5,1980.9,104.349
2023-11-17 00:00:00,4514.02,45.064,4340.77,17454.19,36418.61,1980.82,103.917
2023-11-18 00:00:00,4514.02,45.064,4340.77,17454.19,36566.59,1980.82,103.917
2023-11-19 00:00:00,4514.02,45.064,4340.77,17454.19,37007.99,1980.82,103.917
2023-11-20 00:00:00,4547.38,45.821,4342.41,17778.07,37426.45,1978.07,103.438
2023-11-21 00:00:00,4538.19,44.065,4331.9,17733.89,36841.04,1998.29,103.565
2023-11-22 00:00:00,4556.62,44.616,4352.02,17734.6,37625.0,1990.17,103.92
2023-11-23 00:00:00,4556.62,46.834,4361.32,17910.84,37253.9,1992.25,103.92
2023-11-24 00:00:00,4559.34,46.657,4372.1,17559.42,37858.25,2000.82,103.403
2023-11-25 00:00:00,4559.34,46.657,4372.1,17559.42,37813.68,2000.82,103.403
2023-11-26 00:00:00,4559.34,46.657,4372.1,17559.42,37627.25,2000.82,103.403
2023-11-27 00:00:00,4550.43,43.984,4354.41,17525.06,37032.56,2014.13,103.199
2023-11-28 00:00:00,4554.89,42.774,4348.02,17354.14,37967.5,2040.97,102.746
2023-11-29 00:00:00,4550.58,40.36,4370.53,16993.44,37737.0,2044.24,102.765
2023-11-30 00:00:00,4567.8,42.091,4382.47,17042.88,37750.77,2036.41,103.497
2023-12-01 00:00:00,4594.63,43.496,4418.51,16830.3,38796.61,2072.22,103.268
2023-12-02 00:00:00,4594.63,43.496,4418.51,16830.3,39581.59,2072.22,103.268
2023-12-03 00:00:00,4594.63,43.496,4418.51,16830.3,39727.65,2072.22,103.268
2023-12-04 00:00:00,4569.78,40.104,4414.95,16646.05,42036.51,2029.42,103.712
2023-12-05 00:00:00,4567.18,38.133,4452.77,16327.86,43900.51,2019.36,104.05
2023-12-06 00:00:00,4549.34,39.313,4483.26,16463.26,43822.33,2025.55,104.153
2023-12-07 00:00:00,4585.59,39.968,4473.77,16345.89,43390.95,2028.47,103.541
2023-12-08 00:00:00,4604.37,38.598,4523.31,16334.37,44554.76,2004.67,104.01
2023-12-09 00:00:00,4604.37,38.598,4523.31,16334.37,43986.01,2004.67,104.01
2023-12-10 00:00:00,4604.37,38.598,4523.31,16334.37,43803.24,2004.67,104.01
2023-12-11 00:00:00,4622.44,36.118,4540.19,16201.49,41182.0,1981.95,104.095
2023-12-12 00:00:00,4643.7,34.703,4536.61,16374.5,41088.75,1979.54,103.865
2023-12-13 00:00:00,4707.09,35.812,4530.19,16228.75,42993.29,2027.74,102.869
2023-12-14 00:00:00,4719.55,34.85,4539.16,16402.19,42994.83,2036.36,101.956
2023-12-15 00:00:00,4719.19,33.189,4549.44,16792.19,42240.95,2019.62,102.55
2023-12-16 00:00:00,4719.19,33.189,4549.44,16792.19,42270.56,2019.62,102.55
2023-12-17 00:00:00,4719.19,33.189,4549.44,16792.19,41881.9,2019.62,102.55
2023-12-18 00:00:00,4740.56,35.522,4521.13,16629.23,42614.99,2027.19,102.561
2023-12-19 00:00:00,4768.37,32.568,4535.4,16505.0,42495.81,2040.35,102.167
2023-12-20 00:00:00,4698.35,33.521,4533.82,16613.81,43449.76,2031.39,102.408
2023-12-21 00:00:00,4746.75,34.203,4524.86,16621.13,44004.47,2045.95,101.843
2023-12-22 00:00:00,4754.63,34.174,4521.47,16340.41,43747.1,2053.08,101.698
2023-12-23 00:00:00,4754.63,34.174,4521.47,16340.41,43803.74,2053.08,101.698
2023-12-24 00:00:00,4754.63,34.174,4521.47,16340.41,43529.13,2053.08,101.698
2023-12-25 00:00:00,4754.63,34.174,4521.47,16340.41,43531.11,2053.08,101.698
2023-12-26 00:00:00,4774.75,34.174,4521.47,16340.41,42340.74,2067.81,101.466
2023-12-27 00:00:00,4781.58,35.513,4528.38,16624.84,43395.74,2077.49,100.986
2023-12-28 00:00:00,4783.35,33.105,4514.38,17043.53,42472.51,2065.61,101.229
2023-12-29 00:00:00,4769.83,32.35,4521.44,17047.39,41935.34,2062.98,101.333
2023-12-30 00:00:00,4769.83,32.35,4521.44,17047.39,42303.24,2062.98,101.333
2023-12-31 00:00:00,4769.83,32.35,4521.44,17047.39,42507.9,2062.98,101.333
2024-01-01 00:00:00,4769.83,32.35,4521.44,17047.39,43628.4,2062.98,101.333
2024-01-02 00:00:00,4742.83,30.572,4512.81,16788.55,45127.01,2058.96,102.2
2024-01-03 00:00:00,4704.81,32.795,4448.13,16646.41,42938.06,2041.49,102.494
2024-01-04 00:00:00,4688.68,33.41,4474.01,16645.98,44488.33,2043.65,102.422
2024-01-05 00:00:00,4697.24,34.551,4463.51,16535.33,43970.52,2045.45,102.412
2024-01-06 00:00:00,4697.24,34.551,4463.51,16535.33,43921.45,2045.45,102.412
2024-01-07 00:00:00,4697.24,34.551,4463.51,16535.33,44258.51,2045.45,102.412
2024-01-08 00:00:00,4763.54,31.58,4485.48,16224.45,47114.68,2028.07,102.209
2024-01-09 00:00:00,4756.5,30.641,4467.17,16190.02,45427.01,2030.2,102.57
2024-01-10 00:00:00,4783.45,30.942,4468.98,16097.28,45945.61,2024.41,102.362
2024-01-11 00:00:00,4780.24,30.817,4442.28,16302.04,46163.13,2028.91,102.291
2024-01-12 00:00:00,4783.83,31.991,4480.02,16244.58,43426.6,2049.06,102.404
2024-01-13 00:00:00,4783.83,31.991,4480.02,16244.58,42962.51,2049.06,102.404
2024-01-14 00:00:00,4783.83,31.991,4480.02,16244.58,42516.04,2049.06,102.404
2024-01-15 00:00:00,4783.83,29.923,4454.68,16216.33,42687.31,2056.55,102.404
2024-01-16 00:00:00,4765.98,29.656,4446.51,15865.92,43434.42,2028.44,103.357
2024-01-17 00:00:00,4739.21,27.708,4403.08,15276.9,42637.06,2006.25,103.45
2024-01-18 00:00:00,4780.94,27.893,4453.05,15391.79,41069.92,2023.34,103.536
2024-01-19 00:00:00,4839.81,28.429,4448.83,15308.69,41602.18,2029.49,103.288
2024-01-20 00:00:00,4839.81,28.429,4448.83,15308.69,41702.95,2029.49,103.288
2024-01-21 00:00:00,4839.81,28.429,4448.83,15308.69,41760.99,2029.49,103.288
2024-01-22 00:00:00,4850.43,27.264,4480.32,14961.18,39815.45,2021.7,103.331
2024-01-23 00:00:00,4864.6,27.227,4465.91,15353.98,39201.77,2029.28,103.617
2024-01-24 00:00:00,4868.55,28.929,4564.11,15899.87,39765.38,2013.89,103.236
2024-01-25 00:00:00,4894.16,27.784,4582.26,16211.96,39904.41,2020.84,103.574
2024-01-26 00:00:00,4890.97,28.079,4635.47,15952.23,41994.36,2018.52,103.433
2024-01-27 00:00:00,4890.97,28.079,4635.47,15952.23,42151.09,2018.52,103.433
2024-01-28 00:00:00,4890.97,28.079,4635.47,15952.23,41971.79,2018.52,103.433
2024-01-29 00:00:00,4927.93,28.174,4639.36,16077.24,43185.4,2033.23,103.609
2024-01-30 00:00:00,4924.97,29.391,4662.7,15703.45,43547.31,2037.01,103.397
2024-01-31 00:00:00,4845.65,30.235,4648.4,15485.07,42458.43,2039.52,103.274
2024-02-01 00:00:00,4906.19,28.991,4638.6,15566.21,43085.26,2054.99,103.048
2024-02-02 00:00:00,4958.61,29.304,4654.55,15533.56,42979.38,2039.76,103.922
2024-02-03 00:00:00,4958.61,29.304,4654.55,15533.56,43028.9,2039.76,103.922
2024-02-04 00:00:00,4958.61,29.304,4654.55,15533.56,42759.88,2039.76,103.922
2024-02-05 00:00:00,4942.81,28.341,4655.27,15510.01,42342.38,2025.11,104.452
2024-02-06 00:00:00,4954.23,28.607,4690.87,16136.87,43163.65,2036.14,104.213
2024-02-07 00:00:00,4995.06,28.186,4678.85,16081.89,44188.33,2035.36,104.057
2024-02-08 00:00:00,4997.91,27.812,4710.78,15878.07,45331.74,2034.52,104.165
2024-02-09 00:00:00,5026.61,27.117,4715.87,15746.58,47547.04,2024.26,104.111
2024-02-10 00:00:00,5026.61,27.117,4715.87,15746.58,47954.54,2024.26,104.111
2024-02-11 00:00:00,5026.61,27.117,4715.87,15746.58,48133.2,2024.26,104.111
2024-02-12 00:00:00,5021.84,25.729,4746.35,15746.58,49843.24,2020.05,104.17
2024-02-13 00:00:00,4953.17,25.436,4689.28,15746.58,49563.06,1993.15,104.96
2024-02-14 00:00:00,5000.62,24.857,4709.22,15879.38,51772.71,1992.33,104.723
2024-02-15 00:00:00,5029.73,24.966,4743.17,15944.63,51371.31,2004.4,104.296
2024-02-16 00:00:00,5005.57,24.822,4765.65,16339.96,52016.4,2013.59,104.275
2024-02-17 00:00:00,5005.57,24.822,4765.65,16339.96,51808.28,2013.59,104.275
2024-02-18 00:00:00,5005.57,24.822,4765.65,16339.96,51872.49,2013.59,104.275
2024-02-19 00:00:00,5005.57,23.704,4763.07,16155.61,51906.55,2017.21,104.291
2024-02-20 00:00:00,4975.51,24.168,4760.28,16247.51,52037.65,2024.41,104.079
2024-02-21 00:00:00,4981.8,23.977,4775.31,16503.1,51388.56,2025.99,104.006
2024-02-22 00:00:00,5087.03,23.193,4855.36,16742.95,51650.63,2024.39,103.957
2024-02-23 00:00:00,5088.8,22.934,4872.57,16725.86,50981.2,2035.4,103.936
2024-02-24 00:00:00,5088.8,22.934,4872.57,16725.86,51561.02,2035.4,103.936
2024-02-25 00:00:00,5088.8,22.934,4872.57,16725.86,51769.03,2035.4,103.936
2024-02-26 00:00:00,5069.53,24.009,4864.29,16634.74,54656.39,2031.24,103.827
2024-02-27 00:00:00,5078.18,24.392,4885.74,16790.8,56731.14,2030.48,103.829
2024-02-28 00:00:00,5069.76,25.619,4883.77,16536.85,60550.68,2034.55,103.975
2024-02-29 00:00:00,5096.27,24.865,4877.77,16511.44,61430.64,2044.3,104.156
2024-03-01 00:00:00,5137.08,25.809,4894.86,16589.44,62589.24,2082.92,103.861
2024-03-02 00:00:00,5137.08,25.809,4894.86,16589.44,61971.26,2082.92,103.861
2024-03-03 00:00:00,5137.08,25.809,4894.86,16589.44,62855.02,2082.92,103.861
2024-03-04 00:00:00,5130.95,26.885,4912.92,16595.97,67494.73,2114.48,103.832
2024-03-05 00:00:00,5078.65,27.468,4893.07,16162.64,63330.43,2128.04,103.798
2024-03-06 00:00:00,5104.76,26.572,4915.49,16438.09,66481.26,2148.18,103.369
2024-03-07 00:00:00,5157.36,25.992,4974.22,16229.78,67332.89,2159.98,102.823
2024-03-08 00:00:00,5123.69,26.392,4961.11,16353.39,68398.85,2178.95,102.712
2024-03-09 00:00:00,5123.69,26.392,4961.11,16353.39,68532.1,2178.95,102.712
2024-03-10 00:00:00,5123.69,26.392,4961.11,16353.39,69430.41,2178.95,102.712
2024-03-11 00:00:00,5117.94,24.93,4930.42,16587.57,72115.85,2182.75,102.869
2024-03-12 00:00:00,5175.27,24.775,4983.2,17093.5,71063.39,2158.34,102.957
2024-03-13 00:00:00,5165.31,24.903,5000.55,17082.11,73157.29,2174.41,102.789
2024-03-14 00:00:00,5150.48,26.049,4993.12,16961.66,70681.39,2162.19,103.36
2024-03-15 00:00:00,5117.09,27.026,4986.02,16720.89,67859.14,2155.9,103.432
2024-03-16 00:00:00,5117.09,27.026,4986.02,16720.89,67096.54,2155.9,103.432
2024-03-17 00:00:00,5117.09,27.026,4986.02,16720.89,68271.21,2155.9,103.432
2024-03-18 00:00:00,5149.42,28.822,4982.76,16737.12,67352.39,2160.36,103.579
2024-03-19 00:00:00,5178.51,28.866,5007.92,16529.48,63749.51,2157.59,103.818
2024-03-20 00:00:00,5224.62,27.742,5000.31,16543.07,67078.54,2186.39,103.389
2024-03-21 00:00:00,5241.53,26.402,5052.31,16863.1,65466.78,2181.33,104.007
2024-03-22 00:00:00,5234.18,27.776,5031.15,16499.47,63509.03,2165.44,104.43
2024-03-23 00:00:00,5234.18,27.776,5031.15,16499.47,65011.85,2165.44,104.43
2024-03-24 00:00:00,5234.18,27.776,5031.15,16499.47,66153.2,2165.44,104.43
2024-03-25 00:00:00,5218.19,28.489,5044.19,16473.64,70959.89,2171.83,104.224
2024-03-26 00:00:00,5203.58,27.132,5064.18,16618.32,69825.01,2178.8,104.298
2024-03-27 00:00:00,5248.49,27.687,5081.74,16392.84,68862.16,2194.79,104.348
2024-03-28 00:00:00,5254.35,27.34,5083.42,16541.42,70712.89,2229.87,104.546
2024-03-29 00:00:00,5254.35,27.34,5083.42,16541.42,69654.16,2229.87,104.487
2024-03-30 00:00:00,5254.35,27.34,5083.42,16541.42,69857.12,2229.87,104.487
2024-03-31 00:00:00,5254.35,27.34,5083.42,16541.42,70845.76,2229.87,104.487
2024-04-01 00:00:00,5243.77,27.34,5083.42,16541.42,69767.89,2251.44,105.019
2024-04-02 00:00:00,5205.81,26.203,5042.0,16931.52,65702.14,2280.67,104.816
2024-04-03 00:00:00,5211.49,25.563,5069.25,16725.1,65742.2,2300.0,104.249
2024-04-04 00:00:00,5147.21,26.206,5070.76,16725.1,67948.37,2290.94,104.121
2024-04-05 00:00:00,5204.34,26.606,5014.75,16723.92,67660.41,2329.75,104.298
2024-04-06 00:00:00,5204.34,26.606,5014.75,16723.92,68409.01,2329.75,104.298
2024-04-07 00:00:00,5204.34,26.606,5014.75,16723.92,69318.14,2329.75,104.298
2024-04-08 00:00:00,5202.39,27.908,5046.05,16732.85,71706.37,2339.03,104.14
2024-04-09 00:00:00,5209.91,27.351,4990.9,16828.07,69127.2,2352.78,104.148
2024-04-10 00:00:00,5160.64,27.1,5000.83,17139.17,69807.51,2334.04,105.245
2024-04-11 00:00:00,5199.06,29.377,4966.68,17095.03,70509.59,2372.52,105.282
2024-04-12 00:00:00,5123.41,30.732,4955.01,16721.69,67127.64,2344.37,106.038
2024-04-13 00:00:00,5123.41,30.732,4955.01,16721.69,61967.01,2344.37,106.038
2024-04-14 00:00:00,5123.41,30.732,4955.01,16721.69,63863.84,2344.37,106.038
2024-04-15 00:00:00,5061.82,31.143,4984.48,16600.46,63152.49,2383.34,106.208
2024-04-16 00:00:00,5051.41,33.139,4916.99,16248.97,63039.97,2382.89,106.257
2024-04-17 00:00:00,5022.21,31.289,4914.13,16251.84,60855.27,2361.02,105.951
2024-04-18 00:00:00,5011.12,32.309,4936.57,16385.87,63528.51,2379.04,106.151
2024-04-19 00:00:00,4967.23,30.758,4918.09,16224.14,64071.26,2391.93,106.154
2024-04-20 00:00:00,4967.23,30.758,4918.09,16224.14,64756.57,2391.93,106.154
2024-04-21 00:00:00,4967.23,30.758,4918.09,16224.14,64657.01,2391.93,106.154
2024-04-22 00:00:00,5010.6,29.31,4936.85,16511.69,66538.41,2327.3,106.077
2024-04-23 00:00:00,5070.55,28.417,5008.17,16828.93,66353.7,2322.02,105.675
2024-04-24 00:00:00,5071.63,29.018,4989.88,17201.27,64049.7,2316.17,105.857
2024-04-25 00:00:00,5048.42,29.771,4939.01,17284.54,64796.69,2332.46,105.598
2024-04-26 00:00:00,5099.96,28.886,5006.85,17651.15,63939.27,2337.96,105.938
2024-04-27 00:00:00,5099.96,28.886,5006.85,17651.15,63233.89,2337.96,105.938
2024-04-28 00:00:00,5099.96,28.886,5006.85,17651.15,63663.05,2337.96,105.938
2024-04-29 00:00:00,5116.17,27.994,4981.09,17746.91,62943.49,2335.66,105.579
2024-04-30 00:00:00,5035.69,29.118,4921.22,17763.03,59868.89,2286.25,106.221
2024-05-01 00:00:00,5018.39,28.73,4921.22,17763.03,57293.55,2319.56,105.755
2024-05-02 00:00:00,5064.2,30.913,4890.61,18207.13,58743.14,2303.83,105.299
2024-05-03 00:00:00,5127.79,30.528,4921.48,18475.92,62928.89,2301.74,105.03
2024-05-04 00:00:00,5127.79,30.528,4921.48,18475.92,63880.21,2301.74,105.03
2024-05-05 00:00:00,5127.79,30.528,4921.48,18475.92,63746.0,2301.74,105.03
2024-05-06 00:00:00,5180.74,31.801,4956.96,18578.3,63301.55,2323.97,105.051
2024-05-07 00:00:00,5187.7,31.067,5016.1,18479.37,62973.05,2314.1,105.412
2024-05-08 00:00:00,5187.67,30.609,5038.17,18313.86,61568.87,2308.85,105.546
2024-05-09 00:00:00,5214.08,30.865,5054.41,18537.81,62633.68,2346.33,105.227
2024-05-10 00:00:00,5222.68,30.029,5085.08,18963.68,60501.2,2360.5,105.301
2024-05-11 00:00:00,5222.68,30.029,5085.08,18963.68,60996.96,2360.5,105.301
2024-05-12 00:00:00,5222.68,30.029,5085.08,18963.68,61272.65,2360.5,105.301
2024-05-13 00:00:00,5221.42,29.578,5078.96,19115.06,63089.33,2336.32,105.218
2024-05-14 00:00:00,5246.68,29.669,5080.29,19073.71,61579.46,2358.12,105.013
2024-05-15 00:00:00,5308.15,29.734,5100.9,19073.71,65981.66,2385.99,104.345
2024-05-16 00:00:00,5297.1,30.248,5072.45,19376.53,65279.32,2376.86,104.462
2024-05-17 00:00:00,5303.27,30.769,5064.14,19553.61,66926.64,2415.22,104.445
2024-05-18 00:00:00,5303.27,30.769,5064.14,19553.61,66991.2,2415.22,104.445
2024-05-19 00:00:00,5303.27,30.769,5064.14,19553.61,66156.45,2415.22,104.445
2024-05-20 00:00:00,5308.13,31.768,5074.34,19636.22,69522.56,2425.31,104.565
2024-05-21 00:00:00,5321.41,33.004,5046.99,19220.62,69711.51,2421.05,104.661
2024-05-22 00:00:00,5307.01,34.389,5025.17,19195.6,69411.32,2378.85,104.933
2024-05-23 00:00:00,5267.84,35.228,5037.6,18868.71,67753.41,2329.27,105.108
2024-05-24 00:00:00,5304.72,34.115,5035.41,18608.94,68849.43,2333.83,104.724
2024-05-25 00:00:00,5304.72,34.115,5035.41,18608.94,69096.85,2333.83,104.724
2024-05-26 00:00:00,5304.72,34.115,5035.41,18608.94,68683.35,2333.83,104.724
2024-05-27 00:00:00,5304.72,35.243,5059.2,18827.35,69590.89,2350.97,104.595
2024-05-28 00:00:00,5306.04,33.534,5030.35,18821.16,68241.51,2361.31,104.614
2024-05-29 00:00:00,5266.95,33.879,4963.2,18477.01,67410.37,2338.12,105.122
2024-05-30 00:00:00,5235.48,35.192,4982.18,18230.19,68469.51,2343.07,104.716
2024-05-31 00:00:00,5277.51,34.223,4983.67,18079.61,67630.41,2327.33,104.671
2024-06-01 00:00:00,5277.51,34.223,4983.67,18079.61,67742.95,2327.33,104.671
2024-06-02 00:00:00,5277.51,34.223,4983.67,18079.61,67794.98,2327.33,104.671
2024-06-03 00:00:00,5283.4,36.014,5003.54,18403.04,69097.7,2350.75,104.14
2024-06-04 00:00:00,5291.34,33.797,4953.37,18444.11,70422.79,2327.01,104.11
2024-06-05 00:00:00,5354.03,33.355,5035.66,18424.96,71216.04,2355.32,104.268
2024-06-06 00:00:00,5352.96,33.686,5069.09,18476.8,70688.73,2376.06,104.102
2024-06-07 00:00:00,5346.99,33.109,5051.31,18366.95,69270.57,2293.78,104.885
2024-06-08 00:00:00,5346.99,33.109,5051.31,18366.95,69371.48,2293.78,104.885
2024-06-09 00:00:00,5346.99,33.109,5051.31,18366.95,69682.9,2293.78,104.885
2024-06-10 00:00:00,5360.79,34.258,5016.48,18366.95,69608.6,2310.88,105.15
2024-06-11 00:00:00,5375.32,34.285,4965.09,18176.34,67280.16,2317.01,105.23
2024-06-12 00:00:00,5421.03,35.294,5034.43,17937.84,68083.66,2324.98,104.645
2024-06-13 00:00:00,5433.74,35.724,4935.5,18112.63,66676.76,2304.21,105.196
2024-06-14 00:00:00,5431.6,35.36,4839.14,17941.78,65734.85,2333.04,105.55
2024-06-15 00:00:00,5431.6,35.36,4839.14,17941.78,66010.76,2333.04,105.55
2024-06-16 00:00:00,5431.6,35.36,4839.14,17941.78,66465.35,2333.04,105.55
2024-06-17 00:00:00,5473.23,34.21,4880.42,17936.12,66375.54,2319.14,105.32
2024-06-18 00:00:00,5487.03,34.7,4915.47,17915.55,64891.21,2329.46,105.256
2024-06-19 00:00:00,5487.03,35.338,4885.45,18430.39,64851.51,2328.16,105.254
2024-06-20 00:00:00,5473.17,34.464,4947.73,18335.32,65060.38,2360.09,105.588
2024-06-21 00:00:00,5464.62,33.936,4907.3,18028.52,64168.01,2321.98,105.796
2024-06-22 00:00:00,5464.62,33.936,4907.3,18028.52,64262.16,2321.98,105.796
2024-06-23 00:00:00,5464.62,33.936,4907.3,18028.52,63704.95,2321.98,105.796
2024-06-24 00:00:00,5447.87,34.08,4950.98,18027.71,59474.74,2334.65,105.473
2024-06-25 00:00:00,5469.3,34.853,4935.97,18072.9,61914.64,2319.62,105.607
2024-06-26 00:00:00,5477.9,33.824,4915.94,18089.93,60954.51,2298.23,106.052
2024-06-27 00:00:00,5482.87,34.565,4902.6,17716.47,61418.85,2327.73,105.906
2024-06-28 00:00:00,5460.48,34.48,4894.02,17718.61,60118.16,2326.75,105.866
2024-06-29 00:00:00,5460.48,34.48,4894.02,17718.61,60949.7,2326.75,105.866
2024-06-30 00:00:00,5460.48,34.48,4894.02,17718.61,61904.96,2326.75,105.866
2024-07-01 00:00:00,5475.09,33.485,4929.99,17718.61,63236.01,2331.9,105.901
2024-07-02 00:00:00,5509.01,33.685,4906.33,17769.14,61922.42,2329.46,105.722
2024-07-03 00:00:00,5537.02,32.691,4965.8,17978.57,59542.7,2356.2,105.403
2024-07-04 00:00:00,5537.02,33.246,4987.48,18028.28,58329.01,2356.69,105.13
2024-07-05 00:00:00,5567.19,33.067,4979.39,17799.61,56354.49,2392.16,104.875
2024-07-06 00:00:00,5567.19,33.067,4979.39,17799.61,57989.71,2392.16,104.875
2024-07-07 00:00:00,5567.19,33.067,4979.39,17799.61,57264.42,2392.16,104.875
2024-07-08 00:00:00,5572.85,32.286,4969.83,17524.06,56258.41,2359.13,105.0
2024-07-09 00:00:00,5576.98,31.335,4903.62,17523.23,57928.24,2364.09,105.129
2024-07-10 00:00:00,5633.91,30.784,4958.86,17471.67,57404.96,2371.26,105.048
2024-07-11 00:00:00,5584.54,31.112,4976.13,17832.33,57553.71,2415.48,104.44
2024-07-12 00:00:00,5615.35,31.719,5043.02,18293.38,57558.83,2411.43,104.093
2024-07-13 00:00:00,5615.35,31.719,5043.02,18293.38,58607.75,2411.43,104.093
2024-07-14 00:00:00,5615.35,31.719,5043.02,18293.38,60115.19,2411.43,104.093
2024-07-15 00:00:00,5631.22,31.371,4983.11,18015.94,63779.01,2422.27,104.189
2024-07-16 00:00:00,5667.2,32.797,4947.83,17727.98,64695.41,2469.08,104.27
2024-07-17 00:00:00,5588.27,31.893,4891.46,17739.41,64523.61,2458.79,103.748
2024-07-18 00:00:00,5544.59,32.674,4870.12,17778.41,63818.99,2445.08,104.173
2024-07-19 00:00:00,5505.0,32.17,4827.24,17417.68,66985.87,2400.83,104.396
2024-07-20 00:00:00,5505.0,32.17,4827.24,17417.68,67382.51,2400.83,104.396
2024-07-21 00:00:00,5505.0,32.17,4827.24,17417.68,67741.98,2400.83,104.396
2024-07-22 00:00:00,5564.41,31.839,4897.44,17635.88,68147.89,2396.59,104.314
2024-07-23 00:00:00,5555.74,31.622,4916.8,17469.36,65854.09,2409.64,104.45
2024-07-24 00:00:00,5427.13,32.621,4861.87,17311.05,66042.98,2397.7,104.391
2024-07-25 00:00:00,5399.22,31.779,4811.28,17004.97,65275.46,2364.56,104.355
2024-07-26 00:00:00,5459.1,32.475,4862.5,17021.31,67448.64,2387.19,104.316
2024-07-27 00:00:00,5459.1,32.475,4862.5,17021.31,67788.03,2387.19,104.316
2024-07-28 00:00:00,5459.1,32.475,4862.5,17021.31,68007.6,2387.19,104.316
2024-07-29 00:00:00,5463.54,33.873,4815.39,17238.34,67367.26,2384.19,104.564
2024-07-30 00:00:00,5436.44,34.361,4841.0,17002.91,66174.57,2410.78,104.554
2024-07-31 00:00:00,5522.3,35.868,4872.94,17344.6,64559.96,2447.6,104.096
2024-08-01 00:00:00,5446.68,36.969,4765.72,17304.96,64694.03,2446.26,104.421
2024-08-02 00:00:00,5346.56,36.649,4638.7,16945.51,62551.57,2443.24,103.208
2024-08-03 00:00:00,5346.56,36.649,4638.7,16945.51,60366.85,2443.24,103.208
2024-08-04 00:00:00,5346.56,36.649,4638.7,16945.51,59135.51,2443.24,103.208
2024-08-05 00:00:00,5186.33,35.498,4571.6,16698.36,54395.26,2410.79,102.689
2024-08-06 00:00:00,5240.03,36.676,4575.22,16647.34,56571.57,2390.82,102.969
2024-08-07 00:00:00,5199.5,38.451,4668.06,16877.86,55154.01,2382.92,103.197
2024-08-08 00:00:00,5319.31,40.095,4668.74,16891.83,59537.8,2427.53,103.209
2024-08-09 00:00:00,5344.16,40.396,4675.28,17090.23,60776.95,2431.32,103.135
2024-08-10 00:00:00,5344.16,40.396,4675.28,17090.23,61009.06,2431.32,103.135
2024-08-11 00:00:00,5344.16,40.396,4675.28,17090.23,58518.89,2431.32,103.135
2024-08-12 00:00:00,5344.39,39.658,4671.88,17111.65,58856.37,2472.9,103.139
2024-08-13 00:00:00,5434.43,39.48,4694.92,17174.06,60587.07,2465.16,102.559
2024-08-14 00:00:00,5455.21,38.967,4727.6,17113.36,59157.9,2447.85,102.568
2024-08-15 00:00:00,5543.22,39.601,4807.77,17109.14,56681.01,2456.79,102.977
2024-08-16 00:00:00,5554.25,39.644,4840.52,17430.16,59299.16,2508.01,102.463
2024-08-17 00:00:00,5554.25,39.644,4840.52,17430.16,59404.29,2508.01,102.463
2024-08-18 00:00:00,5554.25,39.644,4840.52,17430.16,59824.95,2508.01,102.463
2024-08-19 00:00:00,5608.25,39.845,4871.41,17569.57,59103.84,2504.28,101.886
2024-08-20 00:00:00,5597.12,37.957,4857.58,17511.08,59310.72,2513.99,101.441
2024-08-21 00:00:00,5620.85,37.01,4885.28,17391.01,61246.11,2512.56,101.039
2024-08-22 00:00:00,5570.64,36.587,4885.0,17641.0,60683.46,2484.75,101.508
2024-08-23 00:00:00,5634.61,36.863,4909.2,17612.1,63685.64,2512.59,100.718
2024-08-24 00:00:00,5634.61,36.863,4909.2,17612.1,64168.14,2512.59,100.718
2024-08-25 00:00:00,5634.61,36.863,4909.2,17612.1,64243.7,2512.59,100.718
2024-08-26 00:00:00,5616.84,37.656,4896.69,17798.73,63448.51,2518.03,100.851
2024-08-27 00:00:00,5625.8,38.689,4898.78,17874.67,61853.2,2524.64,100.552
2024-08-28 00:00:00,5592.18,38.52,4913.03,17692.45,59347.96,2504.61,101.094
2024-08-29 00:00:00,5591.96,38.601,4966.27,17786.32,59532.78,2521.4,101.343
2024-08-30 00:00:00,5648.4,39.823,4957.98,17989.07,59045.4,2503.39,101.698
2024-08-31 00:00:00,5648.4,39.823,4957.98,17989.07,58954.67,2503.39,101.698
2024-09-01 00:00:00,5648.4,39.823,4957.98,17989.07,58420.95,2503.39,101.698
2024-09-02 00:00:00,5648.4,38.58,4973.07,17691.97,59003.52,2499.51,101.653
2024-09-03 00:00:00,5528.93,37.193,4912.52,17651.49,58213.26,2492.91,101.825
2024-09-04 00:00:00,5520.07,35.798,4848.18,17457.34,58043.68,2495.72,101.358
2024-09-05 00:00:00,5503.41,36.195,4815.15,17444.3,56074.06,2516.76,101.107
2024-09-06 00:00:00,5408.42,36.479,4738.06,17444.3,52856.51,2497.41,101.177
2024-09-07 00:00:00,5408.42,36.479,4738.06,17444.3,54172.53,2497.41,101.177
2024-09-08 00:00:00,5408.42,36.479,4738.06,17444.3,54378.17,2497.41,101.177
2024-09-09 00:00:00,5471.05,37.333,4778.66,17196.96,57021.01,2506.38,101.552
2024-09-10 00:00:00,5495.52,35.282,4747.2,17234.09,57575.28,2516.73,101.63
2024-09-11 00:00:00,5554.13,36.142,4763.58,17108.71,57495.02,2511.76,101.684
2024-09-12 00:00:00,5595.76,35.191,4814.08,17240.39,58194.64,2557.9,101.366
2024-09-13 00:00:00,5626.02,35.648,4843.99,17369.09,59878.39,2577.7,101.114
2024-09-14 00:00:00,5626.02,35.648,4843.99,17369.09,60030.81,2577.7,101.114
2024-09-15 00:00:00,5626.02,35.648,4843.99,17369.09,59808.85,2577.7,101.114
2024-09-16 00:00:00,5633.09,34.081,4827.63,17422.12,57668.86,2582.45,100.763
2024-09-17 00:00:00,5634.58,35.547,4860.78,17660.02,60137.4,2569.5,100.894
2024-09-18 00:00:00,5618.26,35.245,4835.3,17660.02,60232.24,2558.91,100.596
2024-09-19 00:00:00,5713.64,33.083,4943.38,18013.16,63042.1,2586.74,100.614
2024-09-20 00:00:00,5702.55,34.444,4871.54,18258.57,62823.51,2621.88,100.723
2024-09-21 00:00:00,5702.55,34.444,4871.54,18258.57,63159.61,2621.88,100.723
2024-09-22 00:00:00,5702.55,34.444,4871.54,18258.57,63210.62,2621.88,100.723
2024-09-23 00:00:00,5718.57,36.211,4885.57,18247.11,63317.34,2628.72,100.851
2024-09-24 00:00:00,5732.93,35.413,4940.72,19000.56,64227.01,2657.1,100.466
2024-09-25 00:00:00,5722.26,37.319,4916.89,19129.1,63488.74,2656.89,100.912
2024-09-26 00:00:00,5745.37,37.89,5032.59,19924.58,64678.85,2672.38,100.562
2024-09-27 00:00:00,5738.17,38.114,5067.45,20632.3,65813.57,2658.24,100.381
2024-09-28 00:00:00,5738.17,38.114,5067.45,20632.3,65657.14,2658.24,100.381
2024-09-29 00:00:00,5738.17,38.114,5067.45,20632.3,65834.07,2658.24,100.381
2024-09-30 00:00:00,5762.48,39.044,5000.45,21133.68,63785.09,2634.58,100.779
2024-10-01 00:00:00,5708.75,39.273,4954.15,21133.68,60786.64,2663.23,101.194
2024-10-02 00:00:00,5709.54,38.617,4963.29,22443.73,60905.21,2658.69,101.677
2024-10-03 00:00:00,5699.94,39.912,4921.33,22113.51,60776.03,2655.89,101.989
2024-10-04 00:00:00,5751.07,40.98,4954.94,22736.87,62420.23,2653.6,102.52
2024-10-05 00:00:00,5751.07,40.98,4954.94,22736.87,61725.06,2653.6,102.52
2024-10-06 00:00:00,5751.07,40.98,4954.94,22736.87,62621.92,2653.6,102.52
2024-10-07 00:00:00,5695.94,40.244,4969.71,23099.78,63009.26,2642.59,102.537
2024-10-08 00:00:00,5751.13,38.919,4949.0,20926.79,62348.77,2621.83,102.549
2024-10-09 00:00:00,5792.04,38.341,4982.57,20637.24,60393.26,2607.77,102.928
2024-10-10 00:00:00,5780.05,40.293,4970.34,21251.98,59728.65,2629.74,102.988
2024-10-11 00:00:00,5815.03,39.879,5003.92,21251.98,63002.15,2656.59,102.89
2024-10-12 00:00:00,5815.03,39.879,5003.92,21251.98,63033.46,2656.59,102.89
2024-10-13 00:00:00,5815.03,39.879,5003.92,21251.98,62742.75,2656.59,102.89
2024-10-14 00:00:00,5859.85,40.559,5041.01,21092.87,65906.29,2648.54,103.298
2024-10-15 00:00:00,5815.26,39.973,4946.73,20318.79,66480.39,2662.58,103.261
2024-10-16 00:00:00,5842.47,39.241,4908.71,20286.85,67620.07,2673.83,103.59
2024-10-17 00:00:00,5841.47,39.65,4947.3,20079.1,66934.03,2692.71,103.825
2024-10-18 00:00:00,5864.67,39.204,4986.27,20804.11,68419.6,2721.46,103.493
2024-10-19 00:00:00,5864.67,39.204,4986.27,20804.11,68231.4,2721.46,103.493
2024-10-20 00:00:00,5864.67,39.204,4986.27,20804.11,68758.39,2721.46,103.493
2024-10-21 00:00:00,5853.98,40.024,4941.22,20478.46,67721.2,2719.85,104.012
2024-10-22 00:00:00,5851.2,40.704,4939.31,20498.95,67498.07,2749.01,104.075
2024-10-23 00:00:00,5797.42,41.38,4922.55,20760.15,66586.37,2715.55,104.431
2024-10-24 00:00:00,5809.86,42.154,4935.45,20489.62,68149.93,2736.17,104.058
2024-10-25 00:00:00,5808.12,43.513,4943.09,20590.15,66768.48,2747.56,104.257
2024-10-26 00:00:00,5808.12,43.513,4943.09,20590.15,67177.26,2747.56,104.257
2024-10-27 00:00:00,5808.12,43.513,4943.09,20590.15,67689.07,2747.56,104.257
2024-10-28 00:00:00,5823.52,42.519,4969.83,20599.36,69610.57,2742.46,104.316
2024-10-29 00:00:00,5832.92,42.869,4950.02,20701.14,72310.41,2774.74,104.316
2024-10-30 00:00:00,5813.67,40.903,4885.75,20380.64,72834.6,2787.61,103.994
2024-10-31 00:00:00,5705.45,40.588,4827.63,20317.33,69937.51,2743.97,103.976
2024-11-01 00:00:00,5728.8,39.175,4877.75,20506.43,69195.41,2736.53,104.282
2024-11-02 00:00:00,5728.8,39.175,4877.75,20506.43,69514.85,2736.53,104.282
2024-11-03 00:00:00,5728.8,39.175,4877.75,20506.43,69114.12,2736.53,104.282
2024-11-04 00:00:00,5712.69,40.301,4852.1,20567.52,67086.01,2736.78,103.885
2024-11-05 00:00:00,5782.76,40.492,4870.33,21006.97,69162.79,2743.99,103.423
2024-11-06 00:00:00,5929.04,40.388,4800.63,20538.38,75959.32,2659.06,105.088
2024-11-07 00:00:00,5973.1,41.276,4851.96,20953.34,75959.78,2706.71,104.508
2024-11-08 00:00:00,5995.54,42.409,4802.76,20728.19,76529.92,2684.77,104.997
2024-11-09 00:00:00,5995.54,42.409,4802.76,20728.19,76469.29,2684.77,104.997
2024-11-10 00:00:00,5995.54,42.409,4802.76,20728.19,79927.89,2684.77,104.997
2024-11-11 00:00:00,6001.35,43.728,4854.03,20426.93,88014.53,2618.82,105.543
2024-11-12 00:00:00,5983.99,44.255,4744.69,19846.88,88320.23,2598.39,106.024
2024-11-13 00:00:00,5985.38,43.666,4740.34,19823.45,88633.92,2572.98,106.481
2024-11-14 00:00:00,5949.17,46.224,4833.53,19435.81,88213.6,2564.85,106.673
2024-11-15 00:00:00,5870.62,46.551,4794.85,19426.34,91740.37,2563.25,106.687
2024-11-16 00:00:00,5870.62,46.551,4794.85,19426.34,91047.96,2563.25,106.687
2024-11-17 00:00:00,5870.62,46.551,4794.85,19426.34,89148.31,2563.25,106.687
2024-11-18 00:00:00,5893.62,46.9,4790.33,19576.61,91370.51,2611.83,106.275
2024-11-19 00:00:00,5916.98,45.668,4751.23,19663.67,92306.2,2632.08,106.206
2024-11-20 00:00:00,5917.11,46.796,4729.71,19705.01,94463.65,2650.6,106.68
2024-11-21 00:00:00,5948.71,48.303,4755.83,19601.11,98084.99,2669.72,106.972
2024-11-22 00:00:00,5969.34,47.018,4789.08,19229.97,99420.01,2716.19,107.554
2024-11-23 00:00:00,5969.34,47.018,4789.08,19229.97,98077.31,2716.19,107.554
2024-11-24 00:00:00,5969.34,47.018,4789.08,19229.97,97040.56,2716.19,107.554
2024-11-25 00:00:00,5987.37,47.733,4799.87,19150.99,93714.51,2625.01,106.817
2024-11-26 00:00:00,6021.63,47.216,4761.99,19159.2,91651.14,2633.15,107.013
2024-11-27 00:00:00,5998.74,46.762,4733.15,19603.13,96400.51,2636.02,106.084
2024-11-28 00:00:00,5998.74,46.26,4758.65,19366.96,95132.86,2637.92,106.048
2024-11-29 00:00:00,6032.38,47.811,4804.4,19423.61,97460.39,2643.15,105.737
2024-11-30 00:00:00,6032.38,47.811,4804.4,19423.61,96841.2,2643.15,105.737
2024-12-01 00:00:00,6032.38,47.811,4804.4,19423.61,97824.17,2643.15,105.737
2024-12-02 00:00:00,6047.15,48.655,4846.73,19550.29,95419.96,2639.13,106.446
2024-12-03 00:00:00,6049.88,48.557,4878.51,19746.32,96086.07,2643.49,106.365
2024-12-04 00:00:00,6086.49,47.046,4919.02,19742.46,97876.14,2649.9,106.321
2024-12-05 00:00:00,6075.11,46.551,4951.58,19560.44,99029.87,2631.67,105.714
2024-12-06 00:00:00,6090.27,46.48,4977.78,19865.85,100566.11,2633.37,106.055
2024-12-07 00:00:00,6090.27,46.48,4977.78,19865.85,99974.34,2633.37,106.055
2024-12-08 00:00:00,6090.27,46.48,4977.78,19865.85,100091.91,2633.37,106.055
2024-12-09 00:00:00,6052.85,44.855,4985.46,20414.09,96935.04,2660.3,106.145
2024-12-10 00:00:00,6034.91,45.552,4951.74,20311.28,96911.36,2694.25,106.399
2024-12-11 00:00:00,6084.19,44.694,4959.35,20155.05,101612.51,2718.23,106.71
2024-12-12 00:00:00,6051.25,42.804,4965.53,20397.05,99787.04,2680.73,106.956
2024-12-13 00:00:00,6051.09,41.215,4967.95,19971.24,101342.01,2648.23,107.003
2024-12-14 00:00:00,6051.09,41.215,4967.95,19971.24,101075.91,2648.23,107.003
2024-12-15 00:00:00,6051.09,41.215,4967.95,19971.24,102836.81,2648.23,107.003
2024-12-16 00:00:00,6074.08,40.277,4947.03,19795.49,106075.01,2652.72,106.858
2024-12-17 00:00:00,6050.61,42.065,4942.58,19700.48,106407.51,2646.83,106.956
2024-12-18 00:00:00,5872.16,41.007,4957.28,19864.55,100950.51,2585.35,108.027
2024-12-19 00:00:00,5867.08,43.078,4879.0,19752.51,97327.84,2594.01,108.408
2024-12-20 00:00:00,5930.85,44.13,4862.28,19720.7,96557.17,2622.91,107.621
2024-12-21 00:00:00,5930.85,44.13,4862.28,19720.7,96864.46,2622.91,107.621
2024-12-22 00:00:00,5930.85,44.13,4862.28,19720.7,95111.82,2622.91,107.621
2024-12-23 00:00:00,5974.07,45.545,4852.93,19883.13,93847.37,2612.56,108.037
2024-12-24 00:00:00,6040.04,45.731,4857.86,20098.29,98322.95,2616.87,108.257
2024-12-25 00:00:00,6040.04,45.731,4857.86,20098.29,98428.04,2616.87,108.257
2024-12-26 00:00:00,6037.59,45.731,4857.86,20098.29,95696.78,2633.58,108.129
2024-12-27 00:00:00,5970.84,47.731,4898.88,20090.46,94400.07,2621.4,107.998
2024-12-28 00:00:00,5970.84,47.731,4898.88,20090.46,94991.98,2621.4,107.998
2024-12-29 00:00:00,5970.84,47.731,4898.88,20090.46,93204.92,2621.4,107.998
2024-12-30 00:00:00,5906.94,47.633,4869.28,20041.42,91918.95,2606.5,108.13
2024-12-31 00:00:00,5881.63,48.889,4895.98,20059.95,93714.04,2624.5,108.487
2025-01-01 00:00:00,5881.63,48.889,4895.98,20059.95,94771.56,2624.5,108.487
2025-01-02 00:00:00,5868.55,50.273,4917.88,19623.32,97123.79,2657.9,109.394
2025-01-03 00:00:00,5942.47,49.622,4871.45,19760.27,98243.4,2640.22,108.952
2025-01-04 00:00:00,5942.47,49.622,4871.45,19760.27,98355.29,2640.22,108.952
2025-01-05 00:00:00,5942.47,49.622,4871.45,19760.27,98482.42,2640.22,108.952
2025-01-06 00:00:00,5975.38,47.326,4986.64,19688.29,101661.91,2636.47,108.257
2025-01-07 00:00:00,5909.03,47.474,5011.82,19447.58,96478.53,2648.59,108.542
2025-01-08 00:00:00,5918.25,45.559,4996.39,19279.84,94457.9,2661.94,109.09
2025-01-09 00:00:00,5918.25,44.987,5017.91,19240.89,92106.9,2667.25,109.179
2025-01-10 00:00:00,5827.04,45.008,4977.26,19064.29,94620.17,2689.76,109.65
2025-01-11 00:00:00,5827.04,45.008,4977.26,19064.29,94907.03,2689.76,109.65
2025-01-12 00:00:00,5827.04,45.008,4977.26,19064.29,94314.67,2689.76,109.65
2025-01-13 00:00:00,5836.22,48.261,4954.21,18874.14,94171.43,2663.16,109.956
2025-01-14 00:00:00,5842.91,46.947,4980.47,19219.78,96434.37,2677.46,109.273
2025-01-15 00:00:00,5949.91,47.006,5032.31,19286.07,99678.9,2696.32,109.09
2025-01-16 00:00:00,5937.34,46.241,5106.93,19522.89,100135.61,2714.31,108.957
2025-01-17 00:00:00,5996.66,46.887,5148.3,19584.06,104640.01,2703.25,109.347
2025-01-18 00:00:00,5996.66,46.887,5148.3,19584.06,103803.41,2703.25,109.347
2025-01-19 00:00:00,5996.66,46.887,5148.3,19584.06,103556.31,2703.25,109.347
2025-01-20 00:00:00,5996.66,47.853,5164.44,19925.81,102494.61,2708.21,109.347
2025-01-21 00:00:00,6049.24,50.027,5165.96,20106.55,106788.72,2744.81,108.062
2025-01-22 00:00:00,6086.37,48.716,5205.83,19778.77,104071.31,2756.48,108.167
2025-01-23 00:00:00,6118.71,49.123,5217.5,19700.56,103131.11,2754.87,108.047
2025-01-24 00:00:00,6101.24,49.702,5219.37,20066.19,105111.41,2770.58,107.443
2025-01-25 00:00:00,6101.24,49.702,5219.37,20066.19,105075.31,2770.58,107.443
2025-01-26 00:00:00,6101.24,49.702,5219.37,20066.19,104566.11,2770.58,107.443
2025-01-27 00:00:00,6012.28,47.862,5188.45,20197.77,101341.41,2740.81,107.341
2025-01-28 00:00:00,6067.7,48.224,5195.71,20225.11,100287.01,2763.51,107.866
2025-01-29 00:00:00,6039.31,51.156,5230.66,20225.11,103751.41,2759.36,108.0
2025-01-30 00:00:00,6071.17,51.726,5282.21,20225.11,105059.41,2794.59,107.797
2025-01-31 00:00:00,6040.53,53.237,5286.87,20225.11,102110.01,2798.41,108.37
2025-02-01 00:00:00,6040.53,53.237,5286.87,20225.11,101190.91,2798.41,108.37
2025-02-02 00:00:00,6040.53,53.237,5286.87,20225.11,96996.87,2798.41,108.37
2025-02-03 00:00:00,5994.57,53.794,5217.91,20217.26,101934.81,2815.21,108.99
2025-02-04 00:00:00,6037.88,52.048,5264.59,20789.96,96530.36,2842.71,107.96
2025-02-05 00:00:00,6061.48,53.438,5271.12,20597.09,96935.73,2867.24,107.579
2025-02-06 00:00:00,6083.57,54.502,5356.63,20891.62,96811.79,2856.28,107.689
2025-02-07 00:00:00,6025.99,55.723,5325.4,21133.54,96019.98,2861.07,108.04
2025-02-08 00:00:00,6025.99,55.723,5325.4,21133.54,96556.21,2861.07,108.04
2025-02-09 00:00:00,6025.99,55.723,5325.4,21133.54,95224.76,2861.07,108.04
2025-02-10 00:00:00,6066.44,58.039,5358.3,21521.98,97402.99,2908.26,108.319
2025-02-11 00:00:00,6068.5,57.766,5390.91,21294.86,96376.21,2897.91,107.963
2025-02-12 00:00:00,6051.97,55.661,5405.65,21857.92,97663.11,2904.04,107.938
2025-02-13 00:00:00,6115.07,51.383,5500.5,21814.37,96491.67,2928.21,107.313
2025-02-14 00:00:00,6114.63,50.685,5493.4,22620.33,97503.15,2882.53,106.71
2025-02-15 00:00:00,6114.63,50.685,5493.4,22620.33,97689.24,2882.53,106.71
2025-02-16 00:00:00,6114.63,50.685,5493.4,22620.33,97188.39,2882.53,106.71
2025-02-17 00:00:00,6114.63,48.136,5519.83,22616.23,96417.79,2896.56,106.575
2025-02-18 00:00:00,6129.58,49.215,5533.84,22976.81,95008.45,2936.02,107.054
2025-02-19 00:00:00,6144.15,48.264,5461.17,22944.24,96315.42,2933.39,107.173
2025-02-20 00:00:00,6117.52,47.494,5461.03,22576.98,98131.18,2938.98,106.372
2025-02-21 00:00:00,6013.13,47.195,5474.85,23477.92,95325.37,2936.05,106.612
2025-02-22 00:00:00,6013.13,47.195,5474.85,23477.92,96672.17,2936.05,106.612
2025-02-23 00:00:00,6013.13,47.195,5474.85,23477.92,95769.24,2936.05,106.612
2025-02-24 00:00:00,5983.25,47.144,5453.76,23341.61,93957.79,2951.73,106.596
2025-02-25 00:00:00,5955.25,44.291,5447.9,23034.02,88701.92,2914.98,106.308
2025-02-26 00:00:00,5956.06,41.336,5527.99,23787.93,84470.18,2916.39,106.416
2025-02-27 00:00:00,5861.57,44.93,5472.56,23718.29,84285.18,2877.52,107.244
2025-02-28 00:00:00,5954.5,44.32,5463.54,22941.32,84212.07,2857.83,107.614
2025-03-01 00:00:00,5954.5,44.32,5463.54,22941.32,86047.76,2857.83,107.614
2025-03-02 00:00:00,5954.5,44.32,5463.54,22941.32,94297.71,2857.83,107.614
2025-03-03 00:00:00,5849.72,45.213,5540.69,23006.27,85314.51,2892.73,106.747
2025-03-04 00:00:00,5778.15,43.464,5387.31,22941.77,87499.37,2917.89,105.743
2025-03-05 00:00:00,5842.63,41.508,5489.12,23594.21,90375.01,2919.39,104.276
2025-03-06 00:00:00,5738.52,38.24,5520.47,24369.71,89842.68,2911.8,104.062
2025-03-07 00:00:00,5770.2,39.971,5468.41,24231.3,86282.15,2909.1,103.838
2025-03-08 00:00:00,5770.2,39.971,5468.41,24231.3,86210.62,2909.1,103.838
2025-03-09 00:00:00,5770.2,39.971,5468.41,24231.3,83081.54,2909.1,103.838
2025-03-10 00:00:00,5614.56,41.232,5386.98,23783.49,79272.09,2888.71,103.9
2025-03-11 00:00:00,5572.07,42.71,5309.9,23782.14,82785.57,2915.9,103.419
2025-03-12 00:00:00,5599.3,42.254,5359.42,23600.31,83107.01,2934.77,103.612
2025-03-13 00:00:00,5521.52,42.076,5328.39,23462.65,80323.17,2989.18,103.828
2025-03-14 00:00:00,5638.94,42.29,5404.18,23959.98,84154.04,2984.16,103.718
2025-03-15 00:00:00,5638.94,42.29,5404.18,23959.98,84395.01,2984.16,103.718
2025-03-16 00:00:00,5638.94,42.29,5404.18,23959.98,83217.73,2984.16,103.718
2025-03-17 00:00:00,5675.12,41.248,5445.55,24145.57,83958.01,3000.6,103.37
2025-03-18 00:00:00,5614.66,40.755,5485.01,24740.57,82031.45,3034.73,103.244
2025-03-19 00:00:00,5675.29,43.355,5507.36,24771.14,85377.85,3047.79,103.428
2025-03-20 00:00:00,5662.89,42.855,5450.93,24219.95,84504.07,3044.9,103.851
2025-03-21 00:00:00,5667.56,42.605,5423.83,23689.72,84183.37,3022.15,104.088
2025-03-22 00:00:00,5667.56,42.605,5423.83,23689.72,83945.35,3022.15,104.088
2025-03-23 00:00:00,5667.56,42.605,5423.83,23689.72,85121.57,3022.15,104.088
2025-03-24 00:00:00,5767.57,42.748,5415.79,23905.56,87879.82,3011.04,104.262
2025-03-25 00:00:00,5776.65,41.555,5475.08,23344.25,87897.82,3020.09,104.184
2025-03-26 00:00:00,5712.2,40.87,5411.69,23483.32,87286.31,3019.38,104.547
2025-03-27 00:00:00,5693.31,41.202,5381.08,23578.8,87309.14,3057.29,104.335
2025-03-28 00:00:00,5580.94,40.587,5331.4,23426.6,83758.98,3085.12,104.044
2025-03-29 00:00:00,5580.94,40.587,5331.4,23426.6,82485.15,3085.12,104.044
2025-03-30 00:00:00,5580.94,40.587,5331.4,23426.6,82531.17,3085.12,104.044
2025-03-31 00:00:00,5611.85,40.667,5248.39,23119.58,82421.29,3123.57,104.21
2025-04-01 00:00:00,5633.07,42.45,5320.3,23206.84,85243.64,3113.38,104.26
2025-04-02 00:00:00,5670.97,41.263,5303.95,23202.53,85653.54,3134.17,103.807
2025-04-03 00:00:00,5396.52,39.203,5113.28,22849.81,82315.85,3115.34,102.072
2025-04-04 00:00:00,5074.08,36.401,4878.31,22849.81,84129.73,3038.24,103.023
2025-04-05 00:00:00,5074.08,36.401,4878.31,22849.81,83044.57,3038.24,103.023
2025-04-06 00:00:00,5074.08,36.401,4878.31,22849.81,78807.93,3038.24,103.023
2025-04-07 00:00:00,5062.25,37.0,4656.41,19828.3,78923.14,2983.28,103.256
2025-04-08 00:00:00,4982.77,36.231,4773.65,20127.68,77052.89,2983.27,102.955
2025-04-09 00:00:00,5456.9,33.666,4622.14,20264.49,83173.76,3082.7,102.9
2025-04-10 00:00:00,5268.05,33.293,4818.92,20681.78,79879.18,3176.23,100.867
2025-04-11 00:00:00,5363.36,33.463,4787.23,20914.69,83820.6,3237.61,100.102
2025-04-12 00:00:00,5363.36,33.463,4787.23,20914.69,85502.31,3237.61,100.102
2025-04-13 00:00:00,5363.36,33.463,4787.23,20914.69,83479.15,3237.61,100.102
2025-04-14 00:00:00,5405.97,34.499,4911.39,21417.4,84848.06,3210.93,99.64
2025-04-15 00:00:00,5396.63,34.407,4970.43,21466.27,84016.48,3230.72,100.215
2025-04-16 00:00:00,5275.7,35.312,4966.5,21056.98,84308.09,3343.12,99.38
2025-04-17 00:00:00,5282.7,35.657,4935.34,21395.14,85139.14,3326.85,99.376
2025-04-18 00:00:00,5282.7,35.657,4935.34,21395.14,84501.93,3326.85,99.23
2025-04-19 00:00:00,5282.7,35.657,4935.34,21395.14,85185.43,3326.85,99.23
2025-04-20 00:00:00,5282.7,35.657,4935.34,21395.14,85110.53,3326.85,99.23
2025-04-21 00:00:00,5158.2,35.657,4935.34,21395.14,87354.6,3423.98,98.278
2025-04-22 00:00:00,5287.76,34.244,4961.45,21562.32,91177.46,3380.63,98.918
2025-04-23 00:00:00,5375.86,34.16,5098.74,22072.62,93686.03,3288.34,99.844
2025-04-24 00:00:00,5484.77,33.574,5114.98,21909.76,93454.23,3349.43,99.377
2025-04-25 00:00:00,5525.21,32.432,5154.12,21980.74,94966.87,3319.72,99.471
2025-04-26 00:00:00,5525.21,32.432,5154.12,21980.74,94148.9,3319.72,99.471
2025-04-27 00:00:00,5525.21,32.432,5154.12,21980.74,94300.98,3319.72,99.471
2025-04-28 00:00:00,5528.75,32.398,5170.49,21971.96,94506.03,3343.98,99.01
2025-04-29 00:00:00,5560.83,31.856,5161.9,22008.11,94873.95,3317.41,99.237
2025-04-30 00:00:00,5569.06,32.317,5160.22,22119.41,94581.18,3288.71,99.468
2025-05-01 00:00:00,5604.14,32.149,5160.22,22119.41,96463.2,3239.2,100.248
2025-05-02 00:00:00,5686.67,33.078,5285.19,22504.68,97063.65,3240.49,100.03
2025-05-03 00:00:00,5686.67,33.078,5285.19,22504.68,96360.14,3240.49,100.03
2025-05-04 00:00:00,5686.67,33.078,5285.19,22504.68,95732.26,3240.49,100.03
2025-05-05 00:00:00,5650.38,32.93,5283.05,22504.68,94240.37,3334.12,99.831
2025-05-06 00:00:00,5606.91,34.743,5263.38,22662.71,94701.79,3431.77,99.238
2025-05-07 00:00:00,5631.28,34.531,5230.19,22691.88,96794.09,3364.5,99.614
2025-05-08 00:00:00,5663.94,35.341,5288.94,22775.92,102616.61,3305.72,100.64
2025-05-09 00:00:00,5659.91,34.618,5309.74,22867.74,103195.81,3324.98,100.339
2025-05-10 00:00:00,5659.91,34.618,5309.74,22867.74,103195.01,3324.98,100.339
2025-05-11 00:00:00,5659.91,34.618,5309.74,22867.74,104297.01,3324.98,100.339
2025-05-12 00:00:00,5844.19,35.39,5392.36,23549.46,102693.31,3236.39,101.788
2025-05-13 00:00:00,5886.55,35.744,5416.21,23108.27,104599.51,3250.31,101.003
2025-05-14 00:00:00,5892.58,35.048,5403.44,23640.65,103573.61,3177.25,101.039
2025-05-15 00:00:00,5916.93,35.294,5412.08,23453.16,103463.61,3240.1,100.879
2025-05-16 00:00:00,5958.38,35.156,5427.53,23345.05,103712.31,3203.65,101.092
2025-05-17 00:00:00,5958.38,35.156,5427.53,23345.05,103406.01,3203.65,101.092
2025-05-18 00:00:00,5958.38,35.156,5427.53,23345.05,104106.91,3203.65,101.092
2025-05-19 00:00:00,5963.6,35.225,5427.23,23332.72,105485.91,3229.56,100.426
2025-05-20 00:00:00,5940.46,36.979,5454.65,23681.48,106953.22,3290.13,100.118
2025-05-21 00:00:00,5844.61,36.621,5454.46,23827.78,108282.41,3314.96,99.559
2025-05-22 00:00:00,5842.01,36.356,5424.48,23544.31,111092.22,3294.52,99.96
2025-05-23 00:00:00,5802.82,36.45,5326.31,23601.26,108261.31,3357.51,99.112
2025-05-24 00:00:00,5802.82,36.45,5326.31,23601.26,108896.11,3357.51,99.112
2025-05-25 00:00:00,5802.82,36.45,5326.31,23601.26,107698.31,3357.51,99.112
2025-05-26 00:00:00,5802.82,37.253,5395.33,23282.33,109619.22,3343.84,98.934
2025-05-27 00:00:00,5921.54,37.006,5415.45,23381.99,109615.91,3300.87,99.521
2025-05-28 00:00:00,5888.55,36.687,5378.39,23258.31,107335.72,3287.48,99.875
2025-05-29 00:00:00,5912.17,35.158,5371.1,23573.38,106179.22,3317.94,99.278
2025-05-30 00:00:00,5911.69,34.228,5366.59,23289.77,104597.81,3289.25,99.329
2025-05-31 00:00:00,5911.69,34.228,5366.59,23289.77,104834.41,3289.25,99.329
2025-06-01 00:00:00,5911.69,34.228,5366.59,23289.77,105004.41,3289.25,99.329
2025-06-02 00:00:00,5935.94,35.015,5355.56,23157.97,104931.91,3381.59,98.706
2025-06-03 00:00:00,5970.37,35.848,5375.7,23512.49,105810.72,3353.43,99.227
2025-06-04 00:00:00,5970.81,35.65,5405.15,23654.03,104668.31,3372.72,98.787
2025-06-05 00:00:00,5939.3,36.393,5410.55,23906.97,100503.81,3352.65,98.741
2025-06-06 00:00:00,6000.36,36.251,5430.17,23792.54,104574.41,3310.42,99.19
2025-06-07 00:00:00,6000.36,36.251,5430.17,23792.54,105921.22,3310.42,99.19
2025-06-08 00:00:00,6000.36,36.251,5430.17,23792.54,106206.51,3310.42,99.19
2025-06-09 00:00:00,6005.88,35.605,5421.52,24181.43,108770.01,3326.19,98.939
2025-06-10 00:00:00,6038.81,34.638,5415.38,24162.87,109979.61,3323.69,99.098
2025-06-11 00:00:00,6022.24,35.913,5393.15,24366.94,108933.11,3355.12,98.631
2025-06-12 00:00:00,6045.26,36.177,5360.82,24035.38,106012.81,3385.92,97.921
2025-06-13 00:00:00,5976.97,37.894,5290.47,23892.56,105472.51,3432.34,98.184
2025-06-14 00:00:00,5976.97,37.894,5290.47,23892.56,104937.31,3432.34,98.184
2025-06-15 00:00:00,5976.97,37.894,5290.47,23892.56,104751.41,3432.34,98.184
2025-06-16 00:00:00,6033.11,37.906,5339.57,24060.99,108833.22,3385.23,97.998
2025-06-17 00:00:00,5982.72,39.309,5288.68,23980.3,104392.11,3388.11,98.82
2025-06-18 00:00:00,5980.87,38.693,5266.91,23710.69,104836.11,3369.38,98.905
2025-06-19 00:00:00,5980.87,41.628,5197.03,23237.74,104297.01,3370.9,98.905
2025-06-20 00:00:00,5967.84,40.929,5233.58,23530.48,103721.91,3368.39,98.707
2025-06-21 00:00:00,5967.84,40.929,5233.58,23530.48,102815.01,3368.39,98.707
2025-06-22 00:00:00,5967.84,40.929,5233.58,23530.48,99561.32,3368.39,98.707
2025-06-23 00:00:00,6025.17,40.522,5221.9,23689.13,103802.81,3368.48,98.416
2025-06-24 00:00:00,6092.18,35.615,5297.07,24177.07,106143.11,3323.67,97.858
2025-06-25 00:00:00,6092.16,35.401,5252.01,24474.67,107848.31,3332.33,97.679
2025-06-26 00:00:00,6141.02,34.024,5244.03,24325.4,107811.61,3327.92,97.147
2025-06-27 00:00:00,6173.07,33.087,5325.64,24284.15,107169.81,3274.33,97.401
2025-06-28 00:00:00,6173.07,33.087,5325.64,24284.15,107223.11,3274.33,97.401
2025-06-29 00:00:00,6173.07,33.087,5325.64,24284.15,107411.31,3274.33,97.401
2025-06-30 00:00:00,6204.95,32.898,5303.24,24072.28,107606.61,3303.14,96.875
2025-07-01 00:00:00,6198.01,33.693,5282.43,24072.28,105949.31,3338.84,96.819
2025-07-02 00:00:00,6227.42,33.591,5318.72,24221.41,109213.41,3357.45,96.776
2025-07-03 00:00:00,6279.35,33.621,5343.15,24069.94,109985.51,3326.12,97.18
2025-07-04 00:00:00,6279.35,33.469,5288.81,23916.06,107741.81,3337.15,97.18
2025-07-05 00:00:00,6279.35,33.469,5288.81,23916.06,108137.41,3337.15,97.18
2025-07-06 00:00:00,6279.35,33.469,5288.81,23916.06,108708.81,3337.15,97.18
2025-07-07 00:00:00,6229.98,33.621,5341.54,23887.83,107900.91,3336.5,97.48
2025-07-08 00:00:00,6225.52,34.219,5371.95,24148.07,108682.81,3301.92,97.516
2025-07-09 00:00:00,6263.26,34.304,5445.65,23892.32,110758.81,3313.66,97.555
2025-07-10 00:00:00,6280.46,35.17,5438.27,24028.37,113584.72,3324.05,97.652
2025-07-11 00:00:00,6259.75,35.561,5383.48,24139.57,117730.81,3355.59,97.853
2025-07-12 00:00:00,6259.75,35.561,5383.48,24139.57,117075.31,3355.59,97.853
2025-07-13 00:00:00,6259.75,35.561,5383.48,24139.57,119133.81,3355.59,97.853
2025-07-14 00:00:00,6268.56,35.454,5370.85,24203.32,120198.01,3343.51,98.081
2025-07-15 00:00:00,6243.76,34.445,5354.17,24590.12,116440.51,3324.55,98.616
2025-07-16 00:00:00,6263.7,34.809,5298.07,24517.76,119972.91,3347.13,98.392
2025-07-17 00:00:00,6297.36,34.407,5377.15,24498.95,119480.12,3338.97,98.734
2025-07-18 00:00:00,6296.79,33.595,5359.23,24825.66,117489.12,3349.94,98.482
2025-07-19 00:00:00,6296.79,33.595,5359.23,24825.66,117787.31,3349.94,98.482
2025-07-20 00:00:00,6296.79,33.595,5359.23,24825.66,118139.41,3349.94,98.482
2025-07-21 00:00:00,6305.6,33.159,5342.98,24994.14,116990.81,3397.05,97.853
2025-07-22 00:00:00,6309.62,33.111,5290.48,25130.03,119772.22,3431.48,97.392
2025-07-23 00:00:00,6358.91,32.69,5344.25,25538.07,117961.72,3387.29,97.214
2025-07-24 00:00:00,6363.35,32.358,5355.2,25667.18,118780.41,3368.68,97.377
2025-07-25 00:00:00,6388.64,32.499,5352.16,25388.35,117104.31,3337.3,97.645
2025-07-26 00:00:00,6388.64,32.499,5352.16,25388.35,118004.91,3337.3,97.645
2025-07-27 00:00:00,6388.64,32.499,5352.16,25388.35,118801.81,3337.3,97.645
2025-07-28 00:00:00,6389.77,32.899,5337.58,25562.13,118040.22,3314.61,98.634
2025-07-29 00:00:00,6370.86,34.103,5379.2,25524.45,117479.31,3326.62,98.886
2025-07-30 00:00:00,6362.9,34.537,5393.18,25176.93,117143.62,3275.18,99.815
2025-07-31 00:00:00,6339.39,35.279,5319.92,24773.33,116491.12,3289.93,99.968
2025-08-01 00:00:00,6238.01,33.972,5165.6,24507.81,113905.41,3363.48,99.141
2025-08-02 00:00:00,6238.01,33.972,5165.6,24507.81,112759.62,3363.48,99.141
2025-08-03 00:00:00,6238.01,33.972,5165.6,24507.81,114432.91,3363.48,99.141
2025-08-04 00:00:00,6329.94,34.283,5242.32,24733.45,114821.41,3373.59,98.784
2025-08-05 00:00:00,6299.19,34.406,5249.59,24902.53,113687.51,3380.6,98.782
2025-08-06 00:00:00,6345.06,33.257,5263.29,24910.63,115088.22,3369.33,98.177
2025-08-07 00:00:00,6340.0,32.951,5332.07,25081.63,117239.91,3396.38,98.4
2025-08-08 00:00:00,6389.45,32.446,5347.74,24858.82,116915.22,3397.75,98.18
2025-08-09 00:00:00,6389.45,32.446,5347.74,24858.82,116798.62,3397.75,98.18
2025-08-10 00:00:00,6389.45,32.446,5347.74,24858.82,118362.41,3397.75,98.18
2025-08-11 00:00:00,6373.45,32.999,5331.85,24906.81,118856.31,3342.37,98.52
2025-08-12 00:00:00,6445.76,32.409,5335.97,24969.68,120177.31,3348.26,98.097
2025-08-13 00:00:00,6466.58,32.6,5388.25,25613.67,122951.91,3355.86,97.84
2025-08-14 00:00:00,6468.54,32.141,5434.7,25519.32,117957.12,3335.39,98.254
2025-08-15 00:00:00,6449.8,31.031,5448.61,25270.07,117370.81,3336.19,97.852
2025-08-16 00:00:00,6449.8,31.031,5448.61,25270.07,117733.51,3336.19,97.852
2025-08-17 00:00:00,6449.8,31.031,5448.61,25270.07,117692.62,3336.19,97.852
2025-08-18 00:00:00,6449.15,31.272,5434.64,25176.85,116474.22,3332.72,98.167
2025-08-19 00:00:00,6411.37,31.227,5483.28,25122.9,113553.72,3315.78,98.265
2025-08-20 00:00:00,6395.78,31.906,5472.32,25165.94,114387.01,3348.43,98.218
2025-08-21 00:00:00,6370.17,33.175,5462.16,25104.61,112420.81,3338.71,98.619
2025-08-22 00:00:00,6466.91,33.573,5488.23,25339.14,117042.51,3371.86,97.716
2025-08-23 00:00:00,6466.91,33.573,5488.23,25339.14,115287.41,3371.86,97.716
2025-08-24 00:00:00,6466.91,33.573,5488.23,25339.14,112773.41,3371.86,97.716
2025-08-25 00:00:00,6439.32,33.774,5443.96,25829.91,109574.81,3365.89,98.43
2025-08-26 00:00:00,6465.94,33.46,5383.68,25524.92,111356.41,3393.57,98.225
2025-08-27 00:00:00,6481.4,32.551,5393.07,25201.76,112421.91,3397.37,98.232
2025-08-28 00:00:00,6501.86,31.559,5396.73,24998.82,111924.51,3417.08,97.813
2025-08-29 00:00:00,6460.26,31.622,5351.73,25077.62,107800.31,3447.95,97.771
2025-08-30 00:00:00,6460.26,31.622,5351.73,25077.62,108662.61,3447.95,97.771
2025-08-31 00:00:00,6460.26,31.622,5351.73,25077.62,109127.01,3447.95,97.771
2025-09-01 00:00:00,6460.26,32.061,5367.08,25617.42,108873.11,3476.07,97.771
2025-09-02 00:00:00,6415.54,31.772,5291.04,25496.55,111424.51,3533.16,98.397
2025-09-03 00:00:00,6448.26,32.112,5325.01,25343.43,112263.72,3559.42,98.142
2025-09-04 00:00:00,6502.08,32.412,5346.71,25058.51,110407.01,3545.85,98.347
2025-09-05 00:00:00,6481.5,31.969,5318.15,25417.98,111644.51,3586.69,97.768
2025-09-06 00:00:00,6481.5,31.969,5318.15,25417.98,110192.81,3586.69,97.768
2025-09-07 00:00:00,6481.5,31.969,5318.15,25417.98,111336.31,3586.69,97.768
2025-09-08 00:00:00,6495.15,33.064,5362.81,25633.91,111986.51,3635.98,97.454
2025-09-09 00:00:00,6512.61,32.931,5368.82,25938.13,111517.81,3626.63,97.788
2025-09-10 00:00:00,6532.04,33.122,5361.47,26200.26,113618.81,3640.75,97.78
2025-09-11 00:00:00,6587.47,32.323,5386.77,26086.32,114428.01,3634.07,97.531
2025-09-12 00:00:00,6584.29,32.662,5390.71,26388.16,116255.31,3643.14,97.55
2025-09-13 00:00:00,6584.29,32.662,5390.71,26388.16,115966.22,3643.14,97.55
2025-09-14 00:00:00,6584.29,32.662,5390.71,26388.16,115855.62,3643.14,97.55
2025-09-15 00:00:00,6615.28,32.154,5440.4,26446.56,115409.81,3678.99,97.302
2025-09-16 00:00:00,6606.76,32.329,5372.31,26438.51,116894.22,3689.98,96.633
2025-09-17 00:00:00,6600.35,32.401,5369.7,26908.39,115656.22,3659.9,96.873
2025-09-18 00:00:00,6631.96,32.952,5456.67,26544.85,117579.51,3644.28,97.348
2025-09-19 00:00:00,6664.36,32.308,5458.42,26545.1,115389.41,3685.3,97.644
2025-09-20 00:00:00,6664.36,32.308,5458.42,26545.1,115813.81,3685.3,97.644
2025-09-21 00:00:00,6664.36,32.308,5458.42,26545.1,115405.51,3685.3,97.644
2025-09-22 00:00:00,6693.75,31.844,5442.05,26344.14,112849.41,3746.7,97.341
2025-09-23 00:00:00,6656.92,32.265,5472.39,26159.12,112017.31,3764.01,97.264
2025-09-24 00:00:00,6637.97,31.903,5464.56,26518.65,113571.01,3736.16,97.873
2025-09-25 00:00:00,6604.72,32.456,5444.89,26484.68,109200.61,3749.44,98.553
2025-09-26 00:00:00,6643.7,32.697,5499.7,26128.2,109361.22,3759.98,98.152
2025-09-27 00:00:00,6643.7,32.697,5499.7,26128.2,109441.61,3759.98,98.152
2025-09-28 00:00:00,6643.7,32.697,5499.7,26128.2,110847.81,3759.98,98.152
2025-09-29 00:00:00,6661.21,32.06,5506.85,26622.88,114322.62,3833.55,97.906
2025-09-30 00:00:00,6688.46,31.411,5529.96,26855.56,114640.81,3858.96,97.775
2025-10-01 00:00:00,6711.2,31.335,5581.21,26855.56,117592.31,3865.74,97.706
2025-10-02 00:00:00,6715.35,31.455,5645.81,27287.12,120711.41,3856.58,97.846
2025-10-03 00:00:00,6715.79,31.438,5651.71,27140.92,122545.41,3886.54,97.723
2025-10-04 00:00:00,6715.79,31.438,5651.71,27140.92,121944.31,3886.54,97.723
2025-10-05 00:00:00,6715.79,31.438,5651.71,27140.92,122764.62,3886.54,97.723
2025-10-06 00:00:00,6740.28,33.116,5628.72,26957.77,125260.81,3960.98,98.108
2025-10-07 00:00:00,6714.59,33.246,5613.62,26957.77,122014.51,3984.85,98.578
2025-10-08 00:00:00,6753.72,32.7,5649.73,26829.46,122903.51,4042.03,98.915
2025-10-09 00:00:00,6735.11,32.363,5625.56,26752.59,121175.51,3976.86,99.538
2025-10-10 00:00:00,6552.51,32.17,5531.32,26290.32,114341.41,4017.79,98.978
2025-10-11 00:00:00,6552.51,32.17,5531.32,26290.32,110395.22,4017.79,98.978
2025-10-12 00:00:00,6552.51,32.17,5531.32,26290.32,115024.31,4017.79,98.978
2025-10-13 00:00:00,6654.72,31.475,5568.19,25889.48,115818.41,4110.27,99.269
2025-10-14 00:00:00,6644.31,31.801,5552.05,25441.35,113054.72,4142.94,99.047
2025-10-15 00:00:00,6671.06,31.826,5605.03,25910.6,111177.01,4207.48,98.793
2025-10-16 00:00:00,6629.07,32.378,5652.01,25888.51,107886.31,4326.58,98.336
2025-10-17 00:00:00,6664.01,31.816,5607.39,25247.1,107048.51,4251.82,98.433
2025-10-18 00:00:00,6664.01,31.816,5607.39,25247.1,107071.41,4251.82,98.433
2025-10-19 00:00:00,6664.01,31.816,5607.39,25247.1,108907.61,4251.82,98.433
2025-10-20 00:00:00,6735.13,31.739,5680.93,25858.83,111128.51,4356.3,98.586
2025-10-21 00:00:00,6735.35,32.2,5686.83,26027.55,110857.91,4125.22,98.934
2025-10-22 00:00:00,6699.4,31.768,5639.21,25781.77,107689.61,4098.42,98.897
2025-10-23 00:00:00,6738.44,32.454,5668.33,25967.98,109568.01,4126.28,98.936
2025-10-24 00:00:00,6791.69,32.016,5674.5,26160.15,110916.61,4113.05,98.952
2025-10-25 00:00:00,6791.69,32.016,5674.5,26160.15,111459.41,4113.05,98.952
2025-10-26 00:00:00,6791.69,32.016,5674.5,26160.15,113334.01,4113.05,98.952
2025-10-27 00:00:00,6875.16,31.4,5711.06,26433.7,114469.62,3982.21,98.783
2025-10-28 00:00:00,6890.89,31.494,5704.35,26346.14,112832.31,3952.14,98.667
2025-10-29 00:00:00,6890.59,31.869,5705.81,26346.14,111451.31,3930.07,99.22
2025-10-30 00:00:00,6822.34,31.048,5699.18,26282.69,107508.72,4024.54,99.526
2025-10-31 00:00:00,6840.2,31.122,5662.04,25906.65,109428.01,4002.92,99.804
2025-11-01 00:00:00,6840.2,31.122,5662.04,25906.65,110377.51,4002.92,99.804
2025-11-02 00:00:00,6840.2,31.122,5662.04,25906.65,109992.01,4002.92,99.804
2025-11-03 00:00:00,6851.97,31.741,5679.25,26158.36,106866.61,4001.42,99.873
2025-11-04 00:00:00,6771.55,32.551,5660.2,25952.4,100265.51,3932.09,100.224
2025-11-05 00:00:00,6796.29,31.819,5669.13,25935.41,103659.22,3979.57,100.204
2025-11-06 00:00:00,6720.32,31.548,5611.18,26485.9,101080.61,3977.21,99.733
2025-11-07 00:00:00,6728.8,31.201,5566.53,26241.83,103837.91,4001.26,99.603
2025-11-08 00:00:00,6728.8,31.201,5566.53,26241.83,102254.51,4001.26,99.603
2025-11-09 00:00:00,6728.8,31.201,5566.53,26241.83,104512.22,4001.26,99.603
2025-11-10 00:00:00,6832.43,31.071,5664.46,26649.06,105603.81,4115.76,99.589
2025-11-11 00:00:00,6846.61,31.102,5725.7,26696.41,102606.22,4126.85,99.443
2025-11-12 00:00:00,6850.92,30.933,5787.31,26922.73,101900.31,4195.39,99.495
2025-11-13 00:00:00,6737.49,30.458,5742.79,27073.03,98756.81,4171.52,99.156
2025-11-14 00:00:00,6734.11,31.25,5693.77,26572.46,94976.64,4084.06,99.299
2025-11-15 00:00:00,6734.11,31.25,5693.77,26572.46,95212.87,4084.06,99.299
2025-11-16 00:00:00,6734.11,31.25,5693.77,26572.46,93430.98,4084.06,99.299
2025-11-17 00:00:00,6672.41,31.418,5640.94,26384.28,91826.57,4044.96,99.588
2025-11-18 00:00:00,6617.32,31.694,5534.71,25930.03,92452.39,4067.24,99.55
2025-11-19 00:00:00,6642.16,30.94,5542.05,25830.65,90506.32,4077.98,100.228
2025-11-20 00:00:00,6538.76,31.159,5569.92,25835.57,87205.26,4077.19,100.158
2025-11-21 00:00:00,6602.99,30.198,5515.09,25220.02,85123.35,4065.14,100.18
2025-11-22 00:00:00,6602.99,30.198,5515.09,25220.02,84358.09,4065.14,100.18
2025-11-23 00:00:00,6602.99,30.198,5515.09,25220.02,87966.1,4065.14,100.18
2025-11-24 00:00:00,6705.12,29.747,5528.67,25716.5,88763.7,4136.31,100.142
2025-11-25 00:00:00,6765.88,29.386,5573.91,25894.55,87002.26,4130.69,99.664
2025-11-26 00:00:00,6812.61,29.368,5655.58,25928.08,90189.32,4162.15,99.595
2025-11-27 00:00:00,6812.61,29.021,5653.17,25945.93,91410.67,4157.61,99.536
2025-11-28 00:00:00,6849.09,28.817,5668.17,25858.89,90914.64,4239.43,99.459
2025-11-29 00:00:00,6849.09,28.817,5668.17,25858.89,91035.56,4239.43,99.459
2025-11-30 00:00:00,6849.09,28.817,5668.17,25858.89,91176.49,4239.43,99.459
2025-12-01 00:00:00,6812.63,28.227,5667.48,26033.26,86446.15,4232.21,99.414
2025-12-02 00:00:00,6829.37,28.05,5686.17,26095.05,91610.6,4205.85,99.357
2025-12-03 00:00:00,6849.72,28.206,5694.56,25760.73,93722.09,4203.08,98.854
2025-12-04 00:00:00,6857.12,27.088,5718.08,25935.9,92175.09,4207.62,98.989
2025-12-05 00:00:00,6870.4,27.266,5723.93,26085.08,89203.45,4197.78,98.992
2025-12-06 00:00:00,6870.4,27.266,5723.93,26085.08,89446.56,4197.78,98.992
2025-12-07 00:00:00,6870.4,27.266,5723.93,26085.08,90233.89,4197.78,98.992
2025-12-08 00:00:00,6846.51,26.871,5725.59,25765.36,91331.98,4190.66,99.087
2025-12-09 00:00:00,6840.51,27.489,5718.32,25434.23,92665.29,4208.24,99.22
2025-12-10 00:00:00,6886.68,26.602,5708.12,25540.78,92396.1,4228.84,98.786
2025-12-11 00:00:00,6901.0,26.805,5753.96,25530.51,92885.26,4280.18,98.346
2025-12-12 00:00:00,6827.41,27.684,5720.71,25976.79,90200.1,4299.63,98.399
2025-12-13 00:00:00,6827.41,27.684,5720.71,25976.79,90182.04,4299.63,98.399
2025-12-14 00:00:00,6827.41,27.684,5720.71,25976.79,88464.39,4299.63,98.399
2025-12-15 00:00:00,6816.51,27.425,5752.52,25628.88,86204.45,4305.01,98.309
2025-12-16 00:00:00,6800.26,26.764,5717.83,25235.41,87748.95,4302.32,98.146
2025-12-17 00:00:00,6721.43,27.357,5681.67,25468.78,85948.73,4338.33,98.368
2025-12-18 00:00:00,6774.76,27.652,5741.71,25498.13,85582.89,4332.62,98.427
2025-12-19 00:00:00,6834.5,28.161,5760.35,25690.53,87787.12,4338.88,98.599
2025-12-20 00:00:00,6834.5,28.161,5760.35,25690.53,88176.03,4338.88,98.599
2025-12-21 00:00:00,6834.5,28.161,5760.35,25690.53,88141.98,4338.88,98.599
2025-12-22 00:00:00,6878.49,27.687,5743.69,25801.77,88230.04,4443.6,98.286
2025-12-23 00:00:00,6909.79,27.732,5749.28,25774.14,87661.45,4484.47,97.942
2025-12-24 00:00:00,6932.05,28.095,5746.24,25818.93,87631.35,4479.42,97.976
2025-12-25 00:00:00,6932.05,28.095,5746.24,25818.93,87844.71,4479.42,97.976
2025-12-26 00:00:00,6929.94,28.095,5746.24,25818.93,87394.85,4533.21,98.022
2025-12-27 00:00:00,6929.94,28.095,5746.24,25818.93,87601.51,4533.21,98.022
2025-12-28 00:00:00,6929.94,28.095,5746.24,25818.93,87518.71,4533.21,98.022
2025-12-29 00:00:00,6905.74,28.534,5751.71,25635.23,87216.14,4332.35,98.037
2025-12-30 00:00:00,6896.24,27.766,5796.22,25854.6,88185.04,4339.49,98.238
2025-12-31 00:00:00,6845.5,28.161,5791.41,25630.54,87647.54,4319.37,98.322
2026-01-01 00:00:00,6845.5,28.161,5791.41,25630.54,88274.74,4319.37,98.322
2026-01-02 00:00:00,6858.47,29.004,5850.38,26338.47,90027.45,4332.29,98.424
2026-01-03 00:00:00,6858.47,29.004,5850.38,26338.47,90511.79,4332.29,98.424
2026-01-04 00:00:00,6858.47,29.004,5850.38,26338.47,91238.21,4332.29,98.424
2026-01-05 00:00:00,6902.05,27.399,5923.69,26347.24,94095.49,4449.15,98.27
2026-01-06 00:00:00,6944.82,28.072,5931.79,26710.45,93217.31,4494.83,98.58
2026-01-07 00:00:00,6920.93,28.777,5923.57,26458.95,91007.95,4456.47,98.684
2026-01-08 00:00:00,6921.46,27.699,5904.32,26149.31,91199.98,4477.65,98.934
2026-01-09 00:00:00,6966.28,28.374,5997.47,26231.79,90421.57,4509.5,99.133
2026-01-10 00:00:00,6966.28,28.374,5997.47,26231.79,90395.54,4509.5,99.133
2026-01-11 00:00:00,6966.28,28.374,5997.47,26231.79,90627.48,4509.5,99.133
2026-01-12 00:00:00,6977.27,30.246,6016.3,26608.48,90971.64,4597.51,98.862
2026-01-13 00:00:00,6963.74,31.473,6029.83,26848.47,94074.01,4586.52,99.134
2026-01-14 00:00:00,6926.6,31.813,6005.05,26999.81,97557.56,4626.58,99.055
2026-01-15 00:00:00,6944.47,33.158,6041.14,26923.62,95550.2,4616.15,99.321
2026-01-16 00:00:00,6940.01,36.879,6029.45,26844.96,95475.98,4596.09,99.393
2026-01-17 00:00:00,6940.01,36.879,6029.45,26844.96,95264.48,4596.09,99.393
2026-01-18 00:00:00,6940.01,36.879,6029.45,26844.96,95386.51,4596.09,99.393
2026-01-19 00:00:00,6940.01,35.395,5925.82,26563.9,92943.64,4670.89,99.393
2026-01-20 00:00:00,6796.86,35.887,5892.08,26487.51,89368.51,4763.43,98.641
2026-01-21 00:00:00,6875.62,39.208,5882.88,26585.06,90180.76,4831.73,98.761
2026-01-22 00:00:00,6913.35,38.079,5956.17,26629.96,89167.85,4936.02,98.359
2026-01-23 00:00:00,6915.61,40.039,5948.2,26749.51,89236.37,4987.49,97.599
2026-01-24 00:00:00,6915.61,40.039,5948.2,26749.51,89247.78,4987.49,97.599
2026-01-25 00:00:00,6915.61,40.039,5948.2,26749.51,86485.21,4987.49,97.599
2026-01-26 00:00:00,6950.23,39.112,5957.8,26765.52,87974.04,5008.7,97.04
2026-01-27 00:00:00,6978.6,38.761,5994.59,27126.95,88957.73,5180.16,96.217
2026-01-28 00:00:00,6978.03,38.861,5933.2,27826.91,89277.17,5417.21,96.446
2026-01-29 00:00:00,6969.01,40.113,5891.95,27968.09,84382.28,5375.24,96.283
2026-01-30 00:00:00,6939.03,39.285,5947.81,27387.11,84162.39,4894.23,96.991
