XBTUSD BGN Curncy,Date,Last Price,Closing Price 1d ago,
40378,2010-07-19,0.08,#N/A N/A,
40379,2010-07-20,0.07,0.08,
40380,2010-07-21,0.08,0.07,
40381,2010-07-22,0.05,0.08,
40382,2010-07-23,0.06,0.05,
40385,2010-07-26,0.06,0.06,
40386,2010-07-27,0.06,0.06,
40387,2010-07-28,0.06,0.06,
40388,2010-07-29,0.07,0.06,
40389,2010-07-30,0.06,0.07,
40392,2010-08-02,0.06,0.06,
40393,2010-08-03,0.06,0.06,
40394,2010-08-04,0.06,0.06,
40395,2010-08-05,0.06,0.06,
40396,2010-08-06,0.06,0.06,
40399,2010-08-09,0.07,0.06,
40400,2010-08-10,0.07,0.07,
40401,2010-08-11,0.07,0.07,
40402,2010-08-12,0.07,0.07,
40403,2010-08-13,0.06,0.07,
40406,2010-08-16,0.07,0.06,
40407,2010-08-17,0.07,0.07,
40408,2010-08-18,0.07,0.07,
40409,2010-08-19,0.07,0.07,
40410,2010-08-20,0.07,0.07,
40413,2010-08-23,0.06,0.07,
40414,2010-08-24,0.07,0.06,
40415,2010-08-25,0.06,0.07,
40416,2010-08-26,0.06,0.06,
40417,2010-08-27,0.07,0.06,
40420,2010-08-30,0.06,0.07,
40421,2010-08-31,0.06,0.06,
40422,2010-09-01,0.06,0.06,
40423,2010-09-02,0.06,0.06,
40424,2010-09-03,0.06,0.06,
40427,2010-09-06,0.06,0.06,
40428,2010-09-07,0.06,0.06,
40429,2010-09-08,0.06,0.06,
40430,2010-09-09,0.06,0.06,
40431,2010-09-10,0.06,0.06,
40434,2010-09-13,0.06,0.06,
40435,2010-09-14,0.06,0.06,
40436,2010-09-15,0.06,0.06,
40437,2010-09-16,0.06,0.06,
40438,2010-09-17,0.06,0.06,
40441,2010-09-20,0.06,0.06,
40442,2010-09-21,0.06,0.06,
40443,2010-09-22,0.06,0.06,
40444,2010-09-23,0.06,0.06,
40445,2010-09-24,0.06,0.06,
40448,2010-09-27,0.06,0.06,
40449,2010-09-28,0.06,0.06,
40450,2010-09-29,0.06,0.06,
40451,2010-09-30,0.06,0.06,
40452,2010-10-01,0.06,0.06,
40455,2010-10-04,0.06,0.06,
40456,2010-10-05,0.06,0.06,
40457,2010-10-06,0.06,0.06,
40458,2010-10-07,0.07,0.06,
40459,2010-10-08,0.09,0.07,
40462,2010-10-11,0.1,0.09,
40463,2010-10-12,0.09,0.1,
40464,2010-10-13,0.11,0.09,
40465,2010-10-14,0.1,0.11,
40466,2010-10-15,0.11,0.1,
40469,2010-10-18,0.1,0.11,
40470,2010-10-19,0.1,0.1,
40471,2010-10-20,0.1,0.1,
40472,2010-10-21,0.11,0.1,
40473,2010-10-22,0.1,0.11,
40476,2010-10-25,0.13,0.1,
40477,2010-10-26,0.15,0.13,
40478,2010-10-27,0.19,0.15,
40479,2010-10-28,0.17,0.19,
40480,2010-10-29,0.19,0.17,
40483,2010-11-01,0.2,0.19,
40484,2010-11-02,0.19,0.2,
40485,2010-11-03,0.19,0.19,
40486,2010-11-04,0.23,0.19,
40487,2010-11-05,0.26,0.23,
40490,2010-11-08,0.24,0.26,
40491,2010-11-09,0.21,0.24,
40492,2010-11-10,0.24,0.21,
40493,2010-11-11,0.22,0.24,
40494,2010-11-12,0.27,0.22,
40497,2010-11-15,0.27,0.27,
40498,2010-11-16,0.22,0.27,
40499,2010-11-17,0.23,0.22,
40500,2010-11-18,0.27,0.23,
40501,2010-11-19,0.28,0.27,
40504,2010-11-22,0.29,0.28,
40505,2010-11-23,0.28,0.29,
40506,2010-11-24,0.28,0.28,
40507,2010-11-25,0.28,0.28,
40508,2010-11-26,0.28,0.28,
40511,2010-11-29,0.23,0.28,
40512,2010-11-30,0.21,0.23,
40513,2010-12-01,0.23,0.21,
40514,2010-12-02,0.26,0.23,
40515,2010-12-03,0.25,0.26,
40518,2010-12-06,0.2,0.25,
40519,2010-12-07,0.23,0.2,
40520,2010-12-08,0.24,0.23,
40521,2010-12-09,0.2,0.24,
40522,2010-12-10,0.2,0.2,
40525,2010-12-13,0.23,0.2,
40526,2010-12-14,0.25,0.23,
40527,2010-12-15,0.24,0.25,
40528,2010-12-16,0.25,0.24,
40529,2010-12-17,0.24,0.25,
40532,2010-12-20,0.27,0.24,
40533,2010-12-21,0.24,0.27,
40534,2010-12-22,0.25,0.24,
40535,2010-12-23,0.25,0.25,
40536,2010-12-24,0.25,0.25,
40539,2010-12-27,0.27,0.25,
40540,2010-12-28,0.28,0.27,
40541,2010-12-29,0.3,0.28,
40542,2010-12-30,0.3,0.3,
40543,2010-12-31,0.3,0.3,
40546,2011-01-03,0.3,0.3,
40547,2011-01-04,0.3,0.3,
40548,2011-01-05,0.3,0.3,
40549,2011-01-06,0.3,0.3,
40550,2011-01-07,0.32,0.3,
40553,2011-01-10,0.33,0.32,
40554,2011-01-11,0.33,0.33,
40555,2011-01-12,0.32,0.33,
40556,2011-01-13,0.32,0.32,
40557,2011-01-14,0.4,0.32,
40560,2011-01-17,0.35,0.4,
40561,2011-01-18,0.31,0.35,
40562,2011-01-19,0.31,0.31,
40563,2011-01-20,0.39,0.31,
40564,2011-01-21,0.42,0.39,
40567,2011-01-24,0.42,0.42,
40568,2011-01-25,0.41,0.42,
40569,2011-01-26,0.42,0.41,
40570,2011-01-27,0.42,0.42,
40571,2011-01-28,0.45,0.42,
40574,2011-01-31,0.52,0.45,
40575,2011-02-01,0.7,0.52,
40576,2011-02-02,0.72,0.7,
40577,2011-02-03,0.69,0.72,
40578,2011-02-04,0.81,0.69,
40581,2011-02-07,0.89,0.81,
40582,2011-02-08,0.92,0.89,
40583,2011-02-09,1.09,0.92,
40584,2011-02-10,0.98,1.09,
40585,2011-02-11,1.07,0.98,
40588,2011-02-14,1.07,1.07,
40589,2011-02-15,1.05,1.07,
40590,2011-02-16,1.05,1.05,
40591,2011-02-17,1.04,1.05,
40592,2011-02-18,0.9,1.04,
40595,2011-02-21,0.83,0.9,
40596,2011-02-22,0.87,0.83,
40597,2011-02-23,0.9,0.87,
40598,2011-02-24,1,0.9,
40599,2011-02-25,0.91,1,
40602,2011-02-28,0.86,0.91,
40603,2011-03-01,0.92,0.86,
40604,2011-03-02,0.94,0.92,
40605,2011-03-03,0.94,0.94,
40606,2011-03-04,0.9,0.94,
40609,2011-03-07,0.89,0.9,
40610,2011-03-08,0.87,0.89,
40611,2011-03-09,0.86,0.87,
40612,2011-03-10,0.93,0.86,
40613,2011-03-11,0.88,0.93,
40616,2011-03-14,0.89,0.88,
40617,2011-03-15,0.87,0.89,
40618,2011-03-16,0.86,0.87,
40619,2011-03-17,0.83,0.86,
40620,2011-03-18,0.82,0.83,
40623,2011-03-21,0.76,0.82,
40624,2011-03-22,0.81,0.76,
40625,2011-03-23,0.85,0.81,
40626,2011-03-24,0.87,0.85,
40627,2011-03-25,0.88,0.87,
40630,2011-03-28,0.8,0.88,
40631,2011-03-29,0.79,0.8,
40632,2011-03-30,0.79,0.79,
40633,2011-03-31,0.78,0.79,
40634,2011-04-01,0.77,0.78,
40637,2011-04-04,0.68,0.77,
40638,2011-04-05,0.71,0.68,
40639,2011-04-06,0.74,0.71,
40640,2011-04-07,0.75,0.74,
40641,2011-04-08,0.75,0.75,
40644,2011-04-11,0.77,0.75,
40645,2011-04-12,0.86,0.77,
40646,2011-04-13,0.92,0.86,
40647,2011-04-14,1,0.92,
40648,2011-04-15,0.99,1,
40651,2011-04-18,1.16,0.99,
40652,2011-04-19,1.2,1.16,
40653,2011-04-20,1.14,1.2,
40654,2011-04-21,1.21,1.14,
40655,2011-04-22,1.41,1.21,
40658,2011-04-25,1.56,1.41,
40659,2011-04-26,1.79,1.56,
40660,2011-04-27,1.9,1.79,
40661,2011-04-28,2.21,1.9,
40662,2011-04-29,2.88,2.21,
40665,2011-05-02,3.2,2.88,
40666,2011-05-03,3.41,3.2,
40667,2011-05-04,3.41,3.41,
40668,2011-05-05,3.33,3.41,
40669,2011-05-06,3.45,3.33,
40672,2011-05-09,3.8,3.45,
40673,2011-05-10,5.81,3.8,
40674,2011-05-11,5.5,5.81,
40675,2011-05-12,6.3,5.5,
40676,2011-05-13,8.2,6.3,
40679,2011-05-16,8.03,8.2,
40680,2011-05-17,7.19,8.03,
40681,2011-05-18,6.88,7.19,
40682,2011-05-19,6.81,6.88,
40683,2011-05-20,5.59,6.81,
40686,2011-05-23,7.15,5.59,
40687,2011-05-24,7.42,7.15,
40688,2011-05-25,8.4,7.42,
40689,2011-05-26,8.8,8.4,
40690,2011-05-27,8.5,8.8,
40693,2011-05-30,8.8,8.5,
40694,2011-05-31,8.74,8.8,
40695,2011-06-01,9.57,8.74,
40696,2011-06-02,10.6,9.57,
40697,2011-06-03,14.29,10.6,
40700,2011-06-06,18.55,14.29,
40701,2011-06-07,23.92,18.55,
40702,2011-06-08,29.6,23.92,
40703,2011-06-09,28.92,29.6,
40704,2011-06-10,23.95,28.92,
40707,2011-06-13,19.84,23.95,
40708,2011-06-14,19.28,19.84,
40709,2011-06-15,19.49,19.28,
40710,2011-06-16,17,19.49,
40711,2011-06-17,15.68,17,
40721,2011-06-27,16.75,15.68,
40722,2011-06-28,16.95,16.75,
40723,2011-06-29,16.85,16.95,
40724,2011-06-30,16.1,16.85,
40725,2011-07-01,15.4,16.1,
40728,2011-07-04,13.86,15.4,
40729,2011-07-05,12.91,13.86,
40730,2011-07-06,14.78,12.91,
40731,2011-07-07,14.78,14.78,
40732,2011-07-08,14.31,14.78,
40735,2011-07-11,14.21,14.31,
40736,2011-07-12,14.01,14.21,
40737,2011-07-13,13.95,14.01,
40738,2011-07-14,13.99,13.95,
40739,2011-07-15,13.81,13.99,
40742,2011-07-18,13.48,13.81,
40743,2011-07-19,13.85,13.48,
40744,2011-07-20,13.69,13.85,
40745,2011-07-21,13.61,13.69,
40746,2011-07-22,13.7,13.61,
40749,2011-07-25,14.05,13.7,
40750,2011-07-26,13.88,14.05,
40751,2011-07-27,13.94,13.88,
40752,2011-07-28,13.49,13.94,
40753,2011-07-29,13.5,13.49,
40756,2011-08-01,13.09,13.5,
40757,2011-08-02,12.05,13.09,
40758,2011-08-03,9.26,12.05,
40759,2011-08-04,10.75,9.26,
40760,2011-08-05,9.8,10.75,
40763,2011-08-08,7.8,9.8,
40764,2011-08-09,9.99,7.8,
40765,2011-08-10,9.98,9.99,
40766,2011-08-11,9.46,9.98,
40767,2011-08-12,9.46,9.46,
40770,2011-08-15,11.15,9.46,
40771,2011-08-16,10.96,11.15,
40772,2011-08-17,10.95,10.96,
40773,2011-08-18,10.83,10.95,
40774,2011-08-19,11.65,10.83,
40777,2011-08-22,10.9,11.65,
40778,2011-08-23,10.94,10.9,
40779,2011-08-24,10.85,10.94,
40780,2011-08-25,9.66,10.85,
40781,2011-08-26,8.18,9.66,
40784,2011-08-29,8.97,8.18,
40785,2011-08-30,8.79,8.97,
40786,2011-08-31,8.2,8.79,
40787,2011-09-01,8.21,8.2,
40788,2011-09-02,8.64,8.21,
40791,2011-09-05,7.61,8.64,
40792,2011-09-06,6.86,7.61,
40793,2011-09-07,7.19,6.86,
40794,2011-09-08,6.53,7.19,
40795,2011-09-09,5.03,6.53,
40798,2011-09-12,6.08,5.03,
40799,2011-09-13,5.8,6.08,
40800,2011-09-14,5.62,5.8,
40801,2011-09-15,4.84,5.62,
40802,2011-09-16,4.82,4.84,
40805,2011-09-19,5.46,4.82,
40806,2011-09-20,6.11,5.46,
40807,2011-09-21,5.61,6.11,
40808,2011-09-22,5.43,5.61,
40809,2011-09-23,5.55,5.43,
40812,2011-09-26,4.87,5.55,
40813,2011-09-27,4.92,4.87,
40814,2011-09-28,4.77,4.92,
40815,2011-09-29,4.78,4.77,
40816,2011-09-30,5.14,4.78,
40819,2011-10-03,5.02,5.14,
40820,2011-10-04,4.96,5.02,
40821,2011-10-05,4.87,4.96,
40822,2011-10-06,4.73,4.87,
40823,2011-10-07,4.27,4.73,
40826,2011-10-10,4.1,4.27,
40827,2011-10-11,3.93,4.1,
40828,2011-10-12,4.15,3.93,
40829,2011-10-13,4.05,4.15,
40830,2011-10-14,3.99,4.05,
40833,2011-10-17,2.56,3.99,
40834,2011-10-18,2.42,2.56,
40835,2011-10-19,2.27,2.42,
40836,2011-10-20,2.35,2.27,
40837,2011-10-21,2.57,2.35,
40840,2011-10-24,2.55,2.57,
40841,2011-10-25,2.77,2.55,
40842,2011-10-26,2.77,2.77,
40843,2011-10-27,3.04,2.77,
40844,2011-10-28,3.19,3.04,
40847,2011-10-31,3.25,3.19,
40848,2011-11-01,3.15,3.25,
40849,2011-11-02,3.25,3.15,
40850,2011-11-03,3.15,3.25,
40851,2011-11-04,3.11,3.15,
40854,2011-11-07,3.01,3.11,
40855,2011-11-08,3.04,3.01,
40856,2011-11-09,2.95,3.04,
40857,2011-11-10,2.84,2.95,
40858,2011-11-11,3.08,2.84,
40861,2011-11-14,2.22,3.08,
40862,2011-11-15,2.33,2.22,
40863,2011-11-16,2.56,2.33,
40864,2011-11-17,2.25,2.56,
40865,2011-11-18,2.05,2.25,
40868,2011-11-21,2.29,2.05,
40869,2011-11-22,2.33,2.29,
40870,2011-11-23,2.33,2.33,
40871,2011-11-24,2.43,2.33,
40872,2011-11-25,2.51,2.43,
40875,2011-11-28,2.55,2.51,
40876,2011-11-29,2.75,2.55,
40877,2011-11-30,2.97,2.75,
40878,2011-12-01,3.06,2.97,
40879,2011-12-02,3.12,3.06,
40882,2011-12-05,2.88,3.12,
40883,2011-12-06,3.03,2.88,
40884,2011-12-07,2.99,3.03,
40885,2011-12-08,2.98,2.99,
40886,2011-12-09,2.97,2.98,
40889,2011-12-12,3.14,2.97,
40890,2011-12-13,3.25,3.14,
40891,2011-12-14,3.15,3.25,
40892,2011-12-15,3.2,3.15,
40893,2011-12-16,3.2,3.2,
40896,2011-12-19,3.52,3.2,
40897,2011-12-20,3.95,3.52,
40898,2011-12-21,3.89,3.95,
40899,2011-12-22,3.89,3.89,
40900,2011-12-23,3.95,3.89,
40903,2011-12-26,4.02,3.95,
40904,2011-12-27,4.07,4.02,
40905,2011-12-28,4.19,4.07,
40906,2011-12-29,4.17,4.19,
40907,2011-12-30,4.25,4.17,
40910,2012-01-02,5.22,4.25,
40911,2012-01-03,4.88,5.22,
40912,2012-01-04,5.57,4.88,
40913,2012-01-05,6.95,5.57,
40914,2012-01-06,6.7,6.95,
40917,2012-01-09,6.33,6.7,
40918,2012-01-10,6.36,6.33,
40919,2012-01-11,6.9,6.36,
40920,2012-01-12,6.8,6.9,
40921,2012-01-13,6.41,6.8,
40924,2012-01-16,6.68,6.41,
40925,2012-01-17,5.6,6.68,
40926,2012-01-18,5.92,5.6,
40927,2012-01-19,6.36,5.92,
40928,2012-01-20,6.49,6.36,
40931,2012-01-23,6.36,6.49,
40932,2012-01-24,6.29,6.36,
40933,2012-01-25,5.75,6.29,
40934,2012-01-26,5.34,5.75,
40935,2012-01-27,5.29,5.34,
40938,2012-01-30,5.49,5.29,
40939,2012-01-31,5.48,5.49,
40940,2012-02-01,6.08,5.48,
40941,2012-02-02,6.1,6.08,
40942,2012-02-03,5.96,6.1,
40945,2012-02-06,5.45,5.96,
40946,2012-02-07,5.69,5.45,
40947,2012-02-08,5.6,5.69,
40948,2012-02-09,5.83,5.6,
40949,2012-02-10,5.91,5.83,
40952,2012-02-13,5.26,5.91,
40953,2012-02-14,4.46,5.26,
40954,2012-02-15,4.33,4.46,
40955,2012-02-16,4.27,4.33,
40956,2012-02-17,4.41,4.27,
40959,2012-02-20,4.36,4.41,
40960,2012-02-21,4.27,4.36,
40961,2012-02-22,4.42,4.27,
40962,2012-02-23,5.02,4.42,
40963,2012-02-24,5.03,5.02,
40966,2012-02-27,4.96,5.03,
40967,2012-02-28,4.87,4.96,
40968,2012-02-29,4.86,4.87,
40969,2012-03-01,4.92,4.86,
40970,2012-03-02,4.7,4.92,
40973,2012-03-05,4.98,4.7,
40974,2012-03-06,4.99,4.98,
40975,2012-03-07,4.94,4.99,
40976,2012-03-08,4.93,4.94,
40977,2012-03-09,4.86,4.93,
40980,2012-03-12,4.89,4.86,
40981,2012-03-13,5.27,4.89,
40982,2012-03-14,5.38,5.27,
40983,2012-03-15,5.33,5.38,
40984,2012-03-16,5.34,5.33,
40987,2012-03-19,4.69,5.34,
40988,2012-03-20,4.84,4.69,
40989,2012-03-21,4.81,4.84,
40990,2012-03-22,4.7,4.81,
40991,2012-03-23,4.69,4.7,
40994,2012-03-26,4.62,4.69,
40995,2012-03-27,4.81,4.62,
40996,2012-03-28,4.79,4.81,
40997,2012-03-29,4.81,4.79,
40998,2012-03-30,4.86,4.81,
41001,2012-04-02,4.97,4.86,
41002,2012-04-03,4.95,4.97,
41003,2012-04-04,4.91,4.95,
41004,2012-04-05,4.92,4.91,
41005,2012-04-06,4.95,4.92,
41008,2012-04-09,4.87,4.95,
41009,2012-04-10,4.84,4.87,
41010,2012-04-11,4.93,4.84,
41011,2012-04-12,4.92,4.93,
41012,2012-04-13,4.94,4.92,
41015,2012-04-16,4.93,4.94,
41016,2012-04-17,4.98,4.93,
41017,2012-04-18,5.12,4.98,
41018,2012-04-19,5.14,5.12,
41019,2012-04-20,5.35,5.14,
41022,2012-04-23,4.96,5.35,
41023,2012-04-24,5.1,4.96,
41024,2012-04-25,5.13,5.1,
41025,2012-04-26,5.1,5.13,
41026,2012-04-27,5.11,5.1,
41029,2012-04-30,4.95,5.11,
41030,2012-05-01,5,4.95,
41031,2012-05-02,5.07,5,
41032,2012-05-03,5.13,5.07,
41033,2012-05-04,5.07,5.13,
41036,2012-05-07,5.06,5.07,
41037,2012-05-08,5.05,5.06,
41038,2012-05-09,5.04,5.05,
41039,2012-05-10,4.85,5.04,
41040,2012-05-11,4.96,4.85,
41043,2012-05-14,5.01,4.96,
41044,2012-05-15,5.04,5.01,
41045,2012-05-16,5.09,5.04,
41046,2012-05-17,5.1,5.09,
41047,2012-05-18,5.12,5.1,
41050,2012-05-21,5.1,5.12,
41051,2012-05-22,5.1,5.1,
41052,2012-05-23,5.14,5.1,
41053,2012-05-24,5.12,5.14,
41054,2012-05-25,5.15,5.12,
41057,2012-05-28,5.14,5.15,
41058,2012-05-29,5.15,5.14,
41059,2012-05-30,5.14,5.15,
41060,2012-05-31,5.18,5.14,
41061,2012-06-01,5.27,5.18,
41064,2012-06-04,5.27,5.27,
41065,2012-06-05,5.44,5.27,
41066,2012-06-06,5.46,5.44,
41067,2012-06-07,5.59,5.46,
41068,2012-06-08,5.63,5.59,
41071,2012-06-11,5.57,5.63,
41072,2012-06-12,5.7,5.57,
41073,2012-06-13,5.93,5.7,
41074,2012-06-14,5.95,5.93,
41075,2012-06-15,6.5,5.95,
41078,2012-06-18,6.31,6.5,
41079,2012-06-19,6.5,6.31,
41080,2012-06-20,6.67,6.5,
41081,2012-06-21,6.68,6.67,
41082,2012-06-22,6.55,6.68,
41085,2012-06-25,6.3,6.55,
41086,2012-06-26,6.42,6.3,
41087,2012-06-27,6.65,6.42,
41088,2012-06-28,6.61,6.65,
41089,2012-06-29,6.65,6.61,
41092,2012-07-02,6.76,6.65,
41093,2012-07-03,6.45,6.76,
41094,2012-07-04,6.51,6.45,
41095,2012-07-05,6.67,6.51,
41096,2012-07-06,6.65,6.67,
41099,2012-07-09,7.02,6.65,
41100,2012-07-10,7.2,7.02,
41101,2012-07-11,7.15,7.2,
41102,2012-07-12,7.76,7.15,
41103,2012-07-13,7.67,7.76,
41106,2012-07-16,8.5,7.67,
41107,2012-07-17,8.8,8.5,
41108,2012-07-18,9.11,8.8,
41109,2012-07-19,8.87,9.11,
41110,2012-07-20,8.52,8.87,
41113,2012-07-23,8.45,8.52,
41114,2012-07-24,8.6,8.45,
41115,2012-07-25,8.8,8.6,
41116,2012-07-26,8.9,8.8,
41117,2012-07-27,8.9,8.9,
41120,2012-07-30,9.1,8.9,
41121,2012-07-31,9.35,9.1,
41122,2012-08-01,9.55,9.35,
41123,2012-08-02,10.53,9.55,
41124,2012-08-03,10.97,10.53,
41127,2012-08-06,10.86,10.97,
41128,2012-08-07,11.1,10.86,
41129,2012-08-08,11.06,11.1,
41130,2012-08-09,11.06,11.06,
41131,2012-08-10,11.39,11.06,
41134,2012-08-13,12.04,11.39,
41135,2012-08-14,12.19,12.04,
41136,2012-08-15,13.25,12.19,
41137,2012-08-16,13.5,13.25,
41138,2012-08-17,11.58,13.5,
41141,2012-08-20,10.1,11.58,
41142,2012-08-21,9.92,10.1,
41143,2012-08-22,9.81,9.92,
41144,2012-08-23,10.1,9.81,
41145,2012-08-24,10.6,10.1,
41148,2012-08-27,10.95,10.6,
41149,2012-08-28,10.94,10.95,
41150,2012-08-29,10.92,10.94,
41151,2012-08-30,10.78,10.92,
41152,2012-08-31,10.16,10.78,
41155,2012-09-03,10.53,10.16,
41156,2012-09-04,10.38,10.53,
41157,2012-09-05,11,10.38,
41158,2012-09-06,11.18,11,
41159,2012-09-07,11,11.18,
41162,2012-09-10,11.17,11,
41163,2012-09-11,11.33,11.17,
41164,2012-09-12,11.36,11.33,
41165,2012-09-13,11.4,11.36,
41166,2012-09-14,11.67,11.4,
41169,2012-09-17,11.89,11.67,
41170,2012-09-18,12.25,11.89,
41171,2012-09-19,12.57,12.25,
41172,2012-09-20,12.28,12.57,
41173,2012-09-21,12.37,12.28,
41176,2012-09-24,12.1,12.37,
41177,2012-09-25,12.2,12.1,
41178,2012-09-26,12.27,12.2,
41179,2012-09-27,12.31,12.27,
41180,2012-09-28,12.39,12.31,
41183,2012-10-01,12.4,12.39,
41184,2012-10-02,12.84,12.4,
41185,2012-10-03,12.89,12.84,
41186,2012-10-04,12.85,12.89,
41187,2012-10-05,12.69,12.85,
41190,2012-10-08,11.78,12.69,
41191,2012-10-09,11.9,11.78,
41192,2012-10-10,12.12,11.9,
41193,2012-10-11,12.03,12.12,
41194,2012-10-12,12,12.03,
41197,2012-10-15,11.84,12,
41198,2012-10-16,11.85,11.84,
41199,2012-10-17,11.81,11.85,
41200,2012-10-18,11.94,11.81,
41201,2012-10-19,11.74,11.94,
41204,2012-10-22,11.71,11.74,
41205,2012-10-23,11.65,11.71,
41206,2012-10-24,11.65,11.65,
41207,2012-10-25,10.86,11.65,
41208,2012-10-26,10.17,10.86,
41211,2012-10-29,10.6,10.17,
41212,2012-10-30,10.89,10.6,
41213,2012-10-31,11.2,10.89,
41214,2012-11-01,10.57,11.2,
41215,2012-11-02,10.47,10.57,
41218,2012-11-05,10.75,10.47,
41219,2012-11-06,10.9,10.75,
41220,2012-11-07,10.92,10.9,
41221,2012-11-08,10.93,10.92,
41222,2012-11-09,10.82,10.93,
41225,2012-11-12,11.01,10.82,
41226,2012-11-13,10.95,11.01,
41227,2012-11-14,10.95,10.95,
41228,2012-11-15,11.2,10.95,
41229,2012-11-16,11.75,11.2,
41232,2012-11-19,11.8,11.75,
41233,2012-11-20,11.73,11.8,
41234,2012-11-21,11.77,11.73,
41235,2012-11-22,12.42,11.77,
41236,2012-11-23,12.35,12.42,
41239,2012-11-26,12.25,12.35,
41240,2012-11-27,12.2,12.25,
41241,2012-11-28,12.35,12.2,
41242,2012-11-29,12.45,12.35,
41243,2012-11-30,12.57,12.45,
41246,2012-12-03,12.68,12.57,
41247,2012-12-04,13.41,12.68,
41248,2012-12-05,13.38,13.41,
41249,2012-12-06,13.3,13.38,
41250,2012-12-07,13.5,13.3,
41253,2012-12-10,13.43,13.5,
41254,2012-12-11,13.56,13.43,
41255,2012-12-12,13.7,13.56,
41256,2012-12-13,13.7,13.7,
41257,2012-12-14,13.6,13.7,
41260,2012-12-17,13.25,13.6,
41261,2012-12-18,13.3,13.25,
41262,2012-12-19,13.6,13.3,
41263,2012-12-20,13.52,13.6,
41264,2012-12-21,13.5,13.52,
41267,2012-12-24,13.38,13.5,
41268,2012-12-25,13.35,13.38,
41269,2012-12-26,13.47,13.35,
41270,2012-12-27,13.42,13.47,
41271,2012-12-28,13.42,13.42,
41274,2012-12-31,13.51,13.42,
41275,2013-01-01,13.3,13.51,
41276,2013-01-02,13.28,13.3,
41277,2013-01-03,13.4,13.28,
41278,2013-01-04,13.5,13.4,
41281,2013-01-07,13.59,13.5,
41282,2013-01-08,13.74,13.59,
41283,2013-01-09,13.77,13.74,
41284,2013-01-10,14.14,13.77,
41285,2013-01-11,14.14,14.14,
41288,2013-01-14,14.3,14.14,
41289,2013-01-15,14.25,14.3,
41290,2013-01-16,14.73,14.25,
41291,2013-01-17,15.5,14.73,
41292,2013-01-18,15.7,15.5,
41295,2013-01-21,16.8,15.7,
41296,2013-01-22,17.26,16.8,
41297,2013-01-23,17.5,17.26,
41298,2013-01-24,16.9,17.5,
41299,2013-01-25,17.4,16.9,
41302,2013-01-28,18.72,17.4,
41303,2013-01-29,19.53,18.72,
41304,2013-01-30,19.7,19.53,
41305,2013-01-31,20.41,19.7,
41306,2013-02-01,20.5,20.41,
41309,2013-02-04,20.43,20.5,
41310,2013-02-05,20.6,20.43,
41311,2013-02-06,21.18,20.6,
41312,2013-02-07,22.15,21.18,
41313,2013-02-08,22.66,22.15,
41316,2013-02-11,24.65,22.66,
41317,2013-02-12,25.17,24.65,
41318,2013-02-13,24.2,25.17,
41319,2013-02-14,27.22,24.2,
41320,2013-02-15,27.1,27.22,
41323,2013-02-18,26.95,27.1,
41324,2013-02-19,29.42,26.95,
41325,2013-02-20,29.65,29.42,
41326,2013-02-21,29.75,29.65,
41327,2013-02-22,30.25,29.75,
41330,2013-02-25,30.4,30.25,
41331,2013-02-26,31.1,30.4,
41332,2013-02-27,30.9,31.1,
41333,2013-02-28,33.38,30.9,
41334,2013-03-01,34.5,33.38,
41337,2013-03-04,36.15,34.5,
41338,2013-03-05,40.33,36.15,
41339,2013-03-06,41.02,40.33,
41340,2013-03-07,42,41.02,
41341,2013-03-08,44.18,42,
41344,2013-03-11,48.4,44.18,
41345,2013-03-12,44.29,48.4,
41346,2013-03-13,46.92,44.29,
41347,2013-03-14,47.17,46.92,
41348,2013-03-15,46.95,47.17,
41351,2013-03-18,51.6,46.95,
41352,2013-03-19,59.14,51.6,
41353,2013-03-20,64.49,59.14,
41354,2013-03-21,70.85,64.49,
41355,2013-03-22,69.87,70.85,
41358,2013-03-25,73.6,69.87,
41359,2013-03-26,78.5,73.6,
41360,2013-03-27,88.92,78.5,
41361,2013-03-28,86.18,88.92,
41362,2013-03-29,90.5,86.18,
41365,2013-04-01,102,90.5,
41366,2013-04-02,132,102,
41367,2013-04-03,131.79,132,
41368,2013-04-04,136,131.79,
41369,2013-04-05,142.5,136,
41372,2013-04-08,191.73,142.5,
41373,2013-04-09,234.25,191.73,
41374,2013-04-10,181.69,234.25,
41375,2013-04-11,99.62,181.69,
41376,2013-04-12,110,99.62,
41379,2013-04-15,91,110,
41380,2013-04-16,75.6,91,
41381,2013-04-17,91.98,75.6,
41382,2013-04-18,126.5,91.98,
41383,2013-04-19,118,126.5,
41386,2013-04-22,127.9,118,
41387,2013-04-23,145.38,127.9,
41388,2013-04-24,156.01,145.38,
41389,2013-04-25,129.78,156.01,
41390,2013-04-26,136.8,129.78,
41393,2013-04-29,144.5,136.8,
41394,2013-04-30,133.75,144.5,
41395,2013-05-01,118.74,133.75,
41396,2013-05-02,95.46,118.74,
41397,2013-05-03,101.72,95.46,
41400,2013-05-06,109.49,101.72,
41401,2013-05-07,111.01,109.49,
41402,2013-05-08,111.9,111.01,
41403,2013-05-09,112.5,111.9,
41404,2013-05-10,114.1,112.5,
41407,2013-05-13,118.29,114.1,
41408,2013-05-14,113,118.29,
41409,2013-05-15,114.2,113,
41410,2013-05-16,117.49,114.2,
41411,2013-05-17,123.13,117.49,
41414,2013-05-20,122.4,123.13,
41415,2013-05-21,123.1,122.4,
41416,2013-05-22,124.2,123.1,
41417,2013-05-23,126.56,124.2,
41418,2013-05-24,132,126.56,
41421,2013-05-27,127.81,132,
41422,2013-05-28,128.84,127.81,
41423,2013-05-29,130.55,128.84,
41424,2013-05-30,127.99,130.55,
41425,2013-05-31,127.2,127.99,
41428,2013-06-03,121.66,127.2,
41429,2013-06-04,120.82,121.66,
41430,2013-06-05,121.5,120.82,
41431,2013-06-06,118.86,121.5,
41432,2013-06-07,110.8,118.86,
41435,2013-06-10,105.3,110.8,
41436,2013-06-11,108,105.3,
41437,2013-06-12,108.36,108,
41438,2013-06-13,103,108.36,
41439,2013-06-14,98.62,103,
41442,2013-06-17,103.22,98.62,
41443,2013-06-18,109.15,103.22,
41444,2013-06-19,108,109.15,
41445,2013-06-20,112.51,108,
41446,2013-06-21,108.94,112.51,
41449,2013-06-24,104.56,108.94,
41450,2013-06-25,103.96,104.56,
41451,2013-06-26,102.99,103.96,
41452,2013-06-27,97.33,102.99,
41453,2013-06-28,96.99,97.33,
41456,2013-07-01,89.2,96.99,
41457,2013-07-02,90,89.2,
41458,2013-07-03,76.3,90,
41459,2013-07-04,77.48,76.3,
41460,2013-07-05,69.93,77.48,
41463,2013-07-08,76,69.93,
41464,2013-07-09,76.88,76,
41465,2013-07-10,87,76.88,
41466,2013-07-11,99.1,87,
41467,2013-07-12,90.9,99.1,
41470,2013-07-15,98.98,90.9,
41471,2013-07-16,98.95,98.98,
41472,2013-07-17,92,98.95,
41473,2013-07-18,89.03,92,
41474,2013-07-19,92.3,89.03,
41477,2013-07-22,92.77,92.3,
41478,2013-07-23,89.88,92.77,
41479,2013-07-24,90.41,89.88,
41480,2013-07-25,91.53,90.41,
41481,2013-07-26,89.34,91.53,
41484,2013-07-29,94.32,89.34,
41485,2013-07-30,98.98,94.32,
41486,2013-07-31,97.25,98.98,
41487,2013-08-01,95.55,97.25,
41488,2013-08-02,96.66,95.55,
41491,2013-08-05,98.56,96.66,
41492,2013-08-06,97.24,98.56,
41493,2013-08-07,97.08,97.24,
41494,2013-08-08,94.87,97.08,
41495,2013-08-09,93.81,94.87,
41498,2013-08-12,95.52,93.81,
41499,2013-08-13,99.65,95.52,
41500,2013-08-14,99.5,99.65,
41501,2013-08-15,99.06,99.5,
41502,2013-08-16,98.48,99.06,
41505,2013-08-19,103.18,98.48,
41506,2013-08-20,106.18,103.18,
41507,2013-08-21,111.53,106.18,
41508,2013-08-22,108,111.53,
41509,2013-08-23,107.76,108,
41512,2013-08-26,115.69,107.76,
41513,2013-08-27,117.65,115.69,
41514,2013-08-28,118.48,117.65,
41515,2013-08-29,118.6,118.48,
41516,2013-08-30,126.02,118.6,
41519,2013-09-02,129.4,126.02,
41520,2013-09-03,129.69,129.4,
41521,2013-09-04,121.94,129.69,
41522,2013-09-05,122.49,121.94,
41523,2013-09-06,117.9,122.49,
41526,2013-09-09,123.12,117.9,
41527,2013-09-10,122.65,123.12,
41528,2013-09-11,126.61,122.65,
41529,2013-09-12,127.1,126.61,
41530,2013-09-13,127,127.1,
41533,2013-09-16,126.32,127,
41534,2013-09-17,126.86,126.32,
41535,2013-09-18,127.31,126.86,
41536,2013-09-19,124.1,127.31,
41537,2013-09-20,121.7,124.1,
41540,2013-09-23,122.99,121.7,
41541,2013-09-24,124.65,122.99,
41542,2013-09-25,124.33,124.65,
41543,2013-09-26,126.4,124.33,
41544,2013-09-27,126.1,126.4,
41547,2013-09-30,127.09,126.1,
41548,2013-10-01,127.42,127.09,
41549,2013-10-02,112.75,127.42,
41550,2013-10-03,119.12,112.75,
41551,2013-10-04,122.06,119.12,
41554,2013-10-07,123.71,122.06,
41555,2013-10-08,124.99,123.71,
41556,2013-10-09,126,124.99,
41557,2013-10-10,126.28,126,
41558,2013-10-11,126.85,126.28,
41561,2013-10-14,135.89,126.85,
41562,2013-10-15,147.15,135.89,
41563,2013-10-16,140.68,147.15,
41564,2013-10-17,143.77,140.68,
41565,2013-10-18,160.07,143.77,
41568,2013-10-21,191.58,160.07,
41569,2013-10-22,194.04,191.58,
41570,2013-10-23,191.77,194.04,
41571,2013-10-24,186.51,191.77,
41572,2013-10-25,183.34,186.51,
41575,2013-10-28,198.58,183.34,
41576,2013-10-29,200.58,198.58,
41577,2013-10-30,202.47,200.58,
41578,2013-10-31,206.34,202.47,
41579,2013-11-01,208.18,206.34,
41582,2013-11-04,236.56,208.18,
41583,2013-11-05,256.21,236.56,
41584,2013-11-06,291.71,256.21,
41585,2013-11-07,313.08,291.71,
41586,2013-11-08,325.65,313.08,
41589,2013-11-11,350.02,325.65,
41590,2013-11-12,369.84,350.02,
41591,2013-11-13,409.23,369.84,
41593,2013-11-15,430.62,409.23,
41596,2013-11-18,691.61,430.62,
41597,2013-11-19,516.92,691.61,
41598,2013-11-20,626.77,516.92,
41599,2013-11-21,714.96,626.77,
41600,2013-11-22,843.95,714.96,
41603,2013-11-25,834,843.95,
41604,2013-11-26,926.3,834,
41605,2013-11-27,983.43,926.3,
41606,2013-11-28,1055.58,983.43,
41607,2013-11-29,1137,1055.58,
41610,2013-12-02,1023.99,1137,
41611,2013-12-03,1056.5,1023.99,
41612,2013-12-04,1130,1056.5,
41613,2013-12-05,990,1130,
41614,2013-12-06,552.16,990,
41617,2013-12-09,926,552.16,
41618,2013-12-10,942.73,926,
41619,2013-12-11,863,942.73,
41620,2013-12-12,893.4,863,
41621,2013-12-13,869.9,893.4,
41624,2013-12-16,729.36,869.9,
41625,2013-12-17,533.71,729.36,
41626,2013-12-18,564.48,533.71,
41627,2013-12-19,707.82,564.48,
41628,2013-12-20,599.47,707.82,
41631,2013-12-23,651.01,599.47,
41632,2013-12-24,648.27,651.01,
41633,2013-12-25,710.42,648.27,
41634,2013-12-26,706.42,710.42,
41635,2013-12-27,721.44,706.42,
41638,2013-12-30,720.94,721.44,
41639,2013-12-31,746.89,720.94,
41640,2014-01-01,747.81,746.89,
41641,2014-01-02,785.17,747.81,
41642,2014-01-03,801.89,785.17,
41645,2014-01-06,914.51,801.89,
41646,2014-01-07,797.71,914.51,
41647,2014-01-08,839,797.71,
41648,2014-01-09,813.46,839,
41649,2014-01-10,858.86,813.46,
41652,2014-01-13,829.94,858.86,
41653,2014-01-14,833.54,829.94,
41654,2014-01-15,845.1,833.54,
41655,2014-01-16,813.8,845.1,
41656,2014-01-17,808.55,813.8,
41659,2014-01-20,820.84,808.55,
41660,2014-01-21,822.86,820.84,
41661,2014-01-22,817.04,822.86,
41662,2014-01-23,773.1,817.04,
41663,2014-01-24,793.49,773.1,
41666,2014-01-27,762.81,793.49,
41667,2014-01-28,793.26,762.81,
41668,2014-01-29,787.1,793.26,
41669,2014-01-30,799.33,787.1,
41670,2014-01-31,806.69,799.33,
41673,2014-02-03,806.83,806.69,
41674,2014-02-04,804.61,806.83,
41675,2014-02-05,786.06,804.61,
41676,2014-02-06,687.72,786.06,
41677,2014-02-07,727.52,687.72,
41680,2014-02-10,713.06,727.52,
41681,2014-02-11,669.32,713.06,
41682,2014-02-12,657.38,669.32,
41683,2014-02-13,581.64,657.38,
41684,2014-02-14,652.18,581.64,
41687,2014-02-17,642.5,652.18,
41688,2014-02-18,626.32,642.5,
41689,2014-02-19,612.22,626.32,
41690,2014-02-20,571.37,612.22,
41691,2014-02-21,563.31,571.37,
41694,2014-02-24,451.58,563.31,
41695,2014-02-25,609.96,451.58,
41696,2014-02-26,580.76,609.96,
41697,2014-02-27,578.79,580.76,
41698,2014-02-28,566.91,578.79,
41701,2014-03-03,669.76,566.91,
41702,2014-03-04,672.1,669.76,
41703,2014-03-05,667,672.1,
41704,2014-03-06,660.9,667,
41705,2014-03-07,626.74,660.9,
41708,2014-03-10,628.25,626.74,
41709,2014-03-11,638.8,628.25,
41710,2014-03-12,639.03,638.8,
41711,2014-03-13,637.27,639.03,
41712,2014-03-14,635.5,637.27,
41715,2014-03-17,613,635.5,
41716,2014-03-18,617.86,613,
41717,2014-03-19,603.85,617.86,
41718,2014-03-20,581.84,603.85,
41719,2014-03-21,571.71,581.84,
41722,2014-03-24,582.45,571.71,
41723,2014-03-25,572,582.45,
41724,2014-03-26,561.62,572,
41725,2014-03-27,513.58,561.62,
41726,2014-03-28,504,513.58,
41729,2014-03-31,465.75,504,
41730,2014-04-01,482.23,465.75,
41731,2014-04-02,429.86,482.23,
41732,2014-04-03,436.23,429.86,
41733,2014-04-04,455.27,436.23,
41736,2014-04-07,454.2,455.27,
41737,2014-04-08,452.62,454.2,
41738,2014-04-09,428.9,452.62,
41739,2014-04-10,376.9,428.9,
41740,2014-04-11,426.53,376.9,
41744,2014-04-15,517.6,426.53,
41745,2014-04-16,527.14,517.6,
41746,2014-04-17,496.81,527.14,
41747,2014-04-18,476.17,496.81,
41750,2014-04-21,503.18,476.17,
41751,2014-04-22,496.18,503.18,
41752,2014-04-23,492.02,496.18,
41753,2014-04-24,476.52,492.02,
41754,2014-04-25,462.59,476.52,
41757,2014-04-28,439.17,462.59,
41758,2014-04-29,447.81,439.17,
41759,2014-04-30,448.23,447.81,
41760,2014-05-01,460.93,448.23,
41761,2014-05-02,451.51,460.93,
41763,2014-05-04,438.44,#N/A N/A,
41764,2014-05-05,430.34,451.51,
41765,2014-05-06,427.66,430.34,
41766,2014-05-07,447.46,427.66,
41767,2014-05-08,441.8,447.46,
41768,2014-05-09,452.29,441.8,
41770,2014-05-11,436.17,#N/A N/A,
41771,2014-05-12,441.44,452.29,
41772,2014-05-13,437.55,441.44,
41773,2014-05-14,448.31,437.55,
41774,2014-05-15,447.38,448.31,
41775,2014-05-16,449.68,447.38,
41777,2014-05-18,445.91,#N/A N/A,
41778,2014-05-19,449.06,449.68,
41779,2014-05-20,489.43,449.06,
41780,2014-05-21,494.18,489.43,
41781,2014-05-22,522.31,494.18,
41782,2014-05-23,532.48,522.31,
41784,2014-05-25,574.93,#N/A N/A,
41785,2014-05-26,581.81,532.48,
41786,2014-05-27,577.54,581.81,
41787,2014-05-28,570.67,577.54,
41788,2014-05-29,568.62,570.67,
41789,2014-05-30,613.92,568.62,
41791,2014-06-01,647.41,#N/A N/A,
41792,2014-06-02,655.27,613.92,
41793,2014-06-03,671.83,655.27,
41794,2014-06-04,648.99,671.83,
41795,2014-06-05,659.99,648.99,
41796,2014-06-06,652.65,659.99,
41798,2014-06-08,654.19,#N/A N/A,
41799,2014-06-09,646.2,652.65,
41800,2014-06-10,645.34,646.2,
41801,2014-06-11,634.44,645.34,
41802,2014-06-12,591.01,634.44,
41803,2014-06-13,582.37,591.01,
41805,2014-06-15,574.04,#N/A N/A,
41806,2014-06-16,592.81,582.37,
41807,2014-06-17,606.39,592.81,
41808,2014-06-18,605.32,606.39,
41809,2014-06-19,604.87,605.32,
41810,2014-06-20,594.47,604.87,
41812,2014-06-22,598.6,#N/A N/A,
41813,2014-06-23,586.97,594.47,
41814,2014-06-24,585.23,586.97,
41815,2014-06-25,570.43,585.23,
41816,2014-06-26,571.59,570.43,
41817,2014-06-27,576.53,571.59,
41819,2014-06-29,594.53,#N/A N/A,
41820,2014-06-30,646.97,576.53,
41821,2014-07-01,643.33,646.97,
41822,2014-07-02,648.22,643.33,
41823,2014-07-03,642.87,648.22,
41824,2014-07-04,634.88,642.87,
41826,2014-07-06,634.5,#N/A N/A,
41827,2014-07-07,623.92,634.88,
41828,2014-07-08,624.81,623.92,
41829,2014-07-09,624.14,624.81,
41830,2014-07-10,618.05,624.14,
41831,2014-07-11,633.68,618.05,
41833,2014-07-13,629.42,#N/A N/A,
41834,2014-07-14,622.08,633.68,
41835,2014-07-15,621.74,622.08,
41836,2014-07-16,619.47,621.74,
41837,2014-07-17,623.03,619.47,
41838,2014-07-18,628.86,623.03,
41840,2014-07-20,624.29,#N/A N/A,
41841,2014-07-21,620.78,628.86,
41842,2014-07-22,621.84,620.78,
41843,2014-07-23,620,621.84,
41844,2014-07-24,603.65,620,
41845,2014-07-25,599.5,603.65,
41847,2014-07-27,594.18,#N/A N/A,
41848,2014-07-28,592.19,599.5,
41849,2014-07-29,582.28,592.19,
41850,2014-07-30,564.63,582.28,
41851,2014-07-31,586.36,564.63,
41852,2014-08-01,600.03,586.36,
41854,2014-08-03,587.07,#N/A N/A,
41855,2014-08-04,586.86,600.03,
41856,2014-08-05,579.65,586.86,
41857,2014-08-06,580.67,579.65,
41858,2014-08-07,591.68,580.67,
41859,2014-08-08,591.32,591.68,
41861,2014-08-10,586.48,#N/A N/A,
41862,2014-08-11,575.31,591.32,
41863,2014-08-12,570.17,575.31,
41864,2014-08-13,542.95,570.17,
41865,2014-08-14,513.7,542.95,
41866,2014-08-15,496.75,513.7,
41868,2014-08-17,486.79,#N/A N/A,
41869,2014-08-18,457.43,496.75,
41870,2014-08-19,483.36,457.43,
41871,2014-08-20,514.21,483.36,
41872,2014-08-21,522.72,514.21,
41873,2014-08-22,516.93,522.72,
41875,2014-08-24,508.83,#N/A N/A,
41876,2014-08-25,505.47,516.93,
41877,2014-08-26,509.84,505.47,
41878,2014-08-27,517.01,509.84,
41879,2014-08-28,508.15,517.01,
41880,2014-08-29,509.35,508.15,
41882,2014-08-31,479.7,#N/A N/A,
41883,2014-09-01,481.87,509.35,
41884,2014-09-02,478.21,481.87,
41885,2014-09-03,476.63,478.21,
41886,2014-09-04,487.1,476.63,
41887,2014-09-05,478.42,487.1,
41889,2014-09-07,477.99,#N/A N/A,
41890,2014-09-08,469.77,478.42,
41891,2014-09-09,473.01,469.77,
41892,2014-09-10,483.24,473.01,
41893,2014-09-11,475.52,483.24,
41894,2014-09-12,471.48,475.52,
41896,2014-09-14,475.89,#N/A N/A,
41897,2014-09-15,475.62,471.48,
41898,2014-09-16,463.89,475.62,
41899,2014-09-17,444.81,463.89,
41900,2014-09-18,417.44,444.81,
41901,2014-09-19,396.47,417.44,
41903,2014-09-21,399.71,#N/A N/A,
41904,2014-09-22,402.47,396.47,
41905,2014-09-23,448.34,402.47,
41906,2014-09-24,428.4,448.34,
41907,2014-09-25,407.43,428.4,
41908,2014-09-26,407.29,407.43,
41910,2014-09-28,380.68,#N/A N/A,
41911,2014-09-29,375.22,407.29,
41912,2014-09-30,389.68,375.22,
41913,2014-10-01,383.45,389.68,
41914,2014-10-02,376.86,383.45,
41915,2014-10-03,358.65,376.86,
41917,2014-10-05,309.1,#N/A N/A,
41918,2014-10-06,333.34,358.65,
41919,2014-10-07,330.68,333.34,
41920,2014-10-08,350.6,330.68,
41921,2014-10-09,366.31,350.6,
41922,2014-10-10,358.05,366.31,
41924,2014-10-12,370.7,#N/A N/A,
41925,2014-10-13,388.77,358.05,
41926,2014-10-14,407.23,388.77,
41927,2014-10-15,391.87,407.23,
41928,2014-10-16,383.19,391.87,
41929,2014-10-17,381.6,383.19,
41931,2014-10-19,387.92,#N/A N/A,
41932,2014-10-20,385.22,381.6,
41933,2014-10-21,386.69,385.22,
41934,2014-10-22,384.19,386.69,
41935,2014-10-23,359.65,384.19,
41936,2014-10-24,358.09,359.65,
41938,2014-10-26,355.21,#N/A N/A,
41939,2014-10-27,351.88,358.09,
41940,2014-10-28,355.88,351.88,
41941,2014-10-29,341.22,355.88,
41942,2014-10-30,347.62,341.22,
41943,2014-10-31,342.38,347.62,
41945,2014-11-02,325.03,#N/A N/A,
41946,2014-11-03,327.51,342.38,
41947,2014-11-04,327.55,327.51,
41948,2014-11-05,339.76,327.55,
41949,2014-11-06,349.63,339.76,
41950,2014-11-07,342.67,349.63,
41952,2014-11-09,358.36,#N/A N/A,
41953,2014-11-10,365.92,342.67,
41954,2014-11-11,367.91,365.92,
41955,2014-11-12,426.3,367.91,
41956,2014-11-13,404.73,426.3,
41957,2014-11-14,396.45,404.73,
41959,2014-11-16,387.59,#N/A N/A,
41960,2014-11-17,385.86,396.45,
41961,2014-11-18,378.73,385.86,
41962,2014-11-19,376.69,378.73,
41963,2014-11-20,357.97,376.69,
41964,2014-11-21,353.8,357.97,
41966,2014-11-23,368.03,#N/A N/A,
41967,2014-11-24,378.44,353.8,
41968,2014-11-25,376.92,378.44,
41969,2014-11-26,366.6,376.92,
41970,2014-11-27,369.29,366.6,
41971,2014-11-28,377.77,369.29,
41973,2014-11-30,375.76,#N/A N/A,
41974,2014-12-01,378.21,377.77,
41975,2014-12-02,379.37,378.21,
41976,2014-12-03,378.42,379.37,
41977,2014-12-04,372.94,378.42,
41978,2014-12-05,378.61,372.94,
41981,2014-12-08,367.72,378.61,
41982,2014-12-09,352.55,367.72,
41983,2014-12-10,350.42,352.55,
41984,2014-12-11,350.33,350.42,
41985,2014-12-12,356.43,350.33,
41987,2014-12-14,355.02,#N/A N/A,
41988,2014-12-15,348.15,356.43,
41989,2014-12-16,333.36,348.15,
41990,2014-12-17,321.05,333.36,
41991,2014-12-18,311.39,321.05,
41992,2014-12-19,314.26,311.39,
41994,2014-12-21,319.36,#N/A N/A,
41995,2014-12-22,329.54,314.26,
41996,2014-12-23,334.99,329.54,
41997,2014-12-24,321.87,334.99,
41998,2014-12-25,319.4,321.87,
41999,2014-12-26,329.49,319.4,
42001,2014-12-28,315.83,#N/A N/A,
42002,2014-12-29,314.25,329.49,
42003,2014-12-30,310.17,314.25,
42004,2014-12-31,317.36,310.17,
42005,2015-01-01,314.49,317.36,
42006,2015-01-02,314.73,314.49,
42008,2015-01-04,266.26,#N/A N/A,
42009,2015-01-05,270.93,314.73,
42010,2015-01-06,286.41,270.93,
42011,2015-01-07,296.13,286.41,
42012,2015-01-08,293.83,296.13,
42013,2015-01-09,289.81,293.83,
42015,2015-01-11,268.12,#N/A N/A,
42016,2015-01-12,270.65,289.81,
42017,2015-01-13,236.05,270.65,
42018,2015-01-14,183.07,236.05,
42019,2015-01-15,206.68,183.07,
42020,2015-01-16,208.34,206.68,
42022,2015-01-18,207.87,#N/A N/A,
42023,2015-01-19,216.21,208.34,
42024,2015-01-20,211.18,216.21,
42025,2015-01-21,225.1,211.18,
42026,2015-01-22,231.92,225.1,
42027,2015-01-23,237.01,231.92,
42029,2015-01-25,251.78,#N/A N/A,
42030,2015-01-26,271.61,237.01,
42031,2015-01-27,261.76,271.61,
42032,2015-01-28,235.94,261.76,
42033,2015-01-29,234.12,235.94,
42034,2015-01-30,229.67,234.12,
42036,2015-02-01,231.1,#N/A N/A,
42037,2015-02-02,227.3,229.67,
42038,2015-02-03,227.86,227.3,
42039,2015-02-04,224.98,227.86,
42040,2015-02-05,218.76,224.98,
42041,2015-02-06,223.37,218.76,
42043,2015-02-08,222.08,#N/A N/A,
42044,2015-02-09,221,223.37,
42045,2015-02-10,219.7,221,
42046,2015-02-11,219.39,219.7,
42047,2015-02-12,222.2,219.39,
42048,2015-02-13,234.25,222.2,
42050,2015-02-15,231.03,#N/A N/A,
42051,2015-02-16,237.01,234.25,
42052,2015-02-17,241.53,237.01,
42053,2015-02-18,233.48,241.53,
42054,2015-02-19,240.91,233.48,
42055,2015-02-20,244.84,240.91,
42057,2015-02-22,235.59,#N/A N/A,
42058,2015-02-23,240.42,244.84,
42059,2015-02-24,239.34,240.42,
42060,2015-02-25,237.97,239.34,
42061,2015-02-26,236.5,237.97,
42062,2015-02-27,254.87,236.5,
42064,2015-03-01,258.18,#N/A N/A,
42065,2015-03-02,272.88,254.87,
42066,2015-03-03,283.36,272.88,
42067,2015-03-04,273.1,283.36,
42068,2015-03-05,279.93,273.1,
42069,2015-03-06,273.25,279.93,
42071,2015-03-08,274.29,#N/A N/A,
42072,2015-03-09,289.07,273.25,
42073,2015-03-10,293.19,289.07,
42074,2015-03-11,294.55,293.19,
42075,2015-03-12,296.15,294.55,
42076,2015-03-13,288.4,296.15,
42078,2015-03-15,285.65,#N/A N/A,
42079,2015-03-16,290.13,288.4,
42080,2015-03-17,287.46,290.13,
42081,2015-03-18,263.42,287.46,
42082,2015-03-19,256.95,263.42,
42083,2015-03-20,263.17,256.95,
42085,2015-03-22,266.74,#N/A N/A,
42086,2015-03-23,266.4,263.17,
42087,2015-03-24,247.76,266.4,
42088,2015-03-25,244.13,247.76,
42089,2015-03-26,248.76,244.13,
42090,2015-03-27,248.55,248.76,
42092,2015-03-29,242.67,#N/A N/A,
42093,2015-03-30,247.52,248.55,
42094,2015-03-31,244.14,247.52,
42095,2015-04-01,245.82,244.14,
42096,2015-04-02,252.07,245.82,
42097,2015-04-03,254.51,252.07,
42099,2015-04-05,256.03,#N/A N/A,
42100,2015-04-06,254.58,254.51,
42101,2015-04-07,254.94,254.58,
42102,2015-04-08,246.11,254.94,
42103,2015-04-09,242.91,246.11,
42104,2015-04-10,234.99,242.91,
42106,2015-04-12,236.13,#N/A N/A,
42107,2015-04-13,225.16,234.99,
42108,2015-04-14,218.31,225.16,
42109,2015-04-15,220.23,218.31,
42110,2015-04-16,228.99,220.23,
42111,2015-04-17,223.31,228.99,
42113,2015-04-19,223.21,#N/A N/A,
42114,2015-04-20,224.35,223.31,
42115,2015-04-21,233.03,224.35,
42116,2015-04-22,233.67,233.03,
42117,2015-04-23,234.7,233.67,
42118,2015-04-24,231.41,234.7,
42120,2015-04-26,222.07,#N/A N/A,
42121,2015-04-27,223.73,231.41,
42122,2015-04-28,224.41,223.73,
42123,2015-04-29,226.48,224.41,
42124,2015-04-30,236.58,226.48,
42125,2015-05-01,234.8,236.58,
42127,2015-05-03,241.09,#N/A N/A,
42128,2015-05-04,237.51,234.8,
42129,2015-05-05,234.69,237.51,
42130,2015-05-06,234,234.69,
42131,2015-05-07,237.2,234,
42132,2015-05-08,245.31,237.2,
42134,2015-05-10,239.94,#N/A N/A,
42135,2015-05-11,242.61,245.31,
42136,2015-05-12,241.38,242.61,
42137,2015-05-13,243.2,241.38,
42138,2015-05-14,236.81,243.2,
42139,2015-05-15,237.31,236.81,
42141,2015-05-17,235.81,#N/A N/A,
42142,2015-05-18,232.08,237.31,
42143,2015-05-19,231.83,232.08,
42144,2015-05-20,233.92,231.83,
42145,2015-05-21,235.51,233.92,
42146,2015-05-22,239.53,235.51,
42148,2015-05-24,240.86,#N/A N/A,
42149,2015-05-25,235.57,239.53,
42150,2015-05-26,236.2,235.57,
42151,2015-05-27,235.57,236.2,
42152,2015-05-28,236.08,235.57,
42153,2015-05-29,235.95,236.08,
42155,2015-05-31,231.78,#N/A N/A,
42156,2015-06-01,221.98,235.95,
42157,2015-06-02,225.09,221.98,
42158,2015-06-03,226.96,225.09,
42159,2015-06-04,223.68,226.96,
42160,2015-06-05,224.88,223.68,
42162,2015-06-07,222.48,#N/A N/A,
42163,2015-06-08,228.48,224.88,
42164,2015-06-09,229.81,228.48,
42165,2015-06-10,228.46,229.81,
42166,2015-06-11,228.8,228.46,
42167,2015-06-12,229.9,228.8,
42169,2015-06-14,232.17,#N/A N/A,
42170,2015-06-15,235.93,229.9,
42171,2015-06-16,246.32,235.93,
42172,2015-06-17,250.31,246.32,
42173,2015-06-18,249.08,250.31,
42174,2015-06-19,246.04,249.08,
42176,2015-06-21,241.92,#N/A N/A,
42177,2015-06-22,247.24,246.04,
42178,2015-06-23,244.36,247.24,
42179,2015-06-24,240.98,244.36,
42180,2015-06-25,240.66,240.98,
42181,2015-06-26,241.27,240.66,
42183,2015-06-28,248.63,#N/A N/A,
42184,2015-06-29,255.53,241.27,
42185,2015-06-30,260.97,255.53,
42186,2015-07-01,258.85,260.97,
42187,2015-07-02,255.81,258.85,
42188,2015-07-03,255.22,255.81,
42190,2015-07-05,269.69,#N/A N/A,
42191,2015-07-06,273.94,255.22,
42192,2015-07-07,265.92,273.94,
42193,2015-07-08,268.05,265.92,
42194,2015-07-09,270.31,268.05,
42195,2015-07-10,287.13,270.31,
42197,2015-07-12,309.16,#N/A N/A,
42198,2015-07-13,289.49,287.13,
42199,2015-07-14,290.34,289.49,
42200,2015-07-15,290.77,290.34,
42201,2015-07-16,278.11,290.77,
42202,2015-07-17,278.27,278.11,
42204,2015-07-19,275.34,#N/A N/A,
42205,2015-07-20,277.55,278.27,
42206,2015-07-21,279.28,277.55,
42207,2015-07-22,276.53,279.28,
42208,2015-07-23,276.95,276.53,
42209,2015-07-24,288.16,276.95,
42211,2015-07-26,291.52,#N/A N/A,
42212,2015-07-27,294.93,288.16,
42213,2015-07-28,295.59,294.93,
42214,2015-07-29,291.45,295.59,
42215,2015-07-30,287.48,291.45,
42216,2015-07-31,284.69,287.48,
42218,2015-08-02,281.59,#N/A N/A,
42219,2015-08-03,283.89,284.69,
42220,2015-08-04,285.31,283.89,
42221,2015-08-05,282.83,285.31,
42222,2015-08-06,278.81,282.83,
42223,2015-08-07,279.66,278.81,
42225,2015-08-09,262.77,#N/A N/A,
42226,2015-08-10,265.13,279.66,
42227,2015-08-11,266.21,265.13,
42228,2015-08-12,269.9,266.21,
42229,2015-08-13,265.37,269.9,
42230,2015-08-14,266.56,265.37,
42232,2015-08-16,257.07,#N/A N/A,
42233,2015-08-17,257.88,266.56,
42234,2015-08-18,250.66,257.88,
42235,2015-08-19,227.11,250.66,
42236,2015-08-20,236.13,227.11,
42237,2015-08-21,233.14,236.13,
42239,2015-08-23,228.34,#N/A N/A,
42240,2015-08-24,215.17,233.14,
42241,2015-08-25,226,215.17,
42242,2015-08-26,226.84,226,
42243,2015-08-27,227.01,226.84,
42244,2015-08-28,233.59,227.01,
42246,2015-08-30,227.97,#N/A N/A,
42247,2015-08-31,230.41,233.59,
42248,2015-09-01,226.98,230.41,
42249,2015-09-02,229.2,226.98,
42250,2015-09-03,227.35,229.2,
42251,2015-09-04,231.09,227.35,
42253,2015-09-06,241.46,#N/A N/A,
42254,2015-09-07,240.78,231.09,
42255,2015-09-08,244.11,240.78,
42256,2015-09-09,239.48,244.11,
42257,2015-09-10,239.5,239.48,
42258,2015-09-11,239.9,239.5,
42260,2015-09-13,230.09,#N/A N/A,
42261,2015-09-14,231.37,239.9,
42262,2015-09-15,229.79,231.37,
42263,2015-09-16,228.14,229.79,
42264,2015-09-17,233.23,228.14,
42265,2015-09-18,233.24,233.23,
42267,2015-09-20,230.56,#N/A N/A,
42268,2015-09-21,227.48,233.24,
42269,2015-09-22,229.95,227.48,
42270,2015-09-23,230.17,229.95,
42271,2015-09-24,235.07,230.17,
42272,2015-09-25,234.61,235.07,
42274,2015-09-27,232.27,#N/A N/A,
42275,2015-09-28,237.84,234.61,
42276,2015-09-29,237.23,237.84,
42277,2015-09-30,236.99,237.23,
42278,2015-10-01,237.95,236.99,
42279,2015-10-02,237.6,237.95,
42281,2015-10-04,238.49,#N/A N/A,
42282,2015-10-05,239.61,237.6,
42283,2015-10-06,246.2,239.61,
42284,2015-10-07,245.09,246.2,
42285,2015-10-08,243.84,245.09,
42286,2015-10-09,244.5,243.84,
42288,2015-10-11,247.66,#N/A N/A,
42289,2015-10-12,245.99,244.5,
42290,2015-10-13,249.46,245.99,
42291,2015-10-14,253.76,249.46,
42292,2015-10-15,254.77,253.76,
42293,2015-10-16,260.48,254.77,
42295,2015-10-18,263.3,#N/A N/A,
42296,2015-10-19,263.97,260.48,
42297,2015-10-20,270.37,263.97,
42298,2015-10-21,268.67,270.37,
42299,2015-10-22,275.52,268.67,
42300,2015-10-23,278.12,275.52,
42302,2015-10-25,290.12,#N/A N/A,
42303,2015-10-26,286.15,278.12,
42304,2015-10-27,295.44,286.15,
42305,2015-10-28,302.06,295.44,
42306,2015-10-29,313.52,302.06,
42307,2015-10-30,323.23,313.52,
42309,2015-11-01,326.35,#N/A N/A,
42310,2015-11-02,363.76,323.23,
42311,2015-11-03,395,363.76,
42312,2015-11-04,411.96,395,
42313,2015-11-05,403.09,411.96,
42314,2015-11-06,370.07,403.09,
42316,2015-11-08,370.63,#N/A N/A,
42317,2015-11-09,376.64,370.07,
42318,2015-11-10,334.15,376.64,
42319,2015-11-11,307.53,334.15,
42320,2015-11-12,326.5,307.53,
42321,2015-11-13,332.93,326.5,
42323,2015-11-15,319.95,#N/A N/A,
42324,2015-11-16,330.33,332.93,
42325,2015-11-17,336.11,330.33,
42326,2015-11-18,337.11,336.11,
42327,2015-11-19,327.96,337.11,
42328,2015-11-20,321.27,327.96,
42330,2015-11-22,324.38,#N/A N/A,
42331,2015-11-23,324.46,321.27,
42332,2015-11-24,320.91,324.46,
42333,2015-11-25,328.16,320.91,
42334,2015-11-26,349.57,328.16,
42335,2015-11-27,359.56,349.57,
42337,2015-11-29,367.18,#N/A N/A,
42338,2015-11-30,376.82,359.56,
42339,2015-12-01,361,376.82,
42340,2015-12-02,361.14,361,
42341,2015-12-03,360.61,361.14,
42342,2015-12-04,362.4,360.61,
42344,2015-12-06,395.76,#N/A N/A,
42345,2015-12-07,393.72,362.4,
42346,2015-12-08,396.1,393.72,
42347,2015-12-09,416.11,396.1,
42348,2015-12-10,416.82,416.11,
42349,2015-12-11,450.55,416.82,
42351,2015-12-13,437.68,#N/A N/A,
42352,2015-12-14,440.51,450.55,
42353,2015-12-15,462.96,440.51,
42354,2015-12-16,457.44,462.96,
42355,2015-12-17,454.68,457.44,
42356,2015-12-18,461.66,454.68,
42358,2015-12-20,439.99,#N/A N/A,
42359,2015-12-21,434.63,461.66,
42360,2015-12-22,436.86,434.63,
42361,2015-12-23,444.79,436.86,
42362,2015-12-24,453.19,444.79,
42363,2015-12-25,455.88,453.19,
42365,2015-12-27,422.95,#N/A N/A,
42366,2015-12-28,419.21,455.88,
42367,2015-12-29,428.95,419.21,
42368,2015-12-30,427.13,428.95,
42369,2015-12-31,432.12,427.13,
42370,2016-01-01,434.35,432.12,
42372,2016-01-03,428.61,#N/A N/A,
42373,2016-01-04,434.94,434.35,
42374,2016-01-05,432.6,434.94,
42375,2016-01-06,430.8,432.6,
42376,2016-01-07,455.36,430.8,
42377,2016-01-08,452.42,455.36,
42379,2016-01-10,447.32,#N/A N/A,
42380,2016-01-11,448.92,452.42,
42381,2016-01-12,447.05,448.92,
42382,2016-01-13,428.83,447.05,
42383,2016-01-14,432.13,428.83,
42384,2016-01-15,387.31,432.13,
42386,2016-01-17,387.08,#N/A N/A,
42387,2016-01-18,383.87,387.31,
42388,2016-01-19,379.99,383.87,
42389,2016-01-20,407.11,379.99,
42390,2016-01-21,406.9,407.11,
42391,2016-01-22,379.03,406.9,
42393,2016-01-24,402.04,#N/A N/A,
42394,2016-01-25,391.32,379.03,
42395,2016-01-26,393.13,391.32,
42396,2016-01-27,394.65,393.13,
42397,2016-01-28,382.23,394.65,
42398,2016-01-29,375.2,382.23,
42400,2016-01-31,377.29,#N/A N/A,
42401,2016-02-01,370.15,375.2,
42402,2016-02-02,373.43,370.15,
42403,2016-02-03,368.69,373.43,
42404,2016-02-04,386.84,368.69,
42405,2016-02-05,384.88,386.84,
42407,2016-02-07,373.72,#N/A N/A,
42408,2016-02-08,372.42,384.88,
42409,2016-02-09,373.34,372.42,
42410,2016-02-10,377.64,373.34,
42411,2016-02-11,375.13,377.64,
42412,2016-02-12,381.62,375.13,
42414,2016-02-14,399.74,#N/A N/A,
42415,2016-02-15,396.13,381.62,
42416,2016-02-16,405.53,396.13,
42417,2016-02-17,418.59,405.53,
42418,2016-02-18,419.82,418.59,
42419,2016-02-19,418.69,419.82,
42421,2016-02-21,437.68,#N/A N/A,
42422,2016-02-22,437.25,418.69,
42423,2016-02-23,420.56,437.25,
42424,2016-02-24,423.4,420.56,
42425,2016-02-25,423.27,423.4,
42426,2016-02-26,423.96,423.27,
42428,2016-02-28,433.46,#N/A N/A,
42429,2016-02-29,433.91,423.96,
42430,2016-03-01,431.38,433.91,
42431,2016-03-02,428.02,431.38,
42432,2016-03-03,419.91,428.02,
42433,2016-03-04,411.29,419.91,
42435,2016-03-06,406.64,#N/A N/A,
42436,2016-03-07,411.91,411.29,
42437,2016-03-08,411.36,411.91,
42438,2016-03-09,411.43,411.36,
42439,2016-03-10,416.14,411.43,
42440,2016-03-11,418.65,416.14,
42442,2016-03-13,412.74,#N/A N/A,
42443,2016-03-14,413.78,418.65,
42444,2016-03-15,415.07,413.78,
42445,2016-03-16,416.63,415.07,
42446,2016-03-17,418.37,416.63,
42447,2016-03-18,405.78,418.37,
42449,2016-03-20,411.06,#N/A N/A,
42450,2016-03-21,410.76,405.78,
42451,2016-03-22,416.84,410.76,
42452,2016-03-23,418.16,416.84,
42453,2016-03-24,416.06,418.16,
42454,2016-03-25,415.92,416.06,
42456,2016-03-27,424.4,#N/A N/A,
42457,2016-03-28,421.98,415.92,
42458,2016-03-29,414.96,421.98,
42459,2016-03-30,413.53,414.96,
42460,2016-03-31,416.85,413.53,
42461,2016-04-01,416.64,416.85,
42463,2016-04-03,419.32,#N/A N/A,
42464,2016-04-04,419,416.64,
42465,2016-04-05,421.94,419,
42466,2016-04-06,421.83,421.94,
42467,2016-04-07,422,421.83,
42468,2016-04-08,419.34,422,
42470,2016-04-10,421.83,#N/A N/A,
42471,2016-04-11,422.98,419.34,
42472,2016-04-12,425.37,422.98,
42473,2016-04-13,424.6,425.37,
42474,2016-04-14,424.94,424.6,
42475,2016-04-15,429.79,424.94,
42477,2016-04-17,428.1,#N/A N/A,
42478,2016-04-18,428.56,429.79,
42479,2016-04-19,432.64,428.56,
42480,2016-04-20,442.82,432.64,
42481,2016-04-21,451.13,442.82,
42482,2016-04-22,448.56,451.13,
42484,2016-04-24,463.96,#N/A N/A,
42485,2016-04-25,468.5,448.56,
42486,2016-04-26,469.1,468.5,
42487,2016-04-27,454,469.1,
42488,2016-04-28,449.71,454,
42489,2016-04-29,455.15,449.71,
42491,2016-05-01,452.39,#N/A N/A,
42492,2016-05-02,446.11,455.15,
42493,2016-05-03,450.66,446.11,
42494,2016-05-04,447.39,450.66,
42495,2016-05-05,448.67,447.39,
42496,2016-05-06,462.1,448.67,
42498,2016-05-08,458.76,#N/A N/A,
42499,2016-05-09,462.13,462.1,
42500,2016-05-10,454.51,462.13,
42501,2016-05-11,452.52,454.51,
42502,2016-05-12,452.69,452.52,
42503,2016-05-13,456.15,452.69,
42505,2016-05-15,457.77,#N/A N/A,
42506,2016-05-16,453.16,456.15,
42507,2016-05-17,453.66,453.16,
42508,2016-05-18,454.69,453.66,
42509,2016-05-19,443.06,454.69,
42510,2016-05-20,441.56,443.06,
42512,2016-05-22,439.36,#N/A N/A,
42513,2016-05-23,442.31,441.56,
42514,2016-05-24,444.83,442.31,
42515,2016-05-25,448.14,444.83,
42516,2016-05-26,453,448.14,
42517,2016-05-27,470.89,453,
42519,2016-05-29,531.22,#N/A N/A,
42520,2016-05-30,531.25,470.89,
42521,2016-05-31,521.74,531.25,
42522,2016-06-01,535.91,521.74,
42523,2016-06-02,536.28,535.91,
42524,2016-06-03,576.55,536.28,
42526,2016-06-05,574.51,#N/A N/A,
42527,2016-06-06,581.67,576.55,
42528,2016-06-07,577.68,581.67,
42529,2016-06-08,579.79,577.68,
42530,2016-06-09,575.46,579.79,
42531,2016-06-10,578.98,575.46,
42533,2016-06-12,664.18,#N/A N/A,
42534,2016-06-13,690,578.98,
42535,2016-06-14,689.56,690,
42536,2016-06-15,693.44,689.56,
42537,2016-06-16,762.67,693.44,
42538,2016-06-17,754.37,762.67,
42540,2016-06-19,760.46,#N/A N/A,
42541,2016-06-20,740.94,754.37,
42542,2016-06-21,651.85,740.94,
42543,2016-06-22,611.11,651.85,
42544,2016-06-23,613.38,611.11,
42545,2016-06-24,657.05,613.38,
42547,2016-06-26,635.51,#N/A N/A,
42548,2016-06-27,642.87,657.05,
42549,2016-06-28,647.39,642.87,
42550,2016-06-29,638.8,647.39,
42551,2016-06-30,665.27,638.8,
42552,2016-07-01,677.36,665.27,
42554,2016-07-03,659.73,#N/A N/A,
42555,2016-07-04,675.83,677.36,
42556,2016-07-05,669.94,675.83,
42557,2016-07-06,675.16,669.94,
42558,2016-07-07,621.5,675.16,
42559,2016-07-08,660.7,621.5,
42561,2016-07-10,649.22,#N/A N/A,
42562,2016-07-11,650.39,660.7,
42563,2016-07-12,667.84,650.39,
42564,2016-07-13,662.44,667.84,
42565,2016-07-14,661.28,662.44,
42566,2016-07-15,669.01,661.28,
42568,2016-07-17,680.74,#N/A N/A,
42569,2016-07-18,673.05,669.01,
42570,2016-07-19,671.2,673.05,
42571,2016-07-20,665.58,671.2,
42572,2016-07-21,664.6,665.58,
42573,2016-07-22,657.65,664.6,
42575,2016-07-24,661.17,#N/A N/A,
42576,2016-07-25,655.94,657.65,
42577,2016-07-26,656,655.94,
42578,2016-07-27,657.22,656,
42579,2016-07-28,656,657.22,
42580,2016-07-29,657.67,656,
42582,2016-07-31,632,#N/A N/A,
42583,2016-08-01,616.76,657.67,
42584,2016-08-02,568.59,616.76,
42585,2016-08-03,568.96,568.59,
42586,2016-08-04,573.56,568.96,
42587,2016-08-05,577.23,573.56,
42589,2016-08-07,591.16,#N/A N/A,
42590,2016-08-08,593.58,577.23,
42591,2016-08-09,586.03,593.58,
42592,2016-08-10,595.34,586.03,
42593,2016-08-11,589.72,595.34,
42594,2016-08-12,586.46,589.72,
42596,2016-08-14,569.41,#N/A N/A,
42597,2016-08-15,568.23,586.46,
42598,2016-08-16,579.56,568.23,
42599,2016-08-17,573.23,579.56,
42600,2016-08-18,574.24,573.23,
42601,2016-08-19,575.4,574.24,
42603,2016-08-21,580.68,#N/A N/A,
42604,2016-08-22,585.96,575.4,
42605,2016-08-23,580.94,585.96,
42606,2016-08-24,579.12,580.94,
42607,2016-08-25,575.71,579.12,
42608,2016-08-26,577.84,575.71,
42610,2016-08-28,573.67,#N/A N/A,
42611,2016-08-29,573.2,577.84,
42612,2016-08-30,575.22,573.2,
42613,2016-08-31,572.41,575.22,
42614,2016-09-01,571.9,572.41,
42615,2016-09-02,574.23,571.9,
42617,2016-09-04,604.19,#N/A N/A,
42618,2016-09-05,607.88,574.23,
42619,2016-09-06,611.14,607.88,
42620,2016-09-07,614.55,611.14,
42621,2016-09-08,625.7,614.55,
42622,2016-09-09,620.84,625.7,
42624,2016-09-11,602.27,#N/A N/A,
42625,2016-09-12,606.92,620.84,
42626,2016-09-13,608.67,606.92,
42627,2016-09-14,609.86,608.67,
42628,2016-09-15,606.82,609.86,
42629,2016-09-16,606.86,606.82,
42631,2016-09-18,608.38,#N/A N/A,
42632,2016-09-19,609.32,606.86,
42633,2016-09-20,608.39,609.32,
42634,2016-09-21,595.31,608.39,
42635,2016-09-22,596.61,595.31,
42636,2016-09-23,602,596.61,
42638,2016-09-25,600.17,#N/A N/A,
42639,2016-09-26,606.34,602,
42640,2016-09-27,602.9,606.34,
42641,2016-09-28,604.39,602.9,
42642,2016-09-29,606.52,604.39,
42643,2016-09-30,605.99,606.52,
42645,2016-10-02,609.68,#N/A N/A,
42646,2016-10-03,612.58,605.99,
42647,2016-10-04,609.22,612.58,
42648,2016-10-05,612.79,609.22,
42649,2016-10-06,611.75,612.79,
42650,2016-10-07,617.94,611.75,
42652,2016-10-09,615.67,#N/A N/A,
42653,2016-10-10,616.89,617.94,
42654,2016-10-11,637.73,616.89,
42655,2016-10-12,634.14,637.73,
42656,2016-10-13,635.24,634.14,
42657,2016-10-14,638.58,635.24,
42659,2016-10-16,640.55,#N/A N/A,
42660,2016-10-17,637.1,638.58,
42661,2016-10-18,632.76,637.1,
42662,2016-10-19,628.47,632.76,
42663,2016-10-20,628.83,628.47,
42664,2016-10-21,630.53,628.83,
42666,2016-10-23,649.47,#N/A N/A,
42667,2016-10-24,648.56,630.53,
42668,2016-10-25,654.08,648.56,
42669,2016-10-26,669.58,654.08,
42670,2016-10-27,681.14,669.58,
42671,2016-10-28,688.36,681.14,
42673,2016-10-30,699.88,#N/A N/A,
42674,2016-10-31,702.17,688.36,
42675,2016-11-01,727.97,702.17,
42676,2016-11-02,730.21,727.97,
42677,2016-11-03,695.18,730.21,
42678,2016-11-04,698.86,695.18,
42680,2016-11-06,711.15,#N/A N/A,
42681,2016-11-07,706.9,698.86,
42682,2016-11-08,711.51,706.9,
42683,2016-11-09,717.24,711.51,
42684,2016-11-10,709.83,717.24,
42685,2016-11-11,714.94,709.83,
42687,2016-11-13,704.6,#N/A N/A,
42688,2016-11-14,706.89,714.94,
42689,2016-11-15,710.94,706.89,
42690,2016-11-16,741.01,710.94,
42691,2016-11-17,738.34,741.01,
42692,2016-11-18,743.26,738.34,
42694,2016-11-20,726.77,#N/A N/A,
42695,2016-11-21,737.46,743.26,
42696,2016-11-22,747.89,737.46,
42697,2016-11-23,739.75,747.89,
42698,2016-11-24,736.33,739.75,
42699,2016-11-25,737.69,736.33,
42701,2016-11-27,732.18,#N/A N/A,
42702,2016-11-28,731.27,737.69,
42703,2016-11-29,731.34,731.27,
42704,2016-11-30,743.26,731.34,
42705,2016-12-01,752.42,743.26,
42706,2016-12-02,774,752.42,
42708,2016-12-04,764.73,#N/A N/A,
42709,2016-12-05,753.78,774,
42710,2016-12-06,757.6,753.78,
42711,2016-12-07,766.43,757.6,
42712,2016-12-08,770.91,766.43,
42713,2016-12-09,771.14,770.91,
42715,2016-12-11,768.3,#N/A N/A,
42716,2016-12-12,777.62,771.14,
42717,2016-12-13,781.51,777.62,
42718,2016-12-14,777.97,781.51,
42719,2016-12-15,776.71,777.97,
42720,2016-12-16,780.68,776.71,
42722,2016-12-18,789.84,#N/A N/A,
42723,2016-12-19,790.38,780.68,
42724,2016-12-20,793.04,790.38,
42725,2016-12-21,825.33,793.04,
42726,2016-12-22,861.51,825.33,
42727,2016-12-23,904.48,861.51,
42729,2016-12-25,890.9,#N/A N/A,
42730,2016-12-26,898.25,904.48,
42731,2016-12-27,931.73,898.25,
42732,2016-12-28,967.36,931.73,
42733,2016-12-29,968.09,967.36,
42734,2016-12-30,952.01,968.09,
42736,2017-01-01,1003,#N/A N/A,
42737,2017-01-02,1012.35,952.01,
42738,2017-01-03,1024.38,1012.35,
42739,2017-01-04,1091.66,1024.38,
42740,2017-01-05,971.26,1091.66,
42741,2017-01-06,898.16,971.26,
42743,2017-01-08,917.41,#N/A N/A,
42744,2017-01-09,897.51,898.16,
42745,2017-01-10,909.81,897.51,
42746,2017-01-11,789.11,909.81,
42747,2017-01-12,827.63,789.11,
42748,2017-01-13,830.7,827.63,
42750,2017-01-15,822.2,#N/A N/A,
42751,2017-01-16,833.1,830.7,
42752,2017-01-17,898.92,833.1,
42753,2017-01-18,875.76,898.92,
42754,2017-01-19,907.31,875.76,
42755,2017-01-20,898.86,907.31,
42757,2017-01-22,920.85,#N/A N/A,
42758,2017-01-23,921.64,898.86,
42759,2017-01-24,898.19,921.64,
42760,2017-01-25,895.34,898.19,
42761,2017-01-26,914.19,895.34,
42762,2017-01-27,919.95,914.19,
42764,2017-01-29,917.01,#N/A N/A,
42765,2017-01-30,922.79,919.95,
42766,2017-01-31,961.69,922.79,
42767,2017-02-01,979.37,961.69,
42768,2017-02-02,1010.14,979.37,
42769,2017-02-03,1011.67,1010.14,
42771,2017-02-05,1013.48,#N/A N/A,
42772,2017-02-06,1025.29,1011.67,
42773,2017-02-07,1052.19,1025.29,
42774,2017-02-08,1060.55,1052.19,
42775,2017-02-09,977.4,1060.55,
42776,2017-02-10,1004.03,977.4,
42778,2017-02-12,1002.11,#N/A N/A,
42779,2017-02-13,1002.4,1004.03,
42780,2017-02-14,1011.27,1002.4,
42781,2017-02-15,1015.44,1011.27,
42782,2017-02-16,1038.54,1015.44,
42783,2017-02-17,1058.86,1038.54,
42785,2017-02-19,1055.12,#N/A N/A,
42786,2017-02-20,1064.11,1058.86,
42787,2017-02-21,1115.67,1064.11,
42788,2017-02-22,1129.3,1115.67,
42789,2017-02-23,1164.1,1129.3,
42790,2017-02-24,1177.28,1164.1,
42792,2017-02-26,1177.78,#N/A N/A,
42793,2017-02-27,1194.26,1177.28,
42794,2017-02-28,1192.7,1194.26,
42795,2017-03-01,1225.32,1192.7,
42796,2017-03-02,1257.94,1225.32,
42797,2017-03-03,1277.39,1257.94,
42799,2017-03-05,1277.57,#N/A N/A,
42800,2017-03-06,1277.65,1277.39,
42801,2017-03-07,1245,1277.65,
42802,2017-03-08,1165.19,1245,
42803,2017-03-09,1199.86,1165.19,
42804,2017-03-10,1100.56,1199.86,
42806,2017-03-12,1223.39,#N/A N/A,
42807,2017-03-13,1237.5,1100.56,
42808,2017-03-14,1253.21,1237.5,
42809,2017-03-15,1251.57,1253.21,
42810,2017-03-16,1148.5,1251.57,
42811,2017-03-17,1096.91,1148.5,
42813,2017-03-19,1039.64,#N/A N/A,
42814,2017-03-20,1023.8,1096.91,
42815,2017-03-21,1092.56,1023.8,
42816,2017-03-22,1009.31,1092.56,
42817,2017-03-23,1038.9,1009.31,
42818,2017-03-24,960.74,1038.9,
42820,2017-03-26,974.59,#N/A N/A,
42821,2017-03-27,1023.73,960.74,
42822,2017-03-28,1030.17,1023.73,
42823,2017-03-29,1039.32,1030.17,
42824,2017-03-30,1035.44,1039.32,
42825,2017-03-31,1074.69,1035.44,
42827,2017-04-02,1109.08,#N/A N/A,
42828,2017-04-03,1153.83,1074.69,
42829,2017-04-04,1138.86,1153.83,
42830,2017-04-05,1128.13,1138.86,
42831,2017-04-06,1199.17,1128.13,
42832,2017-04-07,1199.24,1199.17,
42834,2017-04-09,1210.11,#N/A N/A,
42835,2017-04-10,1203.1,1199.24,
42836,2017-04-11,1226.7,1203.1,
42837,2017-04-12,1216.07,1226.7,
42838,2017-04-13,1170.01,1216.07,
42839,2017-04-14,1183.59,1170.01,
42841,2017-04-16,1180.36,#N/A N/A,
42842,2017-04-17,1193.94,1183.59,
42843,2017-04-18,1204.67,1193.94,
42844,2017-04-19,1206.45,1204.67,
42845,2017-04-20,1240.02,1206.45,
42846,2017-04-21,1242.73,1240.02,
42848,2017-04-23,1245.74,#N/A N/A,
42849,2017-04-24,1255.91,1242.73,
42850,2017-04-25,1281.47,1255.91,
42851,2017-04-26,1294.3,1281.47,
42852,2017-04-27,1347.91,1294.3,
42853,2017-04-28,1304.91,1347.91,
42855,2017-04-30,1356.03,#N/A N/A,
42856,2017-05-01,1435.89,1304.91,
42857,2017-05-02,1439.45,1435.89,
42858,2017-05-03,1516.69,1439.45,
42859,2017-05-04,1502.29,1516.69,
42860,2017-05-05,1529.41,1502.29,
42862,2017-05-07,1556.06,#N/A N/A,
42863,2017-05-08,1657.55,1529.41,
42864,2017-05-09,1712.16,1657.55,
42865,2017-05-10,1776.34,1712.16,
42866,2017-05-11,1820.84,1776.34,
42867,2017-05-12,1691.8,1820.84,
42869,2017-05-14,1790.31,#N/A N/A,
42870,2017-05-15,1719.63,1691.8,
42871,2017-05-16,1769.41,1719.63,
42872,2017-05-17,1816.73,1769.41,
42873,2017-05-18,1883.04,1816.73,
42874,2017-05-19,1938.04,1883.04,
42876,2017-05-21,2011.23,#N/A N/A,
42877,2017-05-22,2149.63,1938.04,
42878,2017-05-23,2216.18,2149.63,
42879,2017-05-24,2435.88,2216.18,
42880,2017-05-25,2465.54,2435.88,
42881,2017-05-26,2268.7,2465.54,
42883,2017-05-28,2118.76,#N/A N/A,
42884,2017-05-29,2306.61,2268.7,
42885,2017-05-30,2249.94,2306.61,
42886,2017-05-31,2286.1,2249.94,
42887,2017-06-01,2410.55,2286.1,
42888,2017-06-02,2430.83,2410.55,
42890,2017-06-04,2504.5,#N/A N/A,
42891,2017-06-05,2663.5,2430.83,
42892,2017-06-06,2871.13,2663.5,
42893,2017-06-07,2738.88,2871.13,
42894,2017-06-08,2749.46,2738.88,
42895,2017-06-09,2834.48,2749.46,
42897,2017-06-11,2922.82,#N/A N/A,
42898,2017-06-12,2599.16,2834.48,
42899,2017-06-13,2701.55,2599.16,
42900,2017-06-14,2552.48,2701.55,
42901,2017-06-15,2361.34,2552.48,
42902,2017-06-16,2484.65,2361.34,
42904,2017-06-18,2471.55,#N/A N/A,
42905,2017-06-19,2573.17,2484.65,
42906,2017-06-20,2749.63,2573.17,
42907,2017-06-21,2659.27,2749.63,
42908,2017-06-22,2671.67,2659.27,
42909,2017-06-23,2707.64,2671.67,
42911,2017-06-25,2472.48,#N/A N/A,
42912,2017-06-26,2347.32,2707.64,
42913,2017-06-27,2457.46,2347.32,
42914,2017-06-28,2593.58,2457.46,
42915,2017-06-29,2558.28,2593.58,
42916,2017-06-30,2502.5,2558.28,
42918,2017-07-02,2497.65,#N/A N/A,
42919,2017-07-03,2557.75,2502.5,
42920,2017-07-04,2575.53,2557.75,
42921,2017-07-05,2611.09,2575.53,
42922,2017-07-06,2597.68,2611.09,
42923,2017-07-07,2514.87,2597.68,
42925,2017-07-09,2527.97,#N/A N/A,
42926,2017-07-10,2384.54,2514.87,
42927,2017-07-11,2328.94,2384.54,
42928,2017-07-12,2382.02,2328.94,
42929,2017-07-13,2337.69,2382.02,
42930,2017-07-14,2159.05,2337.69,
42932,2017-07-16,1865.67,#N/A N/A,
42933,2017-07-17,2174.02,2159.05,
42934,2017-07-18,2348.48,2174.02,
42935,2017-07-19,2255,2348.48,
42936,2017-07-20,2729.32,2255,
42937,2017-07-21,2640.5,2729.32,
42939,2017-07-23,2785,#N/A N/A,
42940,2017-07-24,2760.01,2640.5,
42941,2017-07-25,2468.53,2760.01,
42942,2017-07-26,2503.29,2468.53,
42943,2017-07-27,2583.77,2503.29,
42944,2017-07-28,2755.65,2583.77,
42946,2017-07-30,2717.71,#N/A N/A,
42947,2017-07-31,2886.71,2755.65,
42948,2017-08-01,2740.99,2886.71,
42949,2017-08-02,2691.01,2740.99,
42950,2017-08-03,2781.45,2691.01,
42951,2017-08-04,2832,2781.45,
42953,2017-08-06,3265.55,#N/A N/A,
42954,2017-08-07,3341.29,2832,
42955,2017-08-08,3447.35,3341.29,
42956,2017-08-09,3361.7,3447.35,
42957,2017-08-10,3424.49,3361.7,
42958,2017-08-11,3588.05,3424.49,
42960,2017-08-13,4010.46,#N/A N/A,
42961,2017-08-14,4262.99,3588.05,
42962,2017-08-15,4071.6,4262.99,
42963,2017-08-16,4350.42,4071.6,
42964,2017-08-17,4330.12,4350.42,
42965,2017-08-18,4022.75,4330.12,
42967,2017-08-20,4124.91,#N/A N/A,
42968,2017-08-21,3997.99,4022.75,
42969,2017-08-22,4073.01,3997.99,
42970,2017-08-23,4134.37,4073.01,
42971,2017-08-24,4234,4134.37,
42972,2017-08-25,4329.03,4234,
42974,2017-08-27,4362.85,#N/A N/A,
42975,2017-08-28,4339.74,4329.03,
42976,2017-08-29,4597.02,4339.74,
42977,2017-08-30,4574.99,4597.02,
42978,2017-08-31,4741.39,4574.99,
42979,2017-09-01,4880.85,4741.39,
42981,2017-09-03,4580.98,#N/A N/A,
42982,2017-09-04,4362.08,4880.85,
42983,2017-09-05,4458.44,4362.08,
42984,2017-09-06,4569.25,4458.44,
42985,2017-09-07,4575.48,4569.25,
42986,2017-09-08,4247.55,4575.48,
42988,2017-09-10,4289.22,#N/A N/A,
42989,2017-09-11,4192.47,4247.55,
42990,2017-09-12,4179.95,4192.47,
42991,2017-09-13,3897.95,4179.95,
42992,2017-09-14,3391.25,3897.95,
42993,2017-09-15,3722.68,3391.25,
42995,2017-09-17,3747.8,#N/A N/A,
42996,2017-09-18,4006.56,3722.68,
42997,2017-09-19,3905.56,4006.56,
42998,2017-09-20,3957.01,3905.56,
42999,2017-09-21,3647.5,3957.01,
43000,2017-09-22,3615.1,3647.5,
43002,2017-09-24,3669.78,#N/A N/A,
43003,2017-09-25,3941.31,3615.1,
43004,2017-09-26,3908.25,3941.31,
43005,2017-09-27,4154.27,3908.25,
43006,2017-09-28,4164.5,4154.27,
43007,2017-09-29,4171.25,4164.5,
43009,2017-10-01,4335.84,#N/A N/A,
43010,2017-10-02,4391.34,4171.25,
43011,2017-10-03,4283.49,4391.34,
43012,2017-10-04,4200.44,4283.49,
43013,2017-10-05,4347.1,4200.44,
43014,2017-10-06,4339.4,4347.1,
43016,2017-10-08,4583.01,#N/A N/A,
43017,2017-10-09,4841.19,4339.4,
43018,2017-10-10,4873.1,4841.19,
43019,2017-10-11,4826.85,4873.1,
43020,2017-10-12,5317.43,4826.85,
43021,2017-10-13,5614.64,5317.43,
43023,2017-10-15,5524.56,#N/A N/A,
43024,2017-10-16,5678.73,5614.64,
43025,2017-10-17,5577.3,5678.73,
43026,2017-10-18,5507.01,5577.3,
43027,2017-10-19,5700.17,5507.01,
43028,2017-10-20,5973.19,5700.17,
43030,2017-10-22,5881.65,#N/A N/A,
43031,2017-10-23,5911.12,5973.19,
43032,2017-10-24,5593.52,5911.12,
43033,2017-10-25,5679.54,5593.52,
43034,2017-10-26,5842.24,5679.54,
43035,2017-10-27,5753.71,5842.24,
43037,2017-10-29,6176.91,#N/A N/A,
43038,2017-10-30,6099.6,5753.71,
43039,2017-10-31,6377.45,6099.6,
43040,2017-11-01,6580,6377.45,
43041,2017-11-02,7057.82,6580,
43042,2017-11-03,7228.65,7057.82,
43044,2017-11-05,7369.78,#N/A N/A,
43045,2017-11-06,7127.39,7228.65,
43046,2017-11-07,7074.84,7127.39,
43047,2017-11-08,7260.63,7074.84,
43048,2017-11-09,7120.48,7260.63,
43049,2017-11-10,6581.83,7120.48,
43051,2017-11-12,5893.08,#N/A N/A,
43052,2017-11-13,6506.62,6581.83,
43053,2017-11-14,6590.9,6506.62,
43054,2017-11-15,7291.96,6590.9,
43055,2017-11-16,7892.22,7291.96,
43056,2017-11-17,7701.88,7892.22,
43058,2017-11-19,8019.16,#N/A N/A,
43059,2017-11-20,8245.04,7701.88,
43060,2017-11-21,8134.25,8245.04,
43061,2017-11-22,8203.84,8134.25,
43062,2017-11-23,8166.19,8203.84,
43063,2017-11-24,8249.34,8166.19,
43065,2017-11-26,9387.66,#N/A N/A,
43066,2017-11-27,9652.66,8249.34,
43067,2017-11-28,9944.74,9652.66,
43068,2017-11-29,10193.45,9944.74,
43069,2017-11-30,9653.93,10193.45,
43070,2017-12-01,10899.25,9653.93,
43072,2017-12-03,10930.29,#N/A N/A,
43073,2017-12-04,11500.01,10899.25,
43074,2017-12-05,11776.95,11500.01,
43075,2017-12-06,13346.75,11776.95,
43076,2017-12-07,16051.08,13346.75,
43077,2017-12-08,15644,16051.08,
43079,2017-12-10,14705.41,#N/A N/A,
43080,2017-12-11,17148.2,15644,
43081,2017-12-12,17248.22,17148.2,
43082,2017-12-13,16752,17248.22,
43083,2017-12-14,16503.72,16752,
43084,2017-12-15,17630.12,16503.72,
43086,2017-12-17,19041.63,#N/A N/A,
43087,2017-12-18,18674.48,17630.12,
43088,2017-12-19,16964.39,18674.48,
43089,2017-12-20,16210.13,16964.39,
43090,2017-12-21,15385.2,16210.13,
43091,2017-12-22,14239.65,15385.2,
43093,2017-12-24,13147.99,#N/A N/A,
43094,2017-12-25,13768.02,14239.65,
43095,2017-12-26,15925,13768.02,
43096,2017-12-27,15189.39,15925,
43097,2017-12-28,13939.48,15189.39,
43098,2017-12-29,14310.94,13939.48,
43100,2017-12-31,14043.06,#N/A N/A,
43101,2018-01-01,13624.57,14310.94,
43102,2018-01-02,14784.6,13624.57,
43103,2018-01-03,15055.23,14784.6,
43104,2018-01-04,14946.35,15055.23,
43105,2018-01-05,16753.24,14946.35,
43107,2018-01-07,16200,#N/A N/A,
43108,2018-01-08,14935.7,16753.24,
43109,2018-01-09,14554.08,14935.7,
43110,2018-01-10,14494.74,14554.08,
43111,2018-01-11,13462.98,14494.74,
43112,2018-01-12,13746.58,13462.98,
43114,2018-01-14,13383.28,#N/A N/A,
43115,2018-01-15,13916.82,13746.58,
43116,2018-01-16,10720,13916.82,
43117,2018-01-17,11376.69,10720,
43118,2018-01-18,11605.5,11376.69,
43119,2018-01-19,11366.61,11605.5,
43121,2018-01-21,11366.62,#N/A N/A,
43122,2018-01-22,10354,11366.61,
43123,2018-01-23,10981.05,10354,
43124,2018-01-24,11213.37,10981.05,
43125,2018-01-25,11256.52,11213.37,
43126,2018-01-26,10874.79,11256.52,
43128,2018-01-28,11755.16,#N/A N/A,
43129,2018-01-29,11207,10874.79,
43130,2018-01-30,10086.8,11207,
43131,2018-01-31,9962.31,10086.8,
43132,2018-02-01,9094.2,9962.31,
43133,2018-02-02,8570,9094.2,
43135,2018-02-04,8077.39,#N/A N/A,
43136,2018-02-05,7100.87,8570,
43137,2018-02-06,7764.6,7100.87,
43138,2018-02-07,8087.51,7764.6,
43139,2018-02-08,8171.19,8087.51,
43140,2018-02-09,8552.65,8171.19,
43142,2018-02-11,8315.1,#N/A N/A,
43143,2018-02-12,8831.25,8552.65,
43144,2018-02-13,8557.91,8831.25,
43145,2018-02-14,9287.96,8557.91,
43146,2018-02-15,9873.45,9287.96,
43147,2018-02-16,10088.2,9873.45,
43149,2018-02-18,10784.81,#N/A N/A,
43150,2018-02-19,11081.41,10088.2,
43151,2018-02-20,11705.73,11081.41,
43152,2018-02-21,10286.84,11705.73,
43153,2018-02-22,9915.69,10286.84,
43154,2018-02-23,9920.01,9915.69,
43156,2018-02-25,9596.64,#N/A N/A,
43157,2018-02-26,10380.3,9920.01,
43158,2018-02-27,10755.9,10380.3,
43159,2018-02-28,10538.02,10755.9,
43160,2018-03-01,10933.75,10538.02,
43161,2018-03-02,11029.95,10933.75,
43163,2018-03-04,11400.19,#N/A N/A,
43164,2018-03-05,11555.99,11029.95,
43165,2018-03-06,10790.35,11555.99,
43166,2018-03-07,9939.53,10790.35,
43167,2018-03-08,9330.23,9939.53,
43168,2018-03-09,9004.84,9330.23,
43170,2018-03-11,9613.95,#N/A N/A,
43171,2018-03-12,9017.65,9004.84,
43172,2018-03-13,9062.92,9017.65,
43173,2018-03-14,8304.32,9062.92,
43174,2018-03-15,8251.71,8304.32,
43175,2018-03-16,8524.17,8251.71,
43177,2018-03-18,7655.03,#N/A N/A,
43178,2018-03-19,8427.2,8524.17,
43179,2018-03-20,8920.33,8427.2,
43180,2018-03-21,8895.59,8920.33,
43181,2018-03-22,8598.85,8895.59,
43182,2018-03-23,8616.25,8598.85,
43184,2018-03-25,8605.14,#N/A N/A,
43185,2018-03-26,7888.84,8616.25,
43186,2018-03-27,7990.87,7888.84,
43187,2018-03-28,7906.96,7990.87,
43188,2018-03-29,7098.14,7906.96,
43189,2018-03-30,6852.51,7098.14,
43191,2018-04-01,6890.64,#N/A N/A,
43192,2018-04-02,6937.38,6852.51,
43193,2018-04-03,7401.4,6937.38,
43194,2018-04-04,6830.76,7401.4,
43195,2018-04-05,6749.55,6830.76,
43196,2018-04-06,6604.48,6749.55,
43198,2018-04-08,6955.33,#N/A N/A,
43199,2018-04-09,6662.14,6604.48,
43200,2018-04-10,6839.62,6662.14,
43201,2018-04-11,6891.03,6839.62,
43202,2018-04-12,7730.47,6891.03,
43203,2018-04-13,7903.91,7730.47,
43205,2018-04-15,8287.52,#N/A N/A,
43206,2018-04-16,7986.06,7903.91,
43207,2018-04-17,7914.7,7986.06,
43208,2018-04-18,8187.53,7914.7,
43209,2018-04-19,8233.85,8187.53,
43210,2018-04-20,8524.52,8233.85,
43212,2018-04-22,8893.04,#N/A N/A,
43213,2018-04-23,8932.25,8524.52,
43214,2018-04-24,9449.88,8932.25,
43215,2018-04-25,9073.19,9449.88,
43216,2018-04-26,9118.96,9073.19,
43217,2018-04-27,8977.07,9118.96,
43219,2018-04-29,9295.78,#N/A N/A,
43220,2018-04-30,9272.7,8977.07,
43221,2018-05-01,9015.73,9272.7,
43222,2018-05-02,9175.76,9015.73,
43223,2018-05-03,9652.04,9175.76,
43224,2018-05-04,9683.54,9652.04,
43226,2018-05-06,9514.36,#N/A N/A,
43227,2018-05-07,9437.62,9683.54,
43228,2018-05-08,9160.97,9437.62,
43229,2018-05-09,9248.19,9160.97,
43230,2018-05-10,9092.67,9248.19,
43231,2018-05-11,8432.01,9092.67,
43233,2018-05-13,8714.52,#N/A N/A,
43234,2018-05-14,8811.66,8432.01,
43235,2018-05-15,8518.76,8811.66,
43236,2018-05-16,8291.23,8518.76,
43237,2018-05-17,8204.05,8291.23,
43238,2018-05-18,8229.58,8204.05,
43240,2018-05-20,8554.55,#N/A N/A,
43241,2018-05-21,8406.89,8229.58,
43242,2018-05-22,8108.52,8406.89,
43243,2018-05-23,7590,8108.52,
43244,2018-05-24,7552.45,7590,
43245,2018-05-25,7448.08,7552.45,
43247,2018-05-27,7314.74,#N/A N/A,
43248,2018-05-28,7214.8,7448.08,
43249,2018-05-29,7501.54,7214.8,
43250,2018-05-30,7337.26,7501.54,
43251,2018-05-31,7538.28,7337.26,
43252,2018-06-01,7437.74,7538.28,
43254,2018-06-03,7724.98,#N/A N/A,
43255,2018-06-04,7525.77,7437.74,
43256,2018-06-05,7629.53,7525.77,
43257,2018-06-06,7619.32,7629.53,
43258,2018-06-07,7660.06,7619.32,
43259,2018-06-08,7646.28,7660.06,
43261,2018-06-10,6710.06,#N/A N/A,
43262,2018-06-11,6760.89,7646.28,
43263,2018-06-12,6531.39,6760.89,
43264,2018-06-13,6260.96,6531.39,
43265,2018-06-14,6658.78,6260.96,
43266,2018-06-15,6497.97,6658.78,
43268,2018-06-17,6491,#N/A N/A,
43269,2018-06-18,6727.55,6497.97,
43270,2018-06-19,6695.44,6727.55,
43271,2018-06-20,6748.89,6695.44,
43272,2018-06-21,6719.47,6748.89,
43273,2018-06-22,6070.19,6719.47,
43275,2018-06-24,6189.28,#N/A N/A,
43276,2018-06-25,6250.81,6070.19,
43277,2018-06-26,6181.64,6250.81,
43278,2018-06-27,6124.96,6181.64,
43279,2018-06-28,6044.92,6124.96,
43280,2018-06-29,5899.64,6044.92,
43282,2018-07-01,6348.59,#N/A N/A,
43283,2018-07-02,6620.01,5899.64,
43284,2018-07-03,6613.86,6620.01,
43285,2018-07-04,6686.23,6613.86,
43286,2018-07-05,6507.68,6686.23,
43287,2018-07-06,6570.76,6507.68,
43289,2018-07-08,6743,#N/A N/A,
43290,2018-07-09,6695.86,6570.76,
43291,2018-07-10,6387.83,6695.86,
43292,2018-07-11,6354.19,6387.83,
43293,2018-07-12,6172.95,6354.19,
43294,2018-07-13,6185.23,6172.95,
43296,2018-07-15,6372.23,#N/A N/A,
43297,2018-07-16,6661.85,6185.23,
43298,2018-07-17,7314,6661.85,
43299,2018-07-18,7336.6,7314,
43300,2018-07-19,7418.83,7336.6,
43301,2018-07-20,7351.07,7418.83,
43303,2018-07-22,7523.48,#N/A N/A,
43304,2018-07-23,7702.88,7351.07,
43305,2018-07-24,8227.05,7702.88,
43306,2018-07-25,8176.35,8227.05,
43307,2018-07-26,8138.47,8176.35,
43308,2018-07-27,8225.12,8138.47,
43310,2018-07-29,8193.47,#N/A N/A,
43311,2018-07-30,8146.16,8225.12,
43312,2018-07-31,7689.43,8146.16,
43313,2018-08-01,7482.23,7689.43,
43314,2018-08-02,7546.53,7482.23,
43315,2018-08-03,7388.58,7546.53,
43317,2018-08-05,7049.57,#N/A N/A,
43318,2018-08-06,6919.84,7388.58,
43319,2018-08-07,6877.76,6919.84,
43320,2018-08-08,6316.9,6877.76,
43321,2018-08-09,6507.67,6316.9,
43322,2018-08-10,6191.24,6507.67,
43324,2018-08-12,6339.47,#N/A N/A,
43325,2018-08-13,6277.69,6191.24,
43326,2018-08-14,6074.26,6277.69,
43327,2018-08-15,6374.87,6074.26,
43328,2018-08-16,6255.1,6374.87,
43329,2018-08-17,6480.85,6255.1,
43331,2018-08-19,6536.55,#N/A N/A,
43332,2018-08-20,6455.22,6480.85,
43333,2018-08-21,6451.86,6455.22,
43334,2018-08-22,6331.13,6451.86,
43335,2018-08-23,6418.67,6331.13,
43336,2018-08-24,6611.44,6418.67,
43338,2018-08-26,6678.58,#N/A N/A,
43339,2018-08-27,6719.04,6611.44,
43340,2018-08-28,7083.46,6719.04,
43341,2018-08-29,7042.05,7083.46,
43342,2018-08-30,6916.68,7042.05,
43343,2018-08-31,7044.6,6916.68,
43345,2018-09-02,7280.88,#N/A N/A,
43346,2018-09-03,7298.59,7044.6,
43347,2018-09-04,7361.57,7298.59,
43348,2018-09-05,6949.01,7361.57,
43349,2018-09-06,6440.22,6949.01,
43350,2018-09-07,6446.93,6440.22,
43352,2018-09-09,6386.93,#N/A N/A,
43353,2018-09-10,6301.63,6446.93,
43354,2018-09-11,6253.25,6301.63,
43355,2018-09-12,6305.47,6253.25,
43356,2018-09-13,6467.47,6305.47,
43357,2018-09-14,6535.01,6467.47,
43359,2018-09-16,6500.09,#N/A N/A,
43360,2018-09-17,6216.01,6535.01,
43361,2018-09-18,6317.7,6216.01,
43362,2018-09-19,6423.81,6317.7,
43363,2018-09-20,6377.21,6423.81,
43364,2018-09-21,6708.69,6377.21,
43366,2018-09-23,6676.59,#N/A N/A,
43367,2018-09-24,6626.29,6708.69,
43368,2018-09-25,6386.6,6626.29,
43369,2018-09-26,6497.72,6386.6,
43370,2018-09-27,6694.08,6497.72,
43371,2018-09-28,6643.42,6694.08,
43373,2018-09-30,6561.3,#N/A N/A,
43374,2018-10-01,6550.06,6643.42,
43375,2018-10-02,6524.3,6550.06,
43376,2018-10-03,6438.41,6524.3,
43377,2018-10-04,6546.01,6438.41,
43378,2018-10-05,6539.04,6546.01,
43380,2018-10-07,6532.65,#N/A N/A,
43381,2018-10-08,6623.01,6539.04,
43382,2018-10-09,6579.83,6623.01,
43383,2018-10-10,6534.38,6579.83,
43384,2018-10-11,6204.33,6534.38,
43385,2018-10-12,6214.23,6204.33,
43387,2018-10-14,6217.26,#N/A N/A,
43388,2018-10-15,6390.7,6214.23,
43389,2018-10-16,6460.39,6390.7,
43390,2018-10-17,6437.85,6460.39,
43391,2018-10-18,6392.22,6437.85,
43392,2018-10-19,6384.37,6392.22,
43394,2018-10-21,6438.3,#N/A N/A,
43395,2018-10-22,6413.52,6384.37,
43396,2018-10-23,6390.78,6413.52,
43397,2018-10-24,6425.61,6390.78,
43398,2018-10-25,6400.44,6425.61,
43399,2018-10-26,6401.99,6400.44,
43401,2018-10-28,6395.61,#N/A N/A,
43402,2018-10-29,6243.46,6401.99,
43403,2018-10-30,6265.27,6243.46,
43404,2018-10-31,6302.4,6265.27,
43405,2018-11-01,6335.36,6302.4,
43406,2018-11-02,6351.1,6335.36,
43408,2018-11-04,6413.12,#N/A N/A,
43409,2018-11-05,6400.96,6351.1,
43410,2018-11-06,6420.95,6400.96,
43411,2018-11-07,6501.65,6420.95,
43412,2018-11-08,6419.5,6501.65,
43413,2018-11-09,6326.2,6419.5,
43415,2018-11-11,6314.2,#N/A N/A,
43416,2018-11-12,6309.96,6326.2,
43417,2018-11-13,6280.74,6309.96,
43418,2018-11-14,5551.06,6280.74,
43419,2018-11-15,5469.65,5551.06,
43420,2018-11-16,5451.72,5469.65,
43422,2018-11-18,5543.73,#N/A N/A,
43423,2018-11-19,4785.55,5451.72,
43424,2018-11-20,4337.68,4785.55,
43425,2018-11-21,4450.42,4337.68,
43426,2018-11-22,4427.83,4450.42,
43427,2018-11-23,4260.57,4427.83,
43429,2018-11-25,4048.03,#N/A N/A,
43430,2018-11-26,3663.84,4260.57,
43431,2018-11-27,3767.37,3663.84,
43432,2018-11-28,4221.02,3767.37,
43433,2018-11-29,4183.59,4221.02,
43434,2018-11-30,3930.38,4183.59,
43436,2018-12-02,4148.09,#N/A N/A,
43437,2018-12-03,3870.97,3930.38,
43438,2018-12-04,3898.03,3870.97,
43439,2018-12-05,3723.53,3898.03,
43440,2018-12-06,3596.41,3723.53,
43441,2018-12-07,3388.91,3596.41,
43443,2018-12-09,3526.26,#N/A N/A,
43444,2018-12-10,3400.92,3388.91,
43445,2018-12-11,3373.78,3400.92,
43446,2018-12-12,3440.18,3373.78,
43447,2018-12-13,3254.81,3440.18,
43448,2018-12-14,3156.89,3254.81,
43450,2018-12-16,3203.6,#N/A N/A,
43451,2018-12-17,3493.65,3156.89,
43452,2018-12-18,3535.18,3493.65,
43453,2018-12-19,3668.85,3535.18,
43454,2018-12-20,3993.58,3668.85,
43455,2018-12-21,3848.6,3993.58,
43457,2018-12-23,3949.83,#N/A N/A,
43458,2018-12-24,4063.94,3848.6,
43459,2018-12-25,3789.31,4063.94,
43460,2018-12-26,3775.48,3789.31,
43461,2018-12-27,3585.43,3775.48,
43462,2018-12-28,3892.14,3585.43,
43464,2018-12-30,3821.31,#N/A N/A,
43465,2018-12-31,3674.18,3892.14,
43466,2019-01-01,3720.6,3674.18,
43467,2019-01-02,3884.98,3720.6,
43468,2019-01-03,3794.92,3884.98,
43469,2019-01-04,3833.53,3794.92,
43471,2019-01-06,4031.29,#N/A N/A,
43472,2019-01-07,4005.34,3833.53,
43473,2019-01-08,4000.42,4005.34,
43474,2019-01-09,4003.99,4000.42,
43475,2019-01-10,3630.86,4003.99,
43476,2019-01-11,3649.22,3630.86,
43478,2019-01-13,3516.03,#N/A N/A,
43479,2019-01-14,3663.59,3649.22,
43480,2019-01-15,3568.48,3663.59,
43481,2019-01-16,3603.49,3568.48,
43482,2019-01-17,3624.82,3603.49,
43483,2019-01-18,3612.39,3624.82,
43485,2019-01-20,3538.45,#N/A N/A,
43486,2019-01-21,3521.04,3612.39,
43487,2019-01-22,3574.52,3521.04,
43488,2019-01-23,3544.51,3574.52,
43489,2019-01-24,3570.93,3544.51,
43490,2019-01-25,3558.51,3570.93,
43492,2019-01-27,3541.27,#N/A N/A,
43493,2019-01-28,3417.04,3558.51,
43494,2019-01-29,3401.14,3417.04,
43495,2019-01-30,3432.64,3401.14,
43496,2019-01-31,3417.04,3432.64,
43497,2019-02-01,3448.51,3417.04,
43499,2019-02-03,3395.68,#N/A N/A,
43500,2019-02-04,3417.03,3448.51,
43501,2019-02-05,3422.6,3417.03,
43502,2019-02-06,3366.32,3422.6,
43503,2019-02-07,3358.91,3366.32,
43504,2019-02-08,3594.91,3358.91,
43506,2019-02-10,3605.5,#N/A N/A,
43507,2019-02-11,3591.59,3594.91,
43508,2019-02-12,3576.31,3591.59,
43509,2019-02-13,3571.42,3576.31,
43510,2019-02-14,3570.02,3571.42,
43511,2019-02-15,3564.79,3570.02,
43513,2019-02-17,3585.56,#N/A N/A,
43514,2019-02-18,3852.25,3564.79,
43515,2019-02-19,3887.89,3852.25,
43516,2019-02-20,3912.98,3887.89,
43517,2019-02-21,3897.72,3912.98,
43518,2019-02-22,3941.75,3897.72,
43520,2019-02-24,3787.61,#N/A N/A,
43521,2019-02-25,3805.67,3941.75,
43522,2019-02-26,3790.19,3805.67,
43523,2019-02-27,3749.38,3790.19,
43524,2019-02-28,3802.53,3749.38,
43525,2019-03-01,3828.22,3802.53,
43527,2019-03-03,3788.98,#N/A N/A,
43528,2019-03-04,3699.76,3828.22,
43529,2019-03-05,3833.97,3699.76,
43530,2019-03-06,3845.71,3833.97,
43531,2019-03-07,3871.42,3845.71,
43532,2019-03-08,3868.84,3871.42,
43534,2019-03-10,3896.7,#N/A N/A,
43535,2019-03-11,3847.91,3868.84,
43536,2019-03-12,3865.41,3847.91,
43537,2019-03-13,3852.32,3865.41,
43538,2019-03-14,3851.57,3852.32,
43539,2019-03-15,3897.41,3851.57,
43541,2019-03-17,3975.48,#N/A N/A,
43542,2019-03-18,3971.19,3897.41,
43543,2019-03-19,3991.47,3971.19,
43544,2019-03-20,4009.47,3991.47,
43545,2019-03-21,3973.24,4009.47,
43546,2019-03-22,3977.74,3973.24,
43548,2019-03-24,3958.02,#N/A N/A,
43549,2019-03-25,3887.56,3977.74,
43550,2019-03-26,3912.6,3887.56,
43551,2019-03-27,4008.98,3912.6,
43552,2019-03-28,4010.76,4008.98,
43553,2019-03-29,4072.16,4010.76,
43555,2019-03-31,4092.97,#N/A N/A,
43556,2019-04-01,4126.69,4072.16,
43557,2019-04-02,4802.47,4126.69,
43558,2019-04-03,5296,4802.47,
43559,2019-04-04,4847.05,5296,
43560,2019-04-05,4999.01,4847.05,
43562,2019-04-07,5142.94,#N/A N/A,
43563,2019-04-08,5252.89,4999.01,
43564,2019-04-09,5220.08,5252.89,
43565,2019-04-10,5302.92,5220.08,
43566,2019-04-11,5054.03,5302.92,
43567,2019-04-12,5042.54,5054.03,
43569,2019-04-14,5089.29,#N/A N/A,
43570,2019-04-15,5021.53,5042.54,
43571,2019-04-16,5185.02,5021.53,
43572,2019-04-17,5221.26,5185.02,
43573,2019-04-18,5308.57,5221.26,
43574,2019-04-19,5269.97,5308.57,
43576,2019-04-21,5239.36,#N/A N/A,
43577,2019-04-22,5365.89,5269.97,
43578,2019-04-23,5580.07,5365.89,
43579,2019-04-24,5435.81,5580.07,
43580,2019-04-25,5495.18,5435.81,
43581,2019-04-26,5097.52,5495.18,
43583,2019-04-28,5129.43,#N/A N/A,
43584,2019-04-29,5129.68,5097.52,
43585,2019-04-30,5237.87,5129.68,
43586,2019-05-01,5307.8,5237.87,
43587,2019-05-02,5405.46,5307.8,
43588,2019-05-03,5689.05,5405.46,
43590,2019-05-05,5767.57,#N/A N/A,
43591,2019-05-06,5693.95,5689.05,
43592,2019-05-07,5844.63,5693.95,
43593,2019-05-08,5900.67,5844.63,
43594,2019-05-09,6080.72,5900.67,
43595,2019-05-10,6291.33,6080.72,
43597,2019-05-12,7172.67,#N/A N/A,
43598,2019-05-13,7864.38,6291.33,
43599,2019-05-14,7719.93,7864.38,
43600,2019-05-15,8171.07,7719.93,
43601,2019-05-16,7676.51,8171.07,
43602,2019-05-17,7106.31,7676.51,
43604,2019-05-19,8027.46,#N/A N/A,
43605,2019-05-20,8006.98,7106.31,
43606,2019-05-21,8086.18,8006.98,
43607,2019-05-22,7832.46,8086.18,
43608,2019-05-23,7878.46,7832.46,
43609,2019-05-24,8112.36,7878.46,
43611,2019-05-26,8582.04,#N/A N/A,
43612,2019-05-27,8754.64,8112.36,
43613,2019-05-28,8687.79,8754.64,
43614,2019-05-29,8646.35,8687.79,
43615,2019-05-30,8463.48,8646.35,
43616,2019-05-31,8503.38,8463.48,
43618,2019-06-02,8687.43,#N/A N/A,
43619,2019-06-03,8556.11,8503.38,
43620,2019-06-04,7651.38,8556.11,
43621,2019-06-05,7732.88,7651.38,
43622,2019-06-06,7690.61,7732.88,
43623,2019-06-07,7898.63,7690.61,
43625,2019-06-09,7718.88,#N/A N/A,
43626,2019-06-10,7943.46,7898.63,
43627,2019-06-11,7926.36,7943.46,
43628,2019-06-12,8120.45,7926.36,
43629,2019-06-13,8261.05,8120.45,
43630,2019-06-14,8452.83,8261.05,
43632,2019-06-16,8932.64,#N/A N/A,
43633,2019-06-17,9273.06,8452.83,
43634,2019-06-18,9125.34,9273.06,
43635,2019-06-19,9167.27,9125.34,
43636,2019-06-20,9562.66,9167.27,
43637,2019-06-21,9939.81,9562.66,
43639,2019-06-23,11028.76,#N/A N/A,
43640,2019-06-24,10856.69,9939.81,
43641,2019-06-25,11366.24,10856.69,
43642,2019-06-26,12733.71,11366.24,
43643,2019-06-27,10686.14,12733.71,
43644,2019-06-28,12212.7,10686.14,
43646,2019-06-30,11392.98,#N/A N/A,
43647,2019-07-01,10481.86,12212.7,
43648,2019-07-02,10714.88,10481.86,
43649,2019-07-03,11378.23,10714.88,
43650,2019-07-04,11721.74,11378.23,
43651,2019-07-05,11034,11721.74,
43653,2019-07-07,11507.39,#N/A N/A,
43654,2019-07-08,12207.1,11034,
43655,2019-07-09,12401.88,12207.1,
43656,2019-07-10,11778.8,12401.88,
43657,2019-07-11,11146.07,11778.8,
43658,2019-07-12,11907.36,11146.07,
43660,2019-07-14,10641.23,#N/A N/A,
43661,2019-07-15,10821.99,11907.36,
43662,2019-07-16,9595.05,10821.99,
43663,2019-07-17,9686.99,9595.05,
43664,2019-07-18,10616.88,9686.99,
43665,2019-07-19,10529.52,10616.88,
43667,2019-07-21,10504.08,#N/A N/A,
43668,2019-07-22,10322.33,10529.52,
43669,2019-07-23,10147.93,10322.33,
43670,2019-07-24,9671.71,10147.93,
43671,2019-07-25,9874.05,9671.71,
43672,2019-07-26,9834.23,9874.05,
43674,2019-07-28,9512.33,#N/A N/A,
43675,2019-07-29,9516.61,9834.23,
43676,2019-07-30,9541.65,9516.61,
43677,2019-07-31,10026.61,9541.65,
43678,2019-08-01,10411.97,10026.61,
43679,2019-08-02,10399.38,10411.97,
43681,2019-08-04,10945.5,#N/A N/A,
43682,2019-08-05,11723.69,10399.38,
43683,2019-08-06,11643.41,11723.69,
43684,2019-08-07,11863.77,11643.41,
43685,2019-08-08,11595.78,11863.77,
43686,2019-08-09,11864.63,11595.78,
43688,2019-08-11,11409.65,#N/A N/A,
43689,2019-08-12,11418.31,11864.63,
43690,2019-08-13,10882.13,11418.31,
43691,2019-08-14,10171.6,10882.13,
43692,2019-08-15,10372.72,10171.6,
43693,2019-08-16,10395.4,10372.72,
43695,2019-08-18,10363.71,#N/A N/A,
43696,2019-08-19,10678.85,10395.4,
43697,2019-08-20,10706.71,10678.85,
43698,2019-08-21,10155.19,10706.71,
43699,2019-08-22,10182.76,10155.19,
43700,2019-08-23,10361.52,10182.76,
43702,2019-08-25,9998.22,#N/A N/A,
43703,2019-08-26,10265.73,10361.52,
43704,2019-08-27,10143.08,10265.73,
43705,2019-08-28,9669.45,10143.08,
43706,2019-08-29,9526.03,9669.45,
43707,2019-08-30,9626.18,9526.03,
43709,2019-09-01,9638.82,#N/A N/A,
43710,2019-09-02,10408.87,9626.18,
43711,2019-09-03,10712.47,10408.87,
43712,2019-09-04,10626.01,10712.47,
43713,2019-09-05,10518.1,10626.01,
43714,2019-09-06,10356.88,10518.1,
43716,2019-09-08,10366.7,#N/A N/A,
43717,2019-09-09,10237.89,10356.88,
43718,2019-09-10,10052.99,10237.89,
43719,2019-09-11,10099.08,10052.99,
43720,2019-09-12,10331.07,10099.08,
43721,2019-09-13,10270.67,10331.07,
43723,2019-09-15,10275.78,#N/A N/A,
43724,2019-09-16,10215.87,10270.67,
43725,2019-09-17,10250.3,10215.87,
43726,2019-09-18,10196.93,10250.3,
43727,2019-09-19,10258.85,10196.93,
43728,2019-09-20,10135.94,10258.85,
43730,2019-09-22,10008.8,#N/A N/A,
43731,2019-09-23,9765.49,10135.94,
43732,2019-09-24,8582,9765.49,
43733,2019-09-25,8511.8,8582,
43734,2019-09-26,8094.12,8511.8,
43735,2019-09-27,8060.97,8094.12,
43737,2019-09-29,8013.75,#N/A N/A,
43738,2019-09-30,8240.9,8060.97,
43739,2019-10-01,8380.24,8240.9,
43740,2019-10-02,8235.09,8380.24,
43741,2019-10-03,8161.33,8235.09,
43742,2019-10-04,8170.58,8161.33,
43744,2019-10-06,7908.65,#N/A N/A,
43745,2019-10-07,8218.03,8170.58,
43746,2019-10-08,8130.26,8218.03,
43747,2019-10-09,8590.16,8130.26,
43748,2019-10-10,8580.86,8590.16,
43749,2019-10-11,8342.93,8580.86,
43751,2019-10-13,8263.34,#N/A N/A,
43752,2019-10-14,8343.42,8342.93,
43753,2019-10-15,8144.33,8343.42,
43754,2019-10-16,7988.24,8144.33,
43755,2019-10-17,8046.49,7988.24,
43756,2019-10-18,7947.7,8046.49,
43758,2019-10-20,8226.5,#N/A N/A,
43759,2019-10-21,8207.68,7947.7,
43760,2019-10-22,8125.1,8207.68,
43761,2019-10-23,7491.38,8125.1,
43762,2019-10-24,7456.59,7491.38,
43763,2019-10-25,8574.4,7456.59,
43765,2019-10-27,9623.68,#N/A N/A,
43766,2019-10-28,9456.3,8574.4,
43767,2019-10-29,9446.04,9456.3,
43768,2019-10-30,9184.99,9446.04,
43769,2019-10-31,9189.42,9184.99,
43770,2019-11-01,9212.68,9189.42,
43772,2019-11-03,9157.7,#N/A N/A,
43773,2019-11-04,9443.36,9212.68,
43774,2019-11-05,9357.06,9443.36,
43775,2019-11-06,9314.92,9357.06,
43776,2019-11-07,9209.87,9314.92,
43777,2019-11-08,8866.55,9209.87,
43779,2019-11-10,9042.05,#N/A N/A,
43780,2019-11-11,8736.17,8866.55,
43781,2019-11-12,8764.95,8736.17,
43782,2019-11-13,8753.01,8764.95,
43783,2019-11-14,8651.15,8753.01,
43784,2019-11-15,8453.89,8651.15,
43786,2019-11-17,8555.38,#N/A N/A,
43787,2019-11-18,8218.67,8453.89,
43788,2019-11-19,8108.09,8218.67,
43789,2019-11-20,8087.79,8108.09,
43790,2019-11-21,7598.7,8087.79,
43791,2019-11-22,7343.85,7598.7,
43793,2019-11-24,7050,#N/A N/A,
43794,2019-11-25,7214.3,7343.85,
43795,2019-11-26,7113.51,7214.3,
43796,2019-11-27,7550.08,7113.51,
43797,2019-11-28,7564.94,7550.08,
43798,2019-11-29,7710.34,7564.94,
43800,2019-12-01,7381.45,#N/A N/A,
43801,2019-12-02,7319.36,7710.34,
43802,2019-12-03,7329.85,7319.36,
43803,2019-12-04,7187.39,7329.85,
43804,2019-12-05,7379.66,7187.39,
43805,2019-12-06,7469.48,7379.66,
43807,2019-12-08,7546.9,#N/A N/A,
43808,2019-12-09,7356.78,7469.48,
43809,2019-12-10,7222.09,7356.78,
43810,2019-12-11,7191.95,7222.09,
43811,2019-12-12,7200.62,7191.95,
43812,2019-12-13,7240.62,7200.62,
43814,2019-12-15,7120.76,#N/A N/A,
43815,2019-12-16,6876.58,7240.62,
43816,2019-12-17,6616.45,6876.58,
43817,2019-12-18,7131.58,6616.45,
43818,2019-12-19,7157.05,7131.58,
43819,2019-12-20,7198.73,7157.05,
43821,2019-12-22,7407.05,#N/A N/A,
43822,2019-12-23,7319.77,7198.73,
43823,2019-12-24,7246.81,7319.77,
43824,2019-12-25,7211.27,7246.81,
43825,2019-12-26,7189.08,7211.27,
43826,2019-12-27,7219.5,7189.08,
43828,2019-12-29,7388.48,#N/A N/A,
43829,2019-12-30,7243.35,7219.5,
43830,2019-12-31,7158.27,7243.35,
43831,2020-01-01,7216.21,7158.27,
43832,2020-01-02,6960.58,7216.21,
43833,2020-01-03,7269.82,6960.58,
43835,2020-01-05,7363.55,#N/A N/A,
43836,2020-01-06,7575.93,7269.82,
43837,2020-01-07,8021.36,7575.93,
43838,2020-01-08,8004.26,8021.36,
43839,2020-01-09,7786.84,8004.26,
43840,2020-01-10,8043.69,7786.84,
43841,2020-01-11,8101.99,#N/A N/A,
43842,2020-01-12,8099.1,#N/A N/A,
43843,2020-01-13,8131.06,8043.69,
43844,2020-01-14,8736.16,8131.06,
43845,2020-01-15,8821.69,8736.16,
43846,2020-01-16,8678.8,8821.69,
43847,2020-01-17,8906.32,8678.8,
43848,2020-01-18,8914.28,#N/A N/A,
43849,2020-01-19,8718.75,#N/A N/A,
43850,2020-01-20,8671.68,8906.32,
43851,2020-01-21,8721.88,8671.68,
43852,2020-01-22,8640.65,8721.88,
43853,2020-01-23,8382.87,8640.65,
43854,2020-01-24,8406.05,8382.87,
43855,2020-01-25,8370.63,#N/A N/A,
43856,2020-01-26,8583.18,#N/A N/A,
43857,2020-01-27,8945.5,8406.05,
43858,2020-01-28,9042.56,8945.5,
43859,2020-01-29,9354.7,9042.56,
43860,2020-01-30,9552.18,9354.7,
43861,2020-01-31,9354.29,9552.18,
43862,2020-02-01,9358.74,#N/A N/A,
43863,2020-02-02,9443.43,#N/A N/A,
43864,2020-02-03,9274.19,9354.29,
43865,2020-02-04,9139.77,9274.19,
43866,2020-02-05,9687.28,9139.77,
43867,2020-02-06,9737.36,9687.28,
43868,2020-02-07,9744.46,9737.36,
43869,2020-02-08,9925.58,#N/A N/A,
43870,2020-02-09,10077.63,#N/A N/A,
43871,2020-02-10,9866.28,9744.46,
43872,2020-02-11,10236.53,9866.28,
43873,2020-02-12,10389.08,10236.53,
43874,2020-02-13,10180.13,10389.08,
43875,2020-02-14,10344.55,10180.13,
43876,2020-02-15,9924.7,#N/A N/A,
43877,2020-02-16,9773.09,#N/A N/A,
43878,2020-02-17,9646.95,10344.55,
43879,2020-02-18,10154.96,9646.95,
43880,2020-02-19,9612.05,10154.96,
43881,2020-02-20,9610.56,9612.05,
43882,2020-02-21,9674.01,9610.56,
43883,2020-02-22,9697.32,#N/A N/A,
43884,2020-02-23,9885.42,#N/A N/A,
43885,2020-02-24,9606.78,9674.01,
43886,2020-02-25,9383.9,9606.78,
43887,2020-02-26,8747.24,9383.9,
43888,2020-02-27,8757.31,8747.24,
43889,2020-02-28,8671.27,8757.31,
43890,2020-02-29,8633.36,#N/A N/A,
43891,2020-03-01,8512.54,#N/A N/A,
43892,2020-03-02,8945.93,8671.27,
43893,2020-03-03,8738.3,8945.93,
43894,2020-03-04,8732.24,8738.3,
43895,2020-03-05,9115.82,8732.24,
43896,2020-03-06,9138.35,9115.82,
43897,2020-03-07,8892.79,#N/A N/A,
43898,2020-03-08,8079.07,#N/A N/A,
43899,2020-03-09,7861.2,9138.35,
43900,2020-03-10,7999.1,7861.2,
43901,2020-03-11,7863.14,7999.1,
43902,2020-03-12,5725.35,7863.14,
43903,2020-03-13,5434.09,5725.35,
43904,2020-03-14,5334.27,#N/A N/A,
43905,2020-03-15,5177.49,#N/A N/A,
43906,2020-03-16,4904.48,5434.09,
43907,2020-03-17,5469.8,4904.48,
43908,2020-03-18,5338.27,5469.8,
43909,2020-03-19,6254.32,5338.27,
43910,2020-03-20,5971.92,6254.32,
43911,2020-03-21,6336.94,#N/A N/A,
43912,2020-03-22,5937.7,#N/A N/A,
43913,2020-03-23,6414.54,5971.92,
43914,2020-03-24,6752.28,6414.54,
43915,2020-03-25,6598.56,6752.28,
43916,2020-03-26,6744.69,6598.56,
43917,2020-03-27,6683.67,6744.69,
43918,2020-03-28,6258.91,#N/A N/A,
43919,2020-03-29,5949.89,#N/A N/A,
43920,2020-03-30,6477.56,6683.67,
43921,2020-03-31,6481.37,6477.56,
43922,2020-04-01,6351.21,6481.37,
43923,2020-04-02,6749.37,6351.21,
43924,2020-04-03,6703.55,6749.37,
43925,2020-04-04,6843.81,#N/A N/A,
43926,2020-04-05,6761.43,#N/A N/A,
43927,2020-04-06,7231.12,6703.55,
43928,2020-04-07,7118.23,7231.12,
43929,2020-04-08,7325.08,7118.23,
43930,2020-04-09,7306.08,7325.08,
43931,2020-04-10,6920.1,7306.08,
43932,2020-04-11,6796.91,#N/A N/A,
43933,2020-04-12,7122.4,#N/A N/A,
43934,2020-04-13,6828.62,6920.1,
43935,2020-04-14,6873.41,6828.62,
43936,2020-04-15,6752.45,6873.41,
43937,2020-04-16,7060.08,6752.45,
43938,2020-04-17,7060.14,7060.08,
43939,2020-04-18,7233.21,#N/A N/A,
43940,2020-04-19,7150.37,#N/A N/A,
43941,2020-04-20,6868.11,7060.14,
43942,2020-04-21,6894.6,6868.11,
43943,2020-04-22,7119.34,6894.6,
43944,2020-04-23,7541.59,7119.34,
43945,2020-04-24,7533.88,7541.59,
43946,2020-04-25,7553.5,#N/A N/A,
43947,2020-04-26,7651.93,#N/A N/A,
43948,2020-04-27,7708.12,7533.88,
43949,2020-04-28,7736.85,7708.12,
43950,2020-04-29,8933.48,7736.85,
43951,2020-04-30,8826.56,8933.48,
43952,2020-05-01,8734.2,8826.56,
43953,2020-05-02,8934.5,#N/A N/A,
43954,2020-05-03,8848.36,#N/A N/A,
43955,2020-05-04,8921.68,8734.2,
43956,2020-05-05,8951.51,8921.68,
43957,2020-05-06,9250.9,8951.51,
43958,2020-05-07,9801.31,9250.9,
43959,2020-05-08,9998.9,9801.31,
43960,2020-05-09,9649.88,#N/A N/A,
43961,2020-05-10,8675.29,#N/A N/A,
43962,2020-05-11,8636.21,9998.9,
43963,2020-05-12,8824.98,8636.21,
43964,2020-05-13,9300.04,8824.98,
43965,2020-05-14,9656.61,9300.04,
43966,2020-05-15,9241.91,9656.61,
43967,2020-05-16,9381.42,#N/A N/A,
43968,2020-05-17,9738.8,#N/A N/A,
43969,2020-05-18,9677.73,9241.91,
43970,2020-05-19,9690.24,9677.73,
43971,2020-05-20,9588.55,9690.24,
43972,2020-05-21,9056.92,9588.55,
43973,2020-05-22,9181,9056.92,
43974,2020-05-23,9235.17,#N/A N/A,
43975,2020-05-24,9001.5,#N/A N/A,
43976,2020-05-25,8914.38,9181,
43977,2020-05-26,8859.07,8914.38,
43978,2020-05-27,9163.42,8859.07,
43979,2020-05-28,9446.84,9163.42,
43980,2020-05-29,9415.96,9446.84,
43981,2020-05-30,9440.21,#N/A N/A,
43982,2020-05-31,9505.38,#N/A N/A,
43983,2020-06-01,9680.19,9415.96,
43984,2020-06-02,9522.85,9680.19,
43985,2020-06-03,9583.65,9522.85,
43986,2020-06-04,9783.87,9583.65,
43987,2020-06-05,9712.33,9783.87,
43988,2020-06-06,9706,#N/A N/A,
43989,2020-06-07,9732.43,#N/A N/A,
43990,2020-06-08,9702.87,9712.33,
43991,2020-06-09,9749.6,9702.87,
43992,2020-06-10,9867.63,9749.6,
43993,2020-06-11,9340.86,9867.63,
43994,2020-06-12,9463.3,9340.86,
43995,2020-06-13,9403.53,#N/A N/A,
43996,2020-06-14,9382.05,#N/A N/A,
43997,2020-06-15,9481.06,9463.3,
43998,2020-06-16,9494.7,9481.06,
43999,2020-06-17,9374.04,9494.7,
44000,2020-06-18,9343.09,9374.04,
44001,2020-06-19,9315.35,9343.09,
44002,2020-06-20,9318.47,#N/A N/A,
44003,2020-06-21,9310.9,#N/A N/A,
44004,2020-06-22,9645.06,9315.35,
44005,2020-06-23,9629.89,9645.06,
44006,2020-06-24,9288.58,9629.89,
44007,2020-06-25,9275.81,9288.58,
44008,2020-06-26,9190.26,9275.81,
44009,2020-06-27,8946.51,#N/A N/A,
44010,2020-06-28,9109.76,#N/A N/A,
44011,2020-06-29,9180.36,9190.26,
44012,2020-06-30,9147.09,9180.36,
44013,2020-07-01,9239.05,9147.09,
44014,2020-07-02,9082.38,9239.05,
44015,2020-07-03,9092.7,9082.38,
44016,2020-07-04,9131.21,#N/A N/A,
44017,2020-07-05,9013.96,#N/A N/A,
44018,2020-07-06,9277.06,9092.7,
44019,2020-07-07,9254.79,9277.06,
44020,2020-07-08,9430.25,9254.79,
44021,2020-07-09,9237.04,9430.25,
44022,2020-07-10,9235.1,9237.04,
44023,2020-07-11,9217.05,#N/A N/A,
44024,2020-07-12,9232.34,#N/A N/A,
44025,2020-07-13,9249.8,9235.1,
44026,2020-07-14,9272.83,9249.8,
44027,2020-07-15,9213.7,9272.83,
44028,2020-07-16,9103.61,9213.7,
44029,2020-07-17,9157.69,9103.61,
44030,2020-07-18,9179.26,#N/A N/A,
44031,2020-07-19,9171.94,#N/A N/A,
44032,2020-07-20,9175.47,9157.69,
44033,2020-07-21,9376.53,9175.47,
44034,2020-07-22,9377.3,9376.53,
44035,2020-07-23,9593.77,9377.3,
44036,2020-07-24,9629.62,9593.77,
44037,2020-07-25,9729.45,#N/A N/A,
44038,2020-07-26,9895.63,#N/A N/A,
44039,2020-07-27,10891.81,9629.62,
44040,2020-07-28,10981.18,10891.81,
44041,2020-07-29,11222.15,10981.18,
44042,2020-07-30,11150.47,11222.15,
44043,2020-07-31,11345.63,11150.47,
44044,2020-08-01,11847.66,#N/A N/A,
44045,2020-08-02,11090.63,#N/A N/A,
44046,2020-08-03,11383.53,11345.63,
44047,2020-08-04,11214.45,11383.53,
44048,2020-08-05,11692.68,11214.45,
44049,2020-08-06,11851.58,11692.68,
44050,2020-08-07,11575.83,11851.58,
44051,2020-08-08,11716.3,#N/A N/A,
44052,2020-08-09,11679.9,#N/A N/A,
44053,2020-08-10,11859.27,11575.83,
44054,2020-08-11,11212.89,11859.27,
44055,2020-08-12,11565.95,11212.89,
44056,2020-08-13,11615.32,11565.95,
44057,2020-08-14,11770.13,11615.32,
44058,2020-08-15,11870.5,#N/A N/A,
44059,2020-08-16,11849.5,#N/A N/A,
44060,2020-08-17,12327.23,11770.13,
44061,2020-08-18,12030.11,12327.23,
44062,2020-08-19,11715.31,12030.11,
44063,2020-08-20,11863.08,11715.31,
44064,2020-08-21,11621.41,11863.08,
44065,2020-08-22,11608.04,#N/A N/A,
44066,2020-08-23,11669.22,#N/A N/A,
44067,2020-08-24,11731.2,11621.41,
44068,2020-08-25,11265.47,11731.2,
44069,2020-08-26,11513.5,11265.47,
44070,2020-08-27,11267.05,11513.5,
44071,2020-08-28,11502.58,11267.05,
44072,2020-08-29,11518.05,#N/A N/A,
44073,2020-08-30,11640.79,#N/A N/A,
44074,2020-08-31,11678.6,11502.58,
44075,2020-09-01,12022.35,11678.6,
44076,2020-09-02,11375.47,12022.35,
44077,2020-09-03,10785.86,11375.47,
44078,2020-09-04,10606.46,10785.86,
44079,2020-09-05,10086.94,#N/A N/A,
44080,2020-09-06,10236.79,#N/A N/A,
44081,2020-09-07,10154.11,10606.46,
44082,2020-09-08,10016.81,10154.11,
44083,2020-09-09,10259.62,10016.81,
44084,2020-09-10,10307.29,10259.62,
44085,2020-09-11,10329.82,10307.29,
44086,2020-09-12,10441.8,#N/A N/A,
44087,2020-09-13,10318.18,#N/A N/A,
44088,2020-09-14,10694.29,10329.82,
44089,2020-09-15,10867.34,10694.29,
44090,2020-09-16,10998.05,10867.34,
44091,2020-09-17,10937.41,10998.05,
44092,2020-09-18,10890.68,10937.41,
44093,2020-09-19,11093.84,#N/A N/A,
44094,2020-09-20,10858,#N/A N/A,
44095,2020-09-21,10479.79,10890.68,
44096,2020-09-22,10516.06,10479.79,
44097,2020-09-23,10224.14,10516.06,
44098,2020-09-24,10631.74,10224.14,
44099,2020-09-25,10717.46,10631.74,
44100,2020-09-26,10720.88,#N/A N/A,
44101,2020-09-27,10725.25,#N/A N/A,
44102,2020-09-28,10871.25,10717.46,
44103,2020-09-29,10756.95,10871.25,
44104,2020-09-30,10706.95,10756.95,
44105,2020-10-01,10606.06,10706.95,
44106,2020-10-02,10547.65,10606.06,
44107,2020-10-03,10572.62,#N/A N/A,
44108,2020-10-04,10650.02,#N/A N/A,
44109,2020-10-05,10741.28,10547.65,
44110,2020-10-06,10549.5,10741.28,
44111,2020-10-07,10661.08,10549.5,
44112,2020-10-08,10898.05,10661.08,
44113,2020-10-09,11041.96,10898.05,
44114,2020-10-10,11367.8,#N/A N/A,
44115,2020-10-11,11332.36,#N/A N/A,
44116,2020-10-12,11568.4,11041.96,
44117,2020-10-13,11434.88,11568.4,
44118,2020-10-14,11393.36,11434.88,
44119,2020-10-15,11545.26,11393.36,
44120,2020-10-16,11319.41,11545.26,
44121,2020-10-17,11354.91,#N/A N/A,
44122,2020-10-18,11445.83,#N/A N/A,
44123,2020-10-19,11735.13,11319.41,
44124,2020-10-20,11904.78,11735.13,
44125,2020-10-21,12855.5,11904.78,
44126,2020-10-22,13124.02,12855.5,
44127,2020-10-23,12942.9,13124.02,
44128,2020-10-24,13113.04,#N/A N/A,
44129,2020-10-25,13036.88,#N/A N/A,
44130,2020-10-26,13019.83,12942.9,
44131,2020-10-27,13620.54,13019.83,
44132,2020-10-28,13213.48,13620.54,
44133,2020-10-29,13486.71,13213.48,
44134,2020-10-30,13639.46,13486.71,
44135,2020-10-31,13850.1,#N/A N/A,
44136,2020-11-01,13823.15,#N/A N/A,
44137,2020-11-02,13619.76,13639.46,
44138,2020-11-03,13741.48,13619.76,
44139,2020-11-04,14008.75,13741.48,
44140,2020-11-05,15243.85,14008.75,
44141,2020-11-06,15553.32,15243.85,
44142,2020-11-07,14837,#N/A N/A,
44143,2020-11-08,15342.02,#N/A N/A,
44144,2020-11-09,15387.48,15553.32,
44145,2020-11-10,15389.01,15387.48,
44146,2020-11-11,15831.57,15389.01,
44147,2020-11-12,16159.74,15831.57,
44148,2020-11-13,16294.47,16159.74,
44149,2020-11-14,16008.29,#N/A N/A,
44150,2020-11-15,15857.79,#N/A N/A,
44151,2020-11-16,16704.72,16294.47,
44152,2020-11-17,17639.21,16704.72,
44153,2020-11-18,17786.57,17639.21,
44154,2020-11-19,17946.04,17786.57,
44155,2020-11-20,18589.49,17946.04,
44156,2020-11-21,18670.93,#N/A N/A,
44157,2020-11-22,18597.77,#N/A N/A,
44158,2020-11-23,18422.02,18589.49,
44159,2020-11-24,18944.86,18422.02,
44160,2020-11-25,18880.69,18944.86,
44161,2020-11-26,17055.5,18880.69,
44162,2020-11-27,17005.85,17055.5,
44163,2020-11-28,17763.11,#N/A N/A,
44164,2020-11-29,18270.66,#N/A N/A,
44165,2020-11-30,19378.61,17005.85,
44166,2020-12-01,19055.69,19378.61,
44167,2020-12-02,19156.67,19055.69,
44168,2020-12-03,19462.14,19156.67,
44169,2020-12-04,18825.45,19462.14,
44170,2020-12-05,19020.64,#N/A N/A,
44171,2020-12-06,19248.35,#N/A N/A,
44172,2020-12-07,19084.67,18825.45,
44173,2020-12-08,18773.5,19084.67,
44174,2020-12-09,18520.56,18773.5,
44175,2020-12-10,18349.98,18520.56,
44176,2020-12-11,18101.38,18349.98,
44177,2020-12-12,18800.18,#N/A N/A,
44178,2020-12-13,19178.3,#N/A N/A,
44179,2020-12-14,19199.17,18101.38,
44180,2020-12-15,19424.24,19199.17,
44181,2020-12-16,21206.36,19424.24,
44182,2020-12-17,22779.13,21206.36,
44183,2020-12-18,22901.2,22779.13,
44184,2020-12-19,23992.92,#N/A N/A,
44185,2020-12-20,23385.77,#N/A N/A,
44186,2020-12-21,23142.45,22901.2,
44187,2020-12-22,23437.95,23142.45,
44188,2020-12-23,23297.72,23437.95,
44189,2020-12-24,23405.27,23297.72,
44190,2020-12-25,24411.43,23405.27,
44191,2020-12-26,26670.1,#N/A N/A,
44192,2020-12-27,26385.71,#N/A N/A,
44193,2020-12-28,26599.22,24411.43,
44194,2020-12-29,26895.14,26599.22,
44195,2020-12-30,28904.39,26895.14,
44196,2020-12-31,28996.28,28904.39,
44197,2021-01-01,29250.59,28996.28,
44198,2021-01-02,31702.36,#N/A N/A,
44199,2021-01-03,33591.73,#N/A N/A,
44200,2021-01-04,31037.38,29250.59,
44201,2021-01-05,33792.24,31037.38,
44202,2021-01-06,35939.27,33792.24,
44203,2021-01-07,39733,35939.27,
44204,2021-01-08,40040.7,39733,
44205,2021-01-09,40858.59,#N/A N/A,
44206,2021-01-10,38048.82,#N/A N/A,
44207,2021-01-11,33964.38,40040.7,
44208,2021-01-12,34712.73,33964.38,
44209,2021-01-13,37283.48,34712.73,
44210,2021-01-14,38765.5,37283.48,
44211,2021-01-15,36261.52,38765.5,
44212,2021-01-16,35935.02,#N/A N/A,
44213,2021-01-17,36533.95,#N/A N/A,
44214,2021-01-18,36234.13,36261.52,
44215,2021-01-19,36489.64,36234.13,
44216,2021-01-20,34913.07,36489.64,
44217,2021-01-21,31217,34913.07,
44218,2021-01-22,33322.33,31217,
44219,2021-01-23,32366.47,#N/A N/A,
44220,2021-01-24,31932.47,#N/A N/A,
44221,2021-01-25,32701.29,33322.33,
44222,2021-01-26,32017.04,32701.29,
44223,2021-01-27,31005.85,32017.04,
44224,2021-01-28,33248.02,31005.85,
44225,2021-01-29,34641.09,33248.02,
44226,2021-01-30,34694.89,#N/A N/A,
44227,2021-01-31,32601.26,#N/A N/A,
44228,2021-02-01,33664.82,34641.09,
44229,2021-02-02,35687.9,33664.82,
44230,2021-02-03,37294.95,35687.9,
44231,2021-02-04,37681.13,37294.95,
44232,2021-02-05,37858.84,37681.13,
44233,2021-02-06,40093.11,#N/A N/A,
44234,2021-02-07,38590.04,#N/A N/A,
44235,2021-02-08,44691.74,37858.84,
44236,2021-02-09,47335.77,44691.74,
44237,2021-02-10,45039.51,47335.77,
44238,2021-02-11,46931.97,45039.51,
44239,2021-02-12,47947.17,46931.97,
44240,2021-02-13,47177.95,#N/A N/A,
44241,2021-02-14,48865.24,#N/A N/A,
44242,2021-02-15,48203.45,47947.17,
44243,2021-02-16,48585.51,48203.45,
44244,2021-02-17,52400.42,48585.51,
44245,2021-02-18,52037.53,52400.42,
44246,2021-02-19,55629.08,52037.53,
44247,2021-02-20,56537.03,#N/A N/A,
44248,2021-02-21,57355.29,#N/A N/A,
44249,2021-02-22,54938.64,55629.08,
44250,2021-02-23,47962.92,54938.64,
44251,2021-02-24,48758.53,47962.92,
44252,2021-02-25,48083.51,48758.53,
44253,2021-02-26,45672.06,48083.51,
44254,2021-02-27,46864.06,#N/A N/A,
44255,2021-02-28,45248.24,#N/A N/A,
44256,2021-03-01,48856.4,45672.06,
44257,2021-03-02,47451.1,48856.4,
44258,2021-03-03,50952.74,47451.1,
44259,2021-03-04,47918.88,50952.74,
44260,2021-03-05,49053.13,47918.88,
44261,2021-03-06,48602.01,#N/A N/A,
44262,2021-03-07,50107.87,#N/A N/A,
44263,2021-03-08,51878.94,49053.13,
44264,2021-03-09,54320.06,51878.94,
44265,2021-03-10,56931.78,54320.06,
44266,2021-03-11,57624.02,56931.78,
44267,2021-03-12,56965.96,57624.02,
44268,2021-03-13,61078.03,#N/A N/A,
44269,2021-03-14,60273.94,#N/A N/A,
44270,2021-03-15,56414.61,56965.96,
44271,2021-03-16,56388.15,56414.61,
44272,2021-03-17,57751.66,56388.15,
44273,2021-03-18,57501.51,57751.66,
44274,2021-03-19,58410.01,57501.51,
44275,2021-03-20,58541.76,#N/A N/A,
44276,2021-03-21,57813.39,#N/A N/A,
44277,2021-03-22,54554.83,58410.01,
44278,2021-03-23,54447.56,54554.83,
44279,2021-03-24,54050.57,54447.56,
44280,2021-03-25,52001.01,54050.57,
44281,2021-03-26,54002.49,52001.01,
44282,2021-03-27,55887.89,#N/A N/A,
44283,2021-03-28,54845.71,#N/A N/A,
44284,2021-03-29,57234.35,54002.49,
44285,2021-03-30,58673.67,57234.35,
44286,2021-03-31,58960.2,58673.67,
44287,2021-04-01,58859.78,58960.2,
44288,2021-04-02,58674.76,58859.78,
44289,2021-04-03,58064.8,#N/A N/A,
44290,2021-04-04,58044.39,#N/A N/A,
44291,2021-04-05,58799.14,58674.76,
44292,2021-04-06,58243.87,58799.14,
44293,2021-04-07,56227.64,58243.87,
44294,2021-04-08,57679.16,56227.64,
44295,2021-04-09,58333.6,57679.16,
44296,2021-04-10,58568.57,#N/A N/A,
44297,2021-04-11,59674.92,#N/A N/A,
44298,2021-04-12,59977.92,58333.6,
44299,2021-04-13,63193.56,59977.92,
44300,2021-04-14,62384.19,63193.56,
44301,2021-04-15,63410.29,62384.19,
44302,2021-04-16,62005.42,63410.29,
44303,2021-04-17,60870.13,#N/A N/A,
44304,2021-04-18,56291.89,#N/A N/A,
44305,2021-04-19,56210.89,62005.42,
44306,2021-04-20,56800.5,56210.89,
44307,2021-04-21,54996.31,56800.5,
44308,2021-04-22,51593.44,54996.31,
44309,2021-04-23,50567.72,51593.44,
44310,2021-04-24,50984.81,#N/A N/A,
44311,2021-04-25,48122.24,#N/A N/A,
44312,2021-04-26,53262.87,50567.72,
44313,2021-04-27,55192.62,53262.87,
44314,2021-04-28,54438.68,55192.62,
44315,2021-04-29,52990.9,54438.68,
44316,2021-04-30,56814.44,52990.9,
44317,2021-05-01,57725.77,#N/A N/A,
44318,2021-05-02,57042.24,#N/A N/A,
44319,2021-05-03,56811.66,56814.44,
44320,2021-05-04,54770.39,56811.66,
44321,2021-05-05,56895.44,54770.39,
44322,2021-05-06,55955.47,56895.44,
44323,2021-05-07,57684.39,55955.47,
44324,2021-05-08,59004.37,#N/A N/A,
44325,2021-05-09,57931.38,#N/A N/A,
44326,2021-05-10,55308.81,57684.39,
44327,2021-05-11,56911.32,55308.81,
44328,2021-05-12,54482.81,56911.32,
44329,2021-05-13,49312.81,54482.81,
44330,2021-05-14,49193.56,49312.81,
44331,2021-05-15,48242.61,#N/A N/A,
44332,2021-05-16,44098.92,#N/A N/A,
44333,2021-05-17,44816.08,49193.56,
44334,2021-05-18,43294.36,44816.08,
44335,2021-05-19,38336.11,43294.36,
44336,2021-05-20,40078.49,38336.11,
44337,2021-05-21,35251.36,40078.49,
44338,2021-05-22,38084.88,#N/A N/A,
44339,2021-05-23,33700.55,#N/A N/A,
44340,2021-05-24,39024.16,35251.36,
44341,2021-05-25,37646.5,39024.16,
44342,2021-05-26,38774.5,37646.5,
44343,2021-05-27,38495.29,38774.5,
44344,2021-05-28,35218.36,38495.29,
44345,2021-05-29,34269.86,#N/A N/A,
44346,2021-05-30,36081.09,#N/A N/A,
44347,2021-05-31,36690.89,35218.36,
44348,2021-06-01,36322.98,36690.89,
44349,2021-06-02,37745.13,36322.98,
44350,2021-06-03,38705.27,37745.13,
44351,2021-06-04,37056.79,38705.27,
44352,2021-06-05,35854.31,#N/A N/A,
44353,2021-06-06,35978.7,#N/A N/A,
44354,2021-06-07,34457.74,37056.79,
44355,2021-06-08,33629.96,34457.74,
44356,2021-06-09,36408.39,33629.96,
44357,2021-06-10,36494.56,36408.39,
44358,2021-06-11,37152.15,36494.56,
44359,2021-06-12,36020.18,#N/A N/A,
44360,2021-06-13,39260.32,#N/A N/A,
44361,2021-06-14,39831.58,37152.15,
44362,2021-06-15,39948.77,39831.58,
44363,2021-06-16,38532.5,39948.77,
44364,2021-06-17,37747.52,38532.5,
44365,2021-06-18,35517.31,37747.52,
44366,2021-06-19,36119.11,#N/A N/A,
44367,2021-06-20,35823.29,#N/A N/A,
44368,2021-06-21,32582.59,35517.31,
44369,2021-06-22,32903.52,32582.59,
44370,2021-06-23,33059.18,32903.52,
44371,2021-06-24,34859.9,33059.18,
44372,2021-06-25,32215.31,34859.9,
44373,2021-06-26,31305.79,#N/A N/A,
44374,2021-06-27,32635.76,#N/A N/A,
44375,2021-06-28,34677.77,32215.31,
44376,2021-06-29,36168.2,34677.77,
44377,2021-06-30,34585,36168.2,
44378,2021-07-01,33422,34585,
44379,2021-07-02,33142.64,33422,
44380,2021-07-03,34728.55,#N/A N/A,
44381,2021-07-04,35547.25,#N/A N/A,
44382,2021-07-05,33855.36,33142.64,
44383,2021-07-06,33957.11,33855.36,
44384,2021-07-07,34544.86,33957.11,
44385,2021-07-08,32815.73,34544.86,
44386,2021-07-09,33522.57,32815.73,
44387,2021-07-10,33332.25,#N/A N/A,
44388,2021-07-11,33854.3,#N/A N/A,
44389,2021-07-12,32849.59,33522.57,
44390,2021-07-13,32508.34,32849.59,
44391,2021-07-14,32813.83,32508.34,
44392,2021-07-15,31758.37,32813.83,
44393,2021-07-16,31842.51,31758.37,
44394,2021-07-17,31737.26,#N/A N/A,
44395,2021-07-18,31652.45,#N/A N/A,
44396,2021-07-19,30776.39,31842.51,
44397,2021-07-20,29865.53,30776.39,
44398,2021-07-21,31818.67,29865.53,
44399,2021-07-22,32247.75,31818.67,
44400,2021-07-23,32500.7,32247.75,
44401,2021-07-24,33939.65,#N/A N/A,
44402,2021-07-25,34483.2,#N/A N/A,
44403,2021-07-26,37751.68,32500.7,
44404,2021-07-27,38044.5,37751.68,
44405,2021-07-28,39985.95,38044.5,
44406,2021-07-29,39722.08,39985.95,
44407,2021-07-30,40689.27,39722.08,
44408,2021-07-31,41540.22,#N/A N/A,
44409,2021-08-01,41268.06,#N/A N/A,
44410,2021-08-02,38856.63,40689.27,
44411,2021-08-03,38072.95,38856.63,
44412,2021-08-04,39754.38,38072.95,
44413,2021-08-05,40899.36,39754.38,
44414,2021-08-06,42719.51,40899.36,
44415,2021-08-07,43975.95,#N/A N/A,
44416,2021-08-08,43867.4,#N/A N/A,
44417,2021-08-09,45464.51,42719.51,
44418,2021-08-10,45642.9,45464.51,
44419,2021-08-11,46345.49,45642.9,
44420,2021-08-12,44480.11,46345.49,
44421,2021-08-13,47609.88,44480.11,
44422,2021-08-14,46666.78,#N/A N/A,
44423,2021-08-15,46718.33,#N/A N/A,
44424,2021-08-16,46078.11,47609.88,
44425,2021-08-17,44992.1,46078.11,
44426,2021-08-18,44546.67,44992.1,
44427,2021-08-19,46587.99,44546.67,
44428,2021-08-20,48668.03,46587.99,
44429,2021-08-21,49011.76,#N/A N/A,
44430,2021-08-22,48414.22,#N/A N/A,
44431,2021-08-23,49515.08,48668.03,
44432,2021-08-24,48345.65,49515.08,
44433,2021-08-25,48712.63,48345.65,
44434,2021-08-26,47036.43,48712.63,
44435,2021-08-27,48921.81,47036.43,
44436,2021-08-28,48755.08,#N/A N/A,
44437,2021-08-29,48925.24,#N/A N/A,
44438,2021-08-30,48648.9,48921.81,
44439,2021-08-31,47008.53,48648.9,
44440,2021-09-01,48272.51,47008.53,
44441,2021-09-02,49562.1,48272.51,
44442,2021-09-03,50152.52,49562.1,
44443,2021-09-04,50182.7,#N/A N/A,
44444,2021-09-05,51668.21,#N/A N/A,
44445,2021-09-06,51934.74,50152.52,
44446,2021-09-07,46819.01,51934.74,
44447,2021-09-08,46060.72,46819.01,
44448,2021-09-09,46256.1,46060.72,
44449,2021-09-10,45077.81,46256.1,
44450,2021-09-11,45319.68,#N/A N/A,
44451,2021-09-12,45089.47,#N/A N/A,
44452,2021-09-13,45187.52,45077.81,
44453,2021-09-14,46828.18,45187.52,
44454,2021-09-15,47941.58,46828.18,
44455,2021-09-16,47149.38,47941.58,
44456,2021-09-17,46990.35,47149.38,
44457,2021-09-18,47994.88,#N/A N/A,
44458,2021-09-19,47601.08,#N/A N/A,
44459,2021-09-20,43537.86,46990.35,
44460,2021-09-21,40926.74,43537.86,
44461,2021-09-22,43451.15,40926.74,
44462,2021-09-23,44710.2,43451.15,
44463,2021-09-24,42981.54,44710.2,
44464,2021-09-25,42678.81,#N/A N/A,
44465,2021-09-26,43651.76,#N/A N/A,
44466,2021-09-27,42706.99,42981.54,
44467,2021-09-28,41785.9,42706.99,
44468,2021-09-29,41125.06,41785.9,
44469,2021-09-30,43436.35,41125.06,
44470,2021-10-01,48132.9,43436.35,
44471,2021-10-02,48019.13,#N/A N/A,
44472,2021-10-03,48464.31,#N/A N/A,
44473,2021-10-04,49006.15,48132.9,
44474,2021-10-05,51474.19,49006.15,
44475,2021-10-06,54936.9,51474.19,
44476,2021-10-07,54184.24,54936.9,
44477,2021-10-08,53993.31,54184.24,
44478,2021-10-09,54670.87,#N/A N/A,
44479,2021-10-10,55435.21,#N/A N/A,
44480,2021-10-11,57341.5,53993.31,
44481,2021-10-12,55362.51,57341.5,
44482,2021-10-13,56982.87,55362.51,
44483,2021-10-14,57443.04,56982.87,
44484,2021-10-15,62526.67,57443.04,
44485,2021-10-16,61014.11,#N/A N/A,
44486,2021-10-17,59400.14,#N/A N/A,
44487,2021-10-18,61367.44,62526.67,
44488,2021-10-19,64121.31,61367.44,
44489,2021-10-20,65996.35,64121.31,
44490,2021-10-21,62680.43,65996.35,
44491,2021-10-22,60726.01,62680.43,
44492,2021-10-23,61124.51,#N/A N/A,
44493,2021-10-24,61159.77,#N/A N/A,
44494,2021-10-25,62544.64,60726.01,
44495,2021-10-26,62096.9,62544.64,
44496,2021-10-27,58924.76,62096.9,
44497,2021-10-28,61395.58,58924.76,
44498,2021-10-29,62395.66,61395.58,
44499,2021-10-30,61682.78,#N/A N/A,
44500,2021-10-31,60975.98,#N/A N/A,
44501,2021-11-01,60727.52,62395.66,
44502,2021-11-02,63141.03,60727.52,
44503,2021-11-03,62776.06,63141.03,
44504,2021-11-04,61365.05,62776.06,
44505,2021-11-05,60976.2,61365.05,
44506,2021-11-06,61201.83,#N/A N/A,
44507,2021-11-07,62884.45,#N/A N/A,
44508,2021-11-08,66138.54,60976.2,
44509,2021-11-09,67734.04,66138.54,
44510,2021-11-10,64293.61,67734.04,
44511,2021-11-11,65069.89,64293.61,
44512,2021-11-12,64100.68,65069.89,
44513,2021-11-13,64367.64,#N/A N/A,
44514,2021-11-14,64336.55,#N/A N/A,
44515,2021-11-15,63899.88,64100.68,
44516,2021-11-16,60488.5,63899.88,
44517,2021-11-17,60117.19,60488.5,
44518,2021-11-18,57595.39,60117.19,
44519,2021-11-19,57869.63,57595.39,
44520,2021-11-20,59651.08,#N/A N/A,
44521,2021-11-21,59541.76,#N/A N/A,
44522,2021-11-22,56278.01,57869.63,
44523,2021-11-23,57709.14,56278.01,
44524,2021-11-24,57331.67,57709.14,
44525,2021-11-25,58855.15,57331.67,
44526,2021-11-26,54019.74,58855.15,
44527,2021-11-27,54625.03,#N/A N/A,
44528,2021-11-28,56341.89,#N/A N/A,
44529,2021-11-29,58316.89,54019.74,
44530,2021-11-30,57138.67,58316.89,
44531,2021-12-01,57029.49,57138.67,
44532,2021-12-02,56903.45,57029.49,
44533,2021-12-03,53655.27,56903.45,
44534,2021-12-04,48765.22,#N/A N/A,
44535,2021-12-05,49229.81,#N/A N/A,
44536,2021-12-06,50120.56,53655.27,
44537,2021-12-07,50527.72,50120.56,
44538,2021-12-08,50635.11,50527.72,
44539,2021-12-09,47997.76,50635.11,
44540,2021-12-10,47952.18,47997.76,
44541,2021-12-11,48813.56,#N/A N/A,
44542,2021-12-12,49965.29,#N/A N/A,
44543,2021-12-13,46828.95,47952.18,
44544,2021-12-14,48310.62,46828.95,
44545,2021-12-15,49192.58,48310.62,
44546,2021-12-16,48111.68,49192.58,
44547,2021-12-17,46873.03,48111.68,
44548,2021-12-18,46971.17,#N/A N/A,
44549,2021-12-19,46741.79,#N/A N/A,
44550,2021-12-20,46987.56,46873.03,
44551,2021-12-21,49106.42,46987.56,
44552,2021-12-22,49073.95,49106.42,
44553,2021-12-23,50849.2,49073.95,
44554,2021-12-24,50908.79,50849.2,
44555,2021-12-25,50986.51,#N/A N/A,
44556,2021-12-26,50808.21,#N/A N/A,
44557,2021-12-27,50989.1,50908.79,
44558,2021-12-28,47561.31,50989.1,
44559,2021-12-29,47232.15,47561.31,
44560,2021-12-30,47298.35,47232.15,
44561,2021-12-31,46333.65,47298.35,
44562,2022-01-01,47333.2,#N/A N/A,
44563,2022-01-02,47028.52,#N/A N/A,
44564,2022-01-03,45997.26,46333.65,
44565,2022-01-04,46220.42,45997.26,
44566,2022-01-05,43603.88,46220.42,
44567,2022-01-06,43120.88,43603.88,
44568,2022-01-07,41881.75,43120.88,
44569,2022-01-08,41788.38,#N/A N/A,
44570,2022-01-09,42315.13,#N/A N/A,
44571,2022-01-10,41729.31,41881.75,
44572,2022-01-11,42687.27,41729.31,
44573,2022-01-12,43793.81,42687.27,
44574,2022-01-13,42828.59,43793.81,
44575,2022-01-14,43321.7,42828.59,
44576,2022-01-15,43333.72,#N/A N/A,
44577,2022-01-16,42982.4,#N/A N/A,
44578,2022-01-17,41743.99,43321.7,
44579,2022-01-18,42395.22,41743.99,
44580,2022-01-19,41724.22,42395.22,
44581,2022-01-20,41326.77,41724.22,
44582,2022-01-21,36692.38,41326.77,
44583,2022-01-22,35402.77,#N/A N/A,
44584,2022-01-23,35364.47,#N/A N/A,
44585,2022-01-24,36828.36,36692.38,
44586,2022-01-25,36579.75,36828.36,
44587,2022-01-26,36356.7,36579.75,
44588,2022-01-27,36198.95,36356.7,
44589,2022-01-28,37807.95,36198.95,
44590,2022-01-29,38388.74,#N/A N/A,
44591,2022-01-30,37754.4,#N/A N/A,
44592,2022-01-31,38437.84,37807.95,
44593,2022-02-01,38813.82,38437.84,
44594,2022-02-02,36936.93,38813.82,
44595,2022-02-03,36964.58,36936.93,
44596,2022-02-04,40647.25,36964.58,
44597,2022-02-05,41673.4,#N/A N/A,
44598,2022-02-06,41687.25,#N/A N/A,
44599,2022-02-07,44102.99,40647.25,
44600,2022-02-08,44230.11,44102.99,
44601,2022-02-09,44497.51,44230.11,
44602,2022-02-10,43776.42,44497.51,
44603,2022-02-11,42563.24,43776.42,
44604,2022-02-12,41899.77,#N/A N/A,
44605,2022-02-13,42228.76,#N/A N/A,
44606,2022-02-14,42249.01,42563.24,
44607,2022-02-15,43999.15,42249.01,
44608,2022-02-16,44092.86,43999.15,
44609,2022-02-17,40699.63,44092.86,
44610,2022-02-18,39991.9,40699.63,
44611,2022-02-19,39942.63,#N/A N/A,
44612,2022-02-20,38252.4,#N/A N/A,
44613,2022-02-21,37076.09,39991.9,
44614,2022-02-22,37893.47,37076.09,
44615,2022-02-23,37543.5,37893.47,
44616,2022-02-24,38414.95,37543.5,
44617,2022-02-25,38994.5,38414.95,
44618,2022-02-26,39480.74,#N/A N/A,
44619,2022-02-27,37435.48,#N/A N/A,
44620,2022-02-28,41654.97,38994.5,
44621,2022-03-01,43900.24,41654.97,
44622,2022-03-02,44090.72,43900.24,
44623,2022-03-03,42096.97,44090.72,
44624,2022-03-04,39393.7,42096.97,
44625,2022-03-05,39380.38,#N/A N/A,
44626,2022-03-06,39030.04,#N/A N/A,
44627,2022-03-07,37839.36,39393.7,
44628,2022-03-08,38506.43,37839.36,
44629,2022-03-09,41893.74,38506.43,
44630,2022-03-10,39329.95,41893.74,
44631,2022-03-11,38860.7,39329.95,
44632,2022-03-12,39102.38,#N/A N/A,
44633,2022-03-13,38687.43,#N/A N/A,
44634,2022-03-14,38725.24,38860.7,
44635,2022-03-15,39441.9,38725.24,
44636,2022-03-16,41258.79,39441.9,
44637,2022-03-17,40724.56,41258.79,
44638,2022-03-18,41755.9,40724.56,
44639,2022-03-19,42219.42,#N/A N/A,
44640,2022-03-20,41308.02,#N/A N/A,
44641,2022-03-21,41136.88,41755.9,
44642,2022-03-22,42606.24,41136.88,
44643,2022-03-23,42368.58,42606.24,
44644,2022-03-24,43895.65,42368.58,
44645,2022-03-25,44577.76,43895.65,
44646,2022-03-26,44590.9,#N/A N/A,
44647,2022-03-27,46111.06,#N/A N/A,
44648,2022-03-28,47967.56,44577.76,
44649,2022-03-29,47486.26,47967.56,
44650,2022-03-30,47277.24,47486.26,
44651,2022-03-31,45767.58,47277.24,
44652,2022-04-01,46168.58,45767.58,
44653,2022-04-02,46196.63,#N/A N/A,
44654,2022-04-03,46387.63,#N/A N/A,
44655,2022-04-04,46311.76,46168.58,
44656,2022-04-05,45868.99,46311.76,
44657,2022-04-06,43885.38,45868.99,
44658,2022-04-07,43577.22,43885.38,
44659,2022-04-08,42815.77,43577.22,
44660,2022-04-09,42447.77,#N/A N/A,
44661,2022-04-10,43125.15,#N/A N/A,
44662,2022-04-11,39846.47,42815.77,
44663,2022-04-12,39534.08,39846.47,
44664,2022-04-13,41254.52,39534.08,
44665,2022-04-14,39915.93,41254.52,
44666,2022-04-15,40404.52,39915.93,
44667,2022-04-16,40294.88,#N/A N/A,
44668,2022-04-17,40273.09,#N/A N/A,
44669,2022-04-18,40673.67,40404.52,
44670,2022-04-19,41297.9,40673.67,
44671,2022-04-20,41430.79,41297.9,
44672,2022-04-21,40615.45,41430.79,
44673,2022-04-22,39621.31,40615.45,
44674,2022-04-23,39808.74,#N/A N/A,
44675,2022-04-24,39515.9,#N/A N/A,
44676,2022-04-25,40186.18,39621.31,
44677,2022-04-26,38123.52,40186.18,
44678,2022-04-27,39106.93,38123.52,
44679,2022-04-28,39889.27,39106.93,
44680,2022-04-29,38560.04,39889.27,
44681,2022-04-30,38334.7,#N/A N/A,
44682,2022-05-01,38320.24,#N/A N/A,
44683,2022-05-02,38312.41,38560.04,
44684,2022-05-03,37784.82,38312.41,
44685,2022-05-04,39800.33,37784.82,
44686,2022-05-05,36456.02,39800.33,
44687,2022-05-06,36077.29,36456.02,
44688,2022-05-07,35768.23,#N/A N/A,
44689,2022-05-08,34225.04,#N/A N/A,
44690,2022-05-09,30959.3,36077.29,
44691,2022-05-10,31000.83,30959.3,
44692,2022-05-11,28402.78,31000.83,
44693,2022-05-12,28546.25,28402.78,
44694,2022-05-13,29760.13,28546.25,
44695,2022-05-14,29341.75,#N/A N/A,
44696,2022-05-15,31019.19,#N/A N/A,
44697,2022-05-16,29908.75,29760.13,
44698,2022-05-17,30077.8,29908.75,
44699,2022-05-18,29205.89,30077.8,
44700,2022-05-19,30231.08,29205.89,
44701,2022-05-20,29117.13,30231.08,
44702,2022-05-21,29391.93,#N/A N/A,
44703,2022-05-22,29907.98,#N/A N/A,
44704,2022-05-23,29314.55,29117.13,
44705,2022-05-24,29438.3,29314.55,
44706,2022-05-25,29764.46,29438.3,
44707,2022-05-26,29437.55,29764.46,
44708,2022-05-27,28728.9,29437.55,
44709,2022-05-28,28999.04,#N/A N/A,
44710,2022-05-29,29160.07,#N/A N/A,
44711,2022-05-30,31257.74,28728.9,
44712,2022-05-31,31788.28,31257.74,
44713,2022-06-01,29621.61,31788.28,
44714,2022-06-02,30225.18,29621.61,
44715,2022-06-03,29640.5,30225.18,
44716,2022-06-04,29733.76,#N/A N/A,
44717,2022-06-05,29925.66,#N/A N/A,
44718,2022-06-06,31438.72,29640.5,
44719,2022-06-07,31330.81,31438.72,
44720,2022-06-08,30179.77,31330.81,
44721,2022-06-09,30161.34,30179.77,
44722,2022-06-10,29177.39,30161.34,
44723,2022-06-11,28380.38,#N/A N/A,
44724,2022-06-12,27345.79,#N/A N/A,
44725,2022-06-13,23209.61,29177.39,
44726,2022-06-14,21966.38,23209.61,
44727,2022-06-15,21640.29,21966.38,
44728,2022-06-16,20677.24,21640.29,
44729,2022-06-17,20630.54,20677.24,
44730,2022-06-18,17785.09,#N/A N/A,
44731,2022-06-19,20607.54,#N/A N/A,
44732,2022-06-20,20427.23,20630.54,
44733,2022-06-21,20838.45,20427.23,
44734,2022-06-22,19857.05,20838.45,
44735,2022-06-23,20795.38,19857.05,
44736,2022-06-24,21183.82,20795.38,
44737,2022-06-25,21214.51,#N/A N/A,
44738,2022-06-26,21392.35,#N/A N/A,
44739,2022-06-27,20898.65,21183.82,
44740,2022-06-28,20247.7,20898.65,
44741,2022-06-29,20197.75,20247.7,
44742,2022-06-30,18731.3,20197.75,
44743,2022-07-01,19406.69,18731.3,
44744,2022-07-02,19238.99,#N/A N/A,
44745,2022-07-03,19420.48,#N/A N/A,
44746,2022-07-04,19755.85,19406.69,
44747,2022-07-05,20441.63,19755.85,
44748,2022-07-06,20380,20441.63,
44749,2022-07-07,21610.58,20380,
44750,2022-07-08,21846.53,21610.58,
44751,2022-07-09,21672.98,#N/A N/A,
44752,2022-07-10,20972.87,#N/A N/A,
44753,2022-07-11,20409.54,21846.53,
44754,2022-07-12,19443.28,20409.54,
44755,2022-07-13,19657.01,19443.28,
44756,2022-07-14,20667.93,19657.01,
44757,2022-07-15,20926.53,20667.93,
44758,2022-07-16,21204.61,#N/A N/A,
44759,2022-07-17,20930.58,#N/A N/A,
44760,2022-07-18,21487.97,20926.53,
44761,2022-07-19,23304.71,21487.97,
44762,2022-07-20,23258.12,23304.71,
44763,2022-07-21,23123.88,23258.12,
44764,2022-07-22,22605.38,23123.88,
44765,2022-07-23,22330.07,#N/A N/A,
44766,2022-07-24,22723.53,#N/A N/A,
44767,2022-07-25,22171.68,22605.38,
44768,2022-07-26,20985.62,22171.68,
44769,2022-07-27,22784.97,20985.62,
44770,2022-07-28,24033.74,22784.97,
44771,2022-07-29,23951.94,24033.74,
44772,2022-07-30,23972.77,#N/A N/A,
44773,2022-07-31,23807.28,#N/A N/A,
44774,2022-08-01,23129.11,23951.94,
44775,2022-08-02,23029.66,23129.11,
44776,2022-08-03,23327.08,23029.66,
44777,2022-08-04,22513.58,23327.08,
44778,2022-08-05,22985.34,22513.58,
44779,2022-08-06,23174.48,#N/A N/A,
44780,2022-08-07,23266.22,#N/A N/A,
44781,2022-08-08,24072.39,22985.34,
44782,2022-08-09,23144.84,24072.39,
44783,2022-08-10,23904.94,23144.84,
44784,2022-08-11,24216.28,23904.94,
44785,2022-08-12,24240.76,24216.28,
44786,2022-08-13,24494.84,#N/A N/A,
44787,2022-08-14,24322.8,#N/A N/A,
44788,2022-08-15,24074.01,24240.76,
44789,2022-08-16,23984.02,24074.01,
44790,2022-08-17,23407.4,23984.02,
44791,2022-08-18,23416.76,23407.4,
44792,2022-08-19,21274.36,23416.76,
44793,2022-08-20,20819.56,#N/A N/A,
44794,2022-08-21,21474.5,#N/A N/A,
44795,2022-08-22,21124.4,21274.36,
44796,2022-08-23,21477.74,21124.4,
44797,2022-08-24,21692.74,21477.74,
44798,2022-08-25,21647.93,21692.74,
44799,2022-08-26,20650.41,21647.93,
44800,2022-08-27,20009.56,#N/A N/A,
44801,2022-08-28,19989.13,#N/A N/A,
44802,2022-08-29,20177.32,20650.41,
44803,2022-08-30,19975.94,20177.32,
44804,2022-08-31,20196.67,19975.94,
44805,2022-09-01,20071.34,20196.67,
44806,2022-09-02,19969.21,20071.34,
44807,2022-09-03,19743.94,#N/A N/A,
44808,2022-09-04,19901.9,#N/A N/A,
44809,2022-09-05,19742.13,19969.21,
44810,2022-09-06,18978.5,19742.13,
44811,2022-09-07,19387.15,18978.5,
44812,2022-09-08,19379.74,19387.15,
44813,2022-09-09,21300.3,19379.74,
44814,2022-09-10,21431.35,#N/A N/A,
44815,2022-09-11,21641.25,#N/A N/A,
44816,2022-09-12,22409.58,21300.3,
44817,2022-09-13,20240.4,22409.58,
44818,2022-09-14,19946.38,20240.4,
44819,2022-09-15,19852.49,19946.38,
44820,2022-09-16,19751.07,19852.49,
44821,2022-09-17,20080.05,#N/A N/A,
44822,2022-09-18,19721.88,#N/A N/A,
44823,2022-09-19,19522.21,19751.07,
44824,2022-09-20,18974.31,19522.21,
44825,2022-09-21,18926.45,18974.31,
44826,2022-09-22,19247.72,18926.45,
44827,2022-09-23,18852.06,19247.72,
44828,2022-09-24,19144.41,#N/A N/A,
44829,2022-09-25,18903.75,#N/A N/A,
44830,2022-09-26,19113.38,18852.06,
44831,2022-09-27,19072.71,19113.38,
44832,2022-09-28,19567.79,19072.71,
44833,2022-09-29,19508.14,19567.79,
44834,2022-09-30,19425.13,19508.14,
44835,2022-10-01,19252.71,#N/A N/A,
44836,2022-10-02,19234.63,#N/A N/A,
44837,2022-10-03,19597.13,19425.13,
44838,2022-10-04,20340.91,19597.13,
44839,2022-10-05,19988.42,20340.91,
44840,2022-10-06,20051.13,19988.42,
44841,2022-10-07,19551.56,20051.13,
44842,2022-10-08,19456.38,#N/A N/A,
44843,2022-10-09,19485.5,#N/A N/A,
44844,2022-10-10,19241.2,19551.56,
44845,2022-10-11,19019.1,19241.2,
44846,2022-10-12,19169.43,19019.1,
44847,2022-10-13,19386.99,19169.43,
44848,2022-10-14,19177.31,19386.99,
44849,2022-10-15,19097.54,#N/A N/A,
44850,2022-10-16,19332.84,#N/A N/A,
44851,2022-10-17,19529.38,19177.31,
44852,2022-10-18,19367.71,19529.38,
44853,2022-10-19,19196.47,19367.71,
44854,2022-10-20,19030.39,19196.47,
44855,2022-10-21,19181.79,19030.39,
44856,2022-10-22,19219.63,#N/A N/A,
44857,2022-10-23,19497.58,#N/A N/A,
44858,2022-10-24,19382.19,19181.79,
44859,2022-10-25,20189.29,19382.19,
44860,2022-10-26,20752.38,20189.29,
44861,2022-10-27,20399.52,20752.38,
44862,2022-10-28,20635.82,20399.52,
44863,2022-10-29,20864.33,#N/A N/A,
44864,2022-10-30,20689.77,#N/A N/A,
44865,2022-10-31,20405.66,20635.82,
44866,2022-11-01,20479.4,20405.66,
44867,2022-11-02,20175.79,20479.4,
44868,2022-11-03,20238.8,20175.79,
44869,2022-11-04,21135.44,20238.8,
44870,2022-11-05,21355.89,#N/A N/A,
44871,2022-11-06,21128.93,#N/A N/A,
44872,2022-11-07,20683.87,21135.44,
44873,2022-11-08,18698.63,20683.87,
44874,2022-11-09,15731.3,18698.63,
44875,2022-11-10,17807.64,15731.3,
44876,2022-11-11,16757.37,17807.64,
44877,2022-11-12,16793.47,#N/A N/A,
44878,2022-11-13,16365.81,#N/A N/A,
44879,2022-11-14,16385.41,16757.37,
44880,2022-11-15,16890.18,16385.41,
44881,2022-11-16,16531.47,16890.18,
44882,2022-11-17,16680.76,16531.47,
44883,2022-11-18,16637.36,16680.76,
44884,2022-11-19,16660.59,#N/A N/A,
44885,2022-11-20,16253.33,#N/A N/A,
44886,2022-11-21,15631.95,16637.36,
44887,2022-11-22,16130.03,15631.95,
44888,2022-11-23,16471.9,16130.03,
44889,2022-11-24,16543.55,16471.9,
44890,2022-11-25,16497.05,16543.55,
44891,2022-11-26,16509.39,#N/A N/A,
44892,2022-11-27,16571.89,#N/A N/A,
44893,2022-11-28,16196.39,16497.05,
44894,2022-11-29,16460.7,16196.39,
44895,2022-11-30,17104.5,16460.7,
44896,2022-12-01,16929.96,17104.5,
44897,2022-12-02,17014.59,16929.96,
44898,2022-12-03,16950.39,#N/A N/A,
44899,2022-12-04,17114.59,#N/A N/A,
44900,2022-12-05,16972.24,17014.59,
44901,2022-12-06,16994.34,16972.24,
44902,2022-12-07,16830.68,16994.34,
44903,2022-12-08,17184.1,16830.68,
44904,2022-12-09,17113.29,17184.1,
44905,2022-12-10,17129.35,#N/A N/A,
44906,2022-12-11,17115.37,#N/A N/A,
44907,2022-12-12,17177.78,17113.29,
44908,2022-12-13,17762,17177.78,
44909,2022-12-14,17828.9,17762,
44910,2022-12-15,17399.63,17828.9,
44911,2022-12-16,16837.95,17399.63,
44912,2022-12-17,16718.5,#N/A N/A,
44913,2022-12-18,16753.05,#N/A N/A,
44914,2022-12-19,16586.82,16837.95,
44915,2022-12-20,16881.54,16586.82,
44916,2022-12-21,16793.1,16881.54,
44917,2022-12-22,16792.25,16793.1,
44918,2022-12-23,16811.33,16792.25,
44919,2022-12-24,16829.82,#N/A N/A,
44920,2022-12-25,16830.25,#N/A N/A,
44921,2022-12-26,16833.01,16811.33,
44922,2022-12-27,16692.55,16833.01,
44923,2022-12-28,16517.32,16692.55,
44924,2022-12-29,16593.4,16517.32,
44925,2022-12-30,16579.06,16593.4,
44926,2022-12-31,16539.5,#N/A N/A,
44927,2023-01-01,16602.63,#N/A N/A,
44928,2023-01-02,16750.94,16579.06,
44929,2023-01-03,16661.86,16750.94,
44930,2023-01-04,16821.82,16661.86,
44931,2023-01-05,16844.62,16821.82,
44932,2023-01-06,16927.86,16844.62,
44933,2023-01-07,16938.55,#N/A N/A,
44934,2023-01-08,16956.66,#N/A N/A,
44935,2023-01-09,17181.34,16927.86,
44936,2023-01-10,17466.71,17181.34,
44937,2023-01-11,17560.6,17466.71,
44938,2023-01-12,18830.98,17560.6,
44939,2023-01-13,19813.55,18830.98,
44940,2023-01-14,20903.7,#N/A N/A,
44941,2023-01-15,20906.28,#N/A N/A,
44942,2023-01-16,21133.18,19813.55,
44943,2023-01-17,21316.08,21133.18,
44944,2023-01-18,20778.65,21316.08,
44945,2023-01-19,20939.64,20778.65,
44946,2023-01-20,22318.24,20939.64,
44947,2023-01-21,23204.05,#N/A N/A,
44948,2023-01-22,22591.84,#N/A N/A,
44949,2023-01-23,22998.16,22318.24,
44950,2023-01-24,22904.83,22998.16,
44951,2023-01-25,23598.24,22904.83,
44952,2023-01-26,23080.96,23598.24,
44953,2023-01-27,23092,23080.96,
44954,2023-01-28,23008.03,#N/A N/A,
44955,2023-01-29,23797.16,#N/A N/A,
44956,2023-01-30,22747.14,23092,
44957,2023-01-31,22950.56,22747.14,
44958,2023-02-01,23682.05,22950.56,
44959,2023-02-02,23460.05,23682.05,
44960,2023-02-03,23383.51,23460.05,
44961,2023-02-04,23417.15,#N/A N/A,
44962,2023-02-05,22903.12,#N/A N/A,
44963,2023-02-06,22916.21,23383.51,
44964,2023-02-07,23199.48,22916.21,
44965,2023-02-08,22959.05,23199.48,
44966,2023-02-09,21857.43,22959.05,
44967,2023-02-10,21540.9,21857.43,
44968,2023-02-11,21828.1,#N/A N/A,
44969,2023-02-12,21741.45,#N/A N/A,
44970,2023-02-13,21630.92,21540.9,
44971,2023-02-14,22252.63,21630.92,
44972,2023-02-15,24179.13,22252.63,
44973,2023-02-16,24535.46,24179.13,
44974,2023-02-17,24487.25,24535.46,
44975,2023-02-18,24621.25,#N/A N/A,
44976,2023-02-19,24546.64,#N/A N/A,
44977,2023-02-20,24769.17,24487.25,
44978,2023-02-21,24199.85,24769.17,
44979,2023-02-22,23805.88,24199.85,
44980,2023-02-23,23878.02,23805.88,
44981,2023-02-24,23101.79,23878.02,
44982,2023-02-25,22940.51,#N/A N/A,
44983,2023-02-26,23560.84,#N/A N/A,
44984,2023-02-27,23384.87,23101.79,
44985,2023-02-28,23146.88,23384.87,
44986,2023-03-01,23558.34,23146.88,
44987,2023-03-02,23415.5,23558.34,
44988,2023-03-03,22242.64,23415.5,
44989,2023-03-04,22216.8,#N/A N/A,
44990,2023-03-05,22485.95,#N/A N/A,
44991,2023-03-06,22408.87,22242.64,
44992,2023-03-07,22055.35,22408.87,
44993,2023-03-08,22006.5,22055.35,
44994,2023-03-09,20226.09,22006.5,
44995,2023-03-10,20101.78,20226.09,
44996,2023-03-11,20503.75,#N/A N/A,
44997,2023-03-12,21491.18,#N/A N/A,
44998,2023-03-13,24234.19,20101.78,
44999,2023-03-14,24636.25,24234.19,
45000,2023-03-15,24391.4,24636.25,
45001,2023-03-16,24753.63,24391.4,
45002,2023-03-17,26823.38,24753.63,
45003,2023-03-18,27409.3,#N/A N/A,
45004,2023-03-19,27974.84,#N/A N/A,
45005,2023-03-20,28082.46,26823.38,
45006,2023-03-21,28154.56,28082.46,
45007,2023-03-22,27392.32,28154.56,
45008,2023-03-23,28333,27392.32,
45009,2023-03-24,27618.28,28333,
45010,2023-03-25,27384.45,#N/A N/A,
45011,2023-03-26,27806.41,#N/A N/A,
45012,2023-03-27,27048.29,27618.28,
45013,2023-03-28,27313.73,27048.29,
45014,2023-03-29,28393,27313.73,
45015,2023-03-30,28152.28,28393,
45016,2023-03-31,28395.3,28152.28,
45017,2023-04-01,28463.77,#N/A N/A,
45018,2023-04-02,28076.92,#N/A N/A,
45019,2023-04-03,27588.08,28395.3,
45020,2023-04-04,28257.1,27588.08,
45021,2023-04-05,28157.09,28257.1,
45022,2023-04-06,27992.29,28157.09,
45023,2023-04-07,27890.37,27992.29,
45024,2023-04-08,27932.43,#N/A N/A,
45025,2023-04-09,28136.46,#N/A N/A,
45026,2023-04-10,29142.36,27890.37,
45027,2023-04-11,30192.1,29142.36,
45028,2023-04-12,29968.01,30192.1,
45029,2023-04-13,30285.33,29968.01,
45030,2023-04-14,30470.31,30285.33,
45031,2023-04-15,30312.22,#N/A N/A,
45032,2023-04-16,30361,#N/A N/A,
45033,2023-04-17,29459.36,30470.31,
45034,2023-04-18,30422,29459.36,
45035,2023-04-19,29249.26,30422,
45036,2023-04-20,28203.91,29249.26,
45037,2023-04-21,27272.1,28203.91,
45038,2023-04-22,27645.8,#N/A N/A,
45039,2023-04-23,27508.33,#N/A N/A,
45040,2023-04-24,27460.55,27272.1,
45041,2023-04-25,27979.6,27460.55,
45042,2023-04-26,28417.5,27979.6,
45043,2023-04-27,29633.43,28417.5,
45044,2023-04-28,29354.75,29633.43,
45045,2023-04-29,29242.06,#N/A N/A,
45046,2023-04-30,29347.96,#N/A N/A,
45047,2023-05-01,27683.13,29354.75,
45048,2023-05-02,28695.82,27683.13,
45049,2023-05-03,28528.95,28695.82,
45050,2023-05-04,28884.06,28528.95,
45051,2023-05-05,29524.75,28884.06,
45052,2023-05-06,28851.54,#N/A N/A,
45053,2023-05-07,28953.02,#N/A N/A,
45054,2023-05-08,27562.71,29524.75,
45055,2023-05-09,27659.74,27562.71,
45056,2023-05-10,27875.64,27659.74,
45057,2023-05-11,27009.45,27875.64,
45058,2023-05-12,26447.7,27009.45,
45059,2023-05-13,26918.96,#N/A N/A,
45060,2023-05-14,26952.65,#N/A N/A,
45061,2023-05-15,27354.85,26447.7,
45062,2023-05-16,26956.57,27354.85,
45063,2023-05-17,27337.78,26956.57,
45064,2023-05-18,26726.05,27337.78,
45065,2023-05-19,26839.54,26726.05,
45066,2023-05-20,27024.24,#N/A N/A,
45067,2023-05-21,26851.07,#N/A N/A,
45068,2023-05-22,26899.28,26839.54,
45069,2023-05-23,27223.3,26899.28,
45070,2023-05-24,26401.81,27223.3,
45071,2023-05-25,26490.2,26401.81,
45072,2023-05-26,26759.28,26490.2,
45073,2023-05-27,26760.83,#N/A N/A,
45074,2023-05-28,27564.04,#N/A N/A,
45075,2023-05-29,27693.13,26759.28,
45076,2023-05-30,27772.51,27693.13,
45077,2023-05-31,27117.1,27772.51,
45078,2023-06-01,26868.32,27117.1,
45079,2023-06-02,27183.62,26868.32,
45080,2023-06-03,27071.27,#N/A N/A,
45081,2023-06-04,27249.75,#N/A N/A,
45082,2023-06-05,25641.7,27183.62,
45083,2023-06-06,26945.16,25641.7,
45084,2023-06-07,26363.47,26945.16,
45085,2023-06-08,26645.5,26363.47,
45086,2023-06-09,26444.43,26645.5,
45087,2023-06-10,25767.85,#N/A N/A,
45088,2023-06-11,26135.88,#N/A N/A,
45089,2023-06-12,25895,26444.43,
45090,2023-06-13,25849.13,25895,
45091,2023-06-14,24928.57,25849.13,
45092,2023-06-15,25547.99,24928.57,
45093,2023-06-16,26394.71,25547.99,
45094,2023-06-17,26534.66,#N/A N/A,
45095,2023-06-18,26472,#N/A N/A,
45096,2023-06-19,26718.39,26394.71,
45097,2023-06-20,28169.64,26718.39,
45098,2023-06-21,29985.4,28169.64,
45099,2023-06-22,30157.31,29985.4,
45100,2023-06-23,30928.74,30157.31,
45101,2023-06-24,30523.34,#N/A N/A,
45102,2023-06-25,30383.36,#N/A N/A,
45103,2023-06-26,30163.13,30928.74,
45104,2023-06-27,30655.23,30163.13,
45105,2023-06-28,30104.08,30655.23,
45106,2023-06-29,30400.46,30104.08,
45107,2023-06-30,30390.91,30400.46,
45108,2023-07-01,30592.81,#N/A N/A,
45109,2023-07-02,30592.26,#N/A N/A,
45110,2023-07-03,31128.76,30390.91,
45111,2023-07-04,30807.48,31128.76,
45112,2023-07-05,30470.54,30807.48,
45113,2023-07-06,30315.91,30470.54,
45114,2023-07-07,30272.41,30315.91,
45115,2023-07-08,30163.19,#N/A N/A,
45116,2023-07-09,30201.16,#N/A N/A,
45117,2023-07-10,30785.96,30272.41,
45118,2023-07-11,30578.75,30785.96,
45119,2023-07-12,30351.84,30578.75,
45120,2023-07-13,31386,30351.84,
45121,2023-07-14,30206,31386,
45122,2023-07-15,30314.36,#N/A N/A,
45123,2023-07-16,30287.41,#N/A N/A,
45124,2023-07-17,29931.93,30206,
45125,2023-07-18,29784.08,29931.93,
45126,2023-07-19,29966.89,29784.08,
45127,2023-07-20,29737.02,29966.89,
45128,2023-07-21,29883.66,29737.02,
45129,2023-07-22,29833.35,#N/A N/A,
45130,2023-07-23,30144.88,#N/A N/A,
45131,2023-07-24,29145.13,29883.66,
45132,2023-07-25,29229.74,29145.13,
45133,2023-07-26,29589.43,29229.74,
45134,2023-07-27,29143.93,29589.43,
45135,2023-07-28,29342.44,29143.93,
45136,2023-07-29,29356.5,#N/A N/A,
45137,2023-07-30,29271.19,#N/A N/A,
45138,2023-07-31,29206.8,29342.44,
45139,2023-08-01,29212.88,29206.8,
45140,2023-08-02,29119.79,29212.88,
45141,2023-08-03,29284.99,29119.79,
45142,2023-08-04,28937.67,29284.99,
45143,2023-08-05,29032.77,#N/A N/A,
45144,2023-08-06,29095.63,#N/A N/A,
45145,2023-08-07,29159.17,28937.67,
45146,2023-08-08,29984.24,29159.17,
45147,2023-08-09,29483.38,29984.24,
45148,2023-08-10,29421.05,29483.38,
45149,2023-08-11,29387.01,29421.05,
45150,2023-08-12,29410.47,#N/A N/A,
45151,2023-08-13,29403.99,#N/A N/A,
45152,2023-08-14,29366.8,29387.01,
45153,2023-08-15,29171.58,29366.8,
45154,2023-08-16,28940.39,29171.58,
45155,2023-08-17,27642,28940.39,
45156,2023-08-18,26071.78,27642,
45157,2023-08-19,26059.87,#N/A N/A,
45158,2023-08-20,26233.05,#N/A N/A,
45159,2023-08-21,26109.71,26071.78,
45160,2023-08-22,25856.99,26109.71,
45161,2023-08-23,26591.76,25856.99,
45162,2023-08-24,26016.62,26591.76,
45163,2023-08-25,26048.87,26016.62,
45164,2023-08-26,26024.25,#N/A N/A,
45165,2023-08-27,26083.84,#N/A N/A,
45166,2023-08-28,25981.81,26048.87,
45167,2023-08-29,27579.74,25981.81,
45168,2023-08-30,27253.38,27579.74,
45169,2023-08-31,26013.12,27253.38,
45170,2023-09-01,25759.54,26013.12,
45171,2023-09-02,25849.6,#N/A N/A,
45172,2023-09-03,26045.85,#N/A N/A,
45173,2023-09-04,25828.28,25759.54,
45174,2023-09-05,25705.85,25828.28,
45175,2023-09-06,25669.79,25705.85,
45176,2023-09-07,26002,25669.79,
45177,2023-09-08,25902,26002,
45178,2023-09-09,25864.03,#N/A N/A,
45179,2023-09-10,25818.2,#N/A N/A,
45180,2023-09-11,25087.36,25902,
45181,2023-09-12,26074.38,25087.36,
45182,2023-09-13,26225.8,26074.38,
45183,2023-09-14,26578.75,26225.8,
45184,2023-09-15,26418.35,26578.75,
45185,2023-09-16,26540.38,#N/A N/A,
45186,2023-09-17,26446.9,#N/A N/A,
45187,2023-09-18,26774.69,26418.35,
45188,2023-09-19,27192,26774.69,
45189,2023-09-20,27094.68,27192,
45190,2023-09-21,26601.66,27094.68,
45191,2023-09-22,26537.68,26601.66,
45192,2023-09-23,26596.24,#N/A N/A,
45193,2023-09-24,26505.46,#N/A N/A,
45194,2023-09-25,26289.25,26537.68,
45195,2023-09-26,26148.13,26289.25,
45196,2023-09-27,26238.72,26148.13,
45197,2023-09-28,27089.32,26238.72,
45198,2023-09-29,26903.18,27089.32,
45199,2023-09-30,27072.54,#N/A N/A,
45200,2023-10-01,27114.69,#N/A N/A,
45201,2023-10-02,27842.16,26903.18,
45202,2023-10-03,27396.6,27842.16,
45203,2023-10-04,27659.68,27396.6,
45204,2023-10-05,27479,27659.68,
45205,2023-10-06,27995.25,27479,
45206,2023-10-07,27937.45,#N/A N/A,
45207,2023-10-08,27923.41,#N/A N/A,
45208,2023-10-09,27576.46,27995.25,
45209,2023-10-10,27405.48,27576.46,
45210,2023-10-11,26717.11,27405.48,
45211,2023-10-12,26737.69,26717.11,
45212,2023-10-13,26976.51,26737.69,
45213,2023-10-14,26850.06,#N/A N/A,
45214,2023-10-15,27206.04,#N/A N/A,
45215,2023-10-16,28405.38,26976.51,
45216,2023-10-17,28459.42,28405.38,
45217,2023-10-18,28260,28459.42,
45218,2023-10-19,28728.04,28260,
45219,2023-10-20,29601,28728.04,
45220,2023-10-21,30028.03,#N/A N/A,
45221,2023-10-22,29860.75,#N/A N/A,
45222,2023-10-23,31537.58,29601,
45223,2023-10-24,33651.38,31537.58,
45224,2023-10-25,34680.57,33651.38,
45225,2023-10-26,34191.55,34680.57,
45226,2023-10-27,33836.54,34191.55,
45227,2023-10-28,34135.43,#N/A N/A,
45228,2023-10-29,34590.86,#N/A N/A,
45229,2023-10-30,34439.91,33836.54,
45230,2023-10-31,34650.56,34439.91,
45231,2023-11-01,35455.73,34650.56,
45232,2023-11-02,34917.45,35455.73,
45233,2023-11-03,34621.06,34917.45,
45234,2023-11-04,34780.72,#N/A N/A,
45235,2023-11-05,34682.13,#N/A N/A,
45236,2023-11-06,35030.04,34621.06,
45237,2023-11-07,35501.52,35030.04,
45238,2023-11-08,35593.56,35501.52,
45239,2023-11-09,36541.56,35593.56,
45240,2023-11-10,37292.81,36541.56,
45241,2023-11-11,36988,#N/A N/A,
45242,2023-11-12,37182.61,#N/A N/A,
45243,2023-11-13,36493.45,37292.81,
45244,2023-11-14,35585.81,36493.45,
45245,2023-11-15,37647.84,35585.81,
45246,2023-11-16,35965.5,37647.84,
45247,2023-11-17,36418.61,35965.5,
45248,2023-11-18,36566.59,#N/A N/A,
45249,2023-11-19,37007.99,#N/A N/A,
45250,2023-11-20,37426.45,36418.61,
45251,2023-11-21,36841.04,37426.45,
45252,2023-11-22,37625,36841.04,
45253,2023-11-23,37253.9,37625,
45254,2023-11-24,37858.25,37253.9,
45255,2023-11-25,37813.68,#N/A N/A,
45256,2023-11-26,37627.25,#N/A N/A,
45257,2023-11-27,37032.56,37858.25,
45258,2023-11-28,37967.5,37032.56,
45259,2023-11-29,37737,37967.5,
45260,2023-11-30,37750.77,37737,
45261,2023-12-01,38796.61,37750.77,
45262,2023-12-02,39581.59,#N/A N/A,
45263,2023-12-03,39727.65,#N/A N/A,
45264,2023-12-04,42036.51,38796.61,
45265,2023-12-05,43900.51,42036.51,
45266,2023-12-06,43822.33,43900.51,
45267,2023-12-07,43390.95,43822.33,
45268,2023-12-08,44554.76,43390.95,
45269,2023-12-09,43986.01,#N/A N/A,
45270,2023-12-10,43803.24,#N/A N/A,
45271,2023-12-11,41182,44554.76,
45272,2023-12-12,41088.75,41182,
45273,2023-12-13,42993.29,41088.75,
45274,2023-12-14,42994.83,42993.29,
45275,2023-12-15,42240.95,42994.83,
45276,2023-12-16,42270.56,#N/A N/A,
45277,2023-12-17,41881.9,#N/A N/A,
45278,2023-12-18,42614.99,42240.95,
45279,2023-12-19,42495.81,42614.99,
45280,2023-12-20,43449.76,42495.81,
45281,2023-12-21,44004.47,43449.76,
45282,2023-12-22,43747.1,44004.47,
45283,2023-12-23,43803.74,#N/A N/A,
45284,2023-12-24,43529.13,#N/A N/A,
45285,2023-12-25,43531.11,43747.1,
45286,2023-12-26,42340.74,43531.11,
45287,2023-12-27,43395.74,42340.74,
45288,2023-12-28,42472.51,43395.74,
45289,2023-12-29,41935.34,42472.51,
45290,2023-12-30,42303.24,#N/A N/A,
45291,2023-12-31,42507.9,#N/A N/A,
45292,2024-01-01,43628.4,41935.34,
45293,2024-01-02,45127.01,43628.4,
45294,2024-01-03,42938.06,45127.01,
45295,2024-01-04,44488.33,42938.06,
45296,2024-01-05,43970.52,44488.33,
45297,2024-01-06,43921.45,#N/A N/A,
45298,2024-01-07,44258.51,#N/A N/A,
45299,2024-01-08,47114.68,43970.52,
45300,2024-01-09,45427.01,47114.68,
45301,2024-01-10,45945.61,45427.01,
45302,2024-01-11,46163.13,45945.61,
45303,2024-01-12,43426.6,46163.13,
45304,2024-01-13,42962.51,#N/A N/A,
45305,2024-01-14,42516.04,#N/A N/A,
45306,2024-01-15,42687.31,43426.6,
45307,2024-01-16,43434.42,42687.31,
45308,2024-01-17,42637.06,43434.42,
45309,2024-01-18,41069.92,42637.06,
45310,2024-01-19,41602.18,41069.92,
45311,2024-01-20,41702.95,#N/A N/A,
45312,2024-01-21,41760.99,#N/A N/A,
45313,2024-01-22,39815.45,41602.18,
45314,2024-01-23,39201.77,39815.45,
45315,2024-01-24,39765.38,39201.77,
45316,2024-01-25,39904.41,39765.38,
45317,2024-01-26,41994.36,39904.41,
45318,2024-01-27,42151.09,#N/A N/A,
45319,2024-01-28,41971.79,#N/A N/A,
45320,2024-01-29,43185.4,41994.36,
45321,2024-01-30,43547.31,43185.4,
45322,2024-01-31,42458.43,43547.31,
45323,2024-02-01,43085.26,42458.43,
45324,2024-02-02,42979.38,43085.26,
45325,2024-02-03,43028.9,#N/A N/A,
45326,2024-02-04,42759.88,#N/A N/A,
45327,2024-02-05,42342.38,42979.38,
45328,2024-02-06,43163.65,42342.38,
45329,2024-02-07,44188.33,43163.65,
45330,2024-02-08,45331.74,44188.33,
45331,2024-02-09,47547.04,45331.74,
45332,2024-02-10,47954.54,#N/A N/A,
45333,2024-02-11,48133.2,#N/A N/A,
45334,2024-02-12,49843.24,47547.04,
45335,2024-02-13,49563.06,49843.24,
45336,2024-02-14,51772.71,49563.06,
45337,2024-02-15,51371.31,51772.71,
45338,2024-02-16,52016.4,51371.31,
45339,2024-02-17,51808.28,#N/A N/A,
45340,2024-02-18,51872.49,#N/A N/A,
45341,2024-02-19,51906.55,52016.4,
45342,2024-02-20,52037.65,51906.55,
45343,2024-02-21,51388.56,52037.65,
45344,2024-02-22,51650.63,51388.56,
45345,2024-02-23,50981.2,51650.63,
45346,2024-02-24,51561.02,#N/A N/A,
45347,2024-02-25,51769.03,#N/A N/A,
45348,2024-02-26,54656.39,50981.2,
45349,2024-02-27,56731.14,54656.39,
45350,2024-02-28,60550.68,56731.14,
45351,2024-02-29,61430.64,60550.68,
45352,2024-03-01,62589.24,61430.64,
45353,2024-03-02,61971.26,#N/A N/A,
45354,2024-03-03,62855.02,#N/A N/A,
45355,2024-03-04,67494.73,62589.24,
45356,2024-03-05,63330.43,67494.73,
45357,2024-03-06,66481.26,63330.43,
45358,2024-03-07,67332.89,66481.26,
45359,2024-03-08,68398.85,67332.89,
45360,2024-03-09,68532.1,#N/A N/A,
45361,2024-03-10,69430.41,#N/A N/A,
45362,2024-03-11,72115.85,68398.85,
45363,2024-03-12,71063.39,72115.85,
45364,2024-03-13,73157.29,71063.39,
45365,2024-03-14,70681.39,73157.29,
45366,2024-03-15,67859.14,70681.39,
45367,2024-03-16,67096.54,#N/A N/A,
45368,2024-03-17,68271.21,#N/A N/A,
45369,2024-03-18,67352.39,67859.14,
45370,2024-03-19,63749.51,67352.39,
45371,2024-03-20,67078.54,63749.51,
45372,2024-03-21,65466.78,67078.54,
45373,2024-03-22,63509.03,65466.78,
45374,2024-03-23,65011.85,#N/A N/A,
45375,2024-03-24,66153.2,#N/A N/A,
45376,2024-03-25,70959.89,63509.03,
45377,2024-03-26,69825.01,70959.89,
45378,2024-03-27,68862.16,69825.01,
45379,2024-03-28,70712.89,68862.16,
45380,2024-03-29,69654.16,70712.89,
45381,2024-03-30,69857.12,#N/A N/A,
45382,2024-03-31,70845.76,#N/A N/A,
45383,2024-04-01,69767.89,69654.16,
45384,2024-04-02,65702.14,69767.89,
45385,2024-04-03,65742.2,65702.14,
45386,2024-04-04,67948.37,65742.2,
45387,2024-04-05,67660.41,67948.37,
45388,2024-04-06,68409.01,#N/A N/A,
45389,2024-04-07,69318.14,#N/A N/A,
45390,2024-04-08,71706.37,67660.41,
45391,2024-04-09,69127.2,71706.37,
45392,2024-04-10,69807.51,69127.2,
45393,2024-04-11,70509.59,69807.51,
45394,2024-04-12,67127.64,70509.59,
45395,2024-04-13,61967.01,#N/A N/A,
45396,2024-04-14,63863.84,#N/A N/A,
45397,2024-04-15,63152.49,67127.64,
45398,2024-04-16,63039.97,63152.49,
45399,2024-04-17,60855.27,63039.97,
45400,2024-04-18,63528.51,60855.27,
45401,2024-04-19,64071.26,63528.51,
45402,2024-04-20,64756.57,#N/A N/A,
45403,2024-04-21,64657.01,#N/A N/A,
45404,2024-04-22,66538.41,64071.26,
45405,2024-04-23,66353.7,66538.41,
45406,2024-04-24,64049.7,66353.7,
45407,2024-04-25,64796.69,64049.7,
45408,2024-04-26,63939.27,64796.69,
45409,2024-04-27,63233.89,#N/A N/A,
45410,2024-04-28,63663.05,#N/A N/A,
45411,2024-04-29,62943.49,63939.27,
45412,2024-04-30,59868.89,62943.49,
45413,2024-05-01,57293.55,59868.89,
45414,2024-05-02,58743.14,57293.55,
45415,2024-05-03,62928.89,58743.14,
45416,2024-05-04,63880.21,#N/A N/A,
45417,2024-05-05,63746,#N/A N/A,
45418,2024-05-06,63301.55,62928.89,
45419,2024-05-07,62973.05,63301.55,
45420,2024-05-08,61568.87,62973.05,
45421,2024-05-09,62633.68,61568.87,
45422,2024-05-10,60501.2,62633.68,
45423,2024-05-11,60996.96,#N/A N/A,
45424,2024-05-12,61272.65,#N/A N/A,
45425,2024-05-13,63089.33,60501.2,
45426,2024-05-14,61579.46,63089.33,
45427,2024-05-15,65981.66,61579.46,
45428,2024-05-16,65279.32,65981.66,
45429,2024-05-17,66926.64,65279.32,
45430,2024-05-18,66991.2,#N/A N/A,
45431,2024-05-19,66156.45,#N/A N/A,
45432,2024-05-20,69522.56,66926.64,
45433,2024-05-21,69711.51,69522.56,
45434,2024-05-22,69411.32,69711.51,
45435,2024-05-23,67753.41,69411.32,
45436,2024-05-24,68849.43,67753.41,
45437,2024-05-25,69096.85,#N/A N/A,
45438,2024-05-26,68683.35,#N/A N/A,
45439,2024-05-27,69590.89,68849.43,
45440,2024-05-28,68241.51,69590.89,
45441,2024-05-29,67410.37,68241.51,
45442,2024-05-30,68469.51,67410.37,
45443,2024-05-31,67630.41,68469.51,
45444,2024-06-01,67742.95,#N/A N/A,
45445,2024-06-02,67794.98,#N/A N/A,
45446,2024-06-03,69097.7,67630.41,
45447,2024-06-04,70422.79,69097.7,
45448,2024-06-05,71216.04,70422.79,
45449,2024-06-06,70688.73,71216.04,
45450,2024-06-07,69270.57,70688.73,
45451,2024-06-08,69371.48,#N/A N/A,
45452,2024-06-09,69682.9,#N/A N/A,
45453,2024-06-10,69608.6,69270.57,
45454,2024-06-11,67280.16,69608.6,
45455,2024-06-12,68083.66,67280.16,
45456,2024-06-13,66676.76,68083.66,
45457,2024-06-14,65734.85,66676.76,
45458,2024-06-15,66010.76,#N/A N/A,
45459,2024-06-16,66465.35,#N/A N/A,
45460,2024-06-17,66375.54,65734.85,
45461,2024-06-18,64891.21,66375.54,
45462,2024-06-19,64851.51,64891.21,
45463,2024-06-20,65060.38,64851.51,
45464,2024-06-21,64168.01,65060.38,
45465,2024-06-22,64262.16,#N/A N/A,
45466,2024-06-23,63704.95,#N/A N/A,
45467,2024-06-24,59474.74,64168.01,
45468,2024-06-25,61914.64,59474.74,
45469,2024-06-26,60954.51,61914.64,
45470,2024-06-27,61418.85,60954.51,
45471,2024-06-28,60118.16,61418.85,
45472,2024-06-29,60949.7,#N/A N/A,
45473,2024-06-30,61904.96,#N/A N/A,
45474,2024-07-01,63236.01,60118.16,
45475,2024-07-02,61922.42,63236.01,
45476,2024-07-03,59542.7,61922.42,
45477,2024-07-04,58329.01,59542.7,
45478,2024-07-05,56354.49,58329.01,
45479,2024-07-06,57989.71,#N/A N/A,
45480,2024-07-07,57264.42,#N/A N/A,
45481,2024-07-08,56258.41,56354.49,
45482,2024-07-09,57928.24,56258.41,
45483,2024-07-10,57404.96,57928.24,
45484,2024-07-11,57553.71,57404.96,
45485,2024-07-12,57558.83,57553.71,
45486,2024-07-13,58607.75,#N/A N/A,
45487,2024-07-14,60115.19,#N/A N/A,
45488,2024-07-15,63779.01,57558.83,
45489,2024-07-16,64695.41,63779.01,
45490,2024-07-17,64523.61,64695.41,
45491,2024-07-18,63818.99,64523.61,
45492,2024-07-19,66985.87,63818.99,
45493,2024-07-20,67382.51,#N/A N/A,
45494,2024-07-21,67741.98,#N/A N/A,
45495,2024-07-22,68147.89,66985.87,
45496,2024-07-23,65854.09,68147.89,
45497,2024-07-24,66042.98,65854.09,
45498,2024-07-25,65275.46,66042.98,
45499,2024-07-26,67448.64,65275.46,
45500,2024-07-27,67788.03,#N/A N/A,
45501,2024-07-28,68007.6,#N/A N/A,
45502,2024-07-29,67367.26,67448.64,
45503,2024-07-30,66174.57,67367.26,
45504,2024-07-31,64559.96,66174.57,
45505,2024-08-01,64694.03,64559.96,
45506,2024-08-02,62551.57,64694.03,
45507,2024-08-03,60366.85,#N/A N/A,
45508,2024-08-04,59135.51,#N/A N/A,
45509,2024-08-05,54395.26,62551.57,
45510,2024-08-06,56571.57,54395.26,
45511,2024-08-07,55154.01,56571.57,
45512,2024-08-08,59537.8,55154.01,
45513,2024-08-09,60776.95,59537.8,
45514,2024-08-10,61009.06,#N/A N/A,
45515,2024-08-11,58518.89,#N/A N/A,
45516,2024-08-12,58856.37,60776.95,
45517,2024-08-13,60587.07,58856.37,
45518,2024-08-14,59157.9,60587.07,
45519,2024-08-15,56681.01,59157.9,
45520,2024-08-16,59299.16,56681.01,
45521,2024-08-17,59404.29,#N/A N/A,
45522,2024-08-18,59824.95,#N/A N/A,
45523,2024-08-19,59103.84,59299.16,
45524,2024-08-20,59310.72,59103.84,
45525,2024-08-21,61246.11,59310.72,
45526,2024-08-22,60683.46,61246.11,
45527,2024-08-23,63685.64,60683.46,
45528,2024-08-24,64168.14,#N/A N/A,
45529,2024-08-25,64243.7,#N/A N/A,
45530,2024-08-26,63448.51,63685.64,
45531,2024-08-27,61853.2,63448.51,
45532,2024-08-28,59347.96,61853.2,
45533,2024-08-29,59532.78,59347.96,
45534,2024-08-30,59045.4,59532.78,
45535,2024-08-31,58954.67,#N/A N/A,
45536,2024-09-01,58420.95,#N/A N/A,
45537,2024-09-02,59003.52,59045.4,
45538,2024-09-03,58213.26,59003.52,
45539,2024-09-04,58043.68,58213.26,
45540,2024-09-05,56074.06,58043.68,
45541,2024-09-06,52856.51,56074.06,
45542,2024-09-07,54172.53,#N/A N/A,
45543,2024-09-08,54378.17,#N/A N/A,
45544,2024-09-09,57021.01,52856.51,
45545,2024-09-10,57575.28,57021.01,
45546,2024-09-11,57495.02,57575.28,
45547,2024-09-12,58194.64,57495.02,
45548,2024-09-13,59878.39,58194.64,
45549,2024-09-14,60030.81,#N/A N/A,
45550,2024-09-15,59808.85,#N/A N/A,
45551,2024-09-16,57668.86,59878.39,
45552,2024-09-17,60137.4,57668.86,
45553,2024-09-18,60232.24,60137.4,
45554,2024-09-19,63042.1,60232.24,
45555,2024-09-20,62823.51,63042.1,
45556,2024-09-21,63159.61,#N/A N/A,
45557,2024-09-22,63210.62,#N/A N/A,
45558,2024-09-23,63317.34,62823.51,
45559,2024-09-24,64227.01,63317.34,
45560,2024-09-25,63488.74,64227.01,
45561,2024-09-26,64678.85,63488.74,
45562,2024-09-27,65813.57,64678.85,
45563,2024-09-28,65657.14,#N/A N/A,
45564,2024-09-29,65834.07,#N/A N/A,
45565,2024-09-30,63785.09,65813.57,
45566,2024-10-01,60786.64,63785.09,
45567,2024-10-02,60905.21,60786.64,
45568,2024-10-03,60776.03,60905.21,
45569,2024-10-04,62420.23,60776.03,
45570,2024-10-05,61725.06,#N/A N/A,
45571,2024-10-06,62621.92,#N/A N/A,
45572,2024-10-07,63009.26,62420.23,
45573,2024-10-08,62348.77,63009.26,
45574,2024-10-09,60393.26,62348.77,
45575,2024-10-10,59728.65,60393.26,
45576,2024-10-11,63002.15,59728.65,
45577,2024-10-12,63033.46,#N/A N/A,
45578,2024-10-13,62742.75,#N/A N/A,
45579,2024-10-14,65906.29,63002.15,
45580,2024-10-15,66480.39,65906.29,
45581,2024-10-16,67620.07,66480.39,
45582,2024-10-17,66934.03,67620.07,
45583,2024-10-18,68419.6,66934.03,
45584,2024-10-19,68231.4,#N/A N/A,
45585,2024-10-20,68758.39,#N/A N/A,
45586,2024-10-21,67721.2,68419.6,
45587,2024-10-22,67498.07,67721.2,
45588,2024-10-23,66586.37,67498.07,
45589,2024-10-24,68149.93,66586.37,
45590,2024-10-25,66768.48,68149.93,
45591,2024-10-26,67177.26,#N/A N/A,
45592,2024-10-27,67689.07,#N/A N/A,
45593,2024-10-28,69610.57,66768.48,
45594,2024-10-29,72310.41,69610.57,
45595,2024-10-30,72834.6,72310.41,
45596,2024-10-31,69937.51,72834.6,
45597,2024-11-01,69195.41,69937.51,
45598,2024-11-02,69514.85,#N/A N/A,
45599,2024-11-03,69114.12,#N/A N/A,
45600,2024-11-04,67086.01,69195.41,
45601,2024-11-05,69162.79,67086.01,
45602,2024-11-06,75959.32,69162.79,
45603,2024-11-07,75959.78,75959.32,
45604,2024-11-08,76529.92,75959.78,
45605,2024-11-09,76469.29,#N/A N/A,
45606,2024-11-10,79927.89,#N/A N/A,
45607,2024-11-11,88014.53,76529.92,
45608,2024-11-12,88320.23,88014.53,
45609,2024-11-13,88633.92,88320.23,
45610,2024-11-14,88213.6,88633.92,
45611,2024-11-15,91740.37,88213.6,
45612,2024-11-16,91047.96,#N/A N/A,
45613,2024-11-17,89148.31,#N/A N/A,
45614,2024-11-18,91370.51,91740.37,
45615,2024-11-19,92306.2,91370.51,
45616,2024-11-20,94463.65,92306.2,
45617,2024-11-21,98084.99,94463.65,
45618,2024-11-22,99420.01,98084.99,
45619,2024-11-23,98077.31,#N/A N/A,
45620,2024-11-24,97040.56,#N/A N/A,
45621,2024-11-25,93714.51,99420.01,
45622,2024-11-26,91651.14,93714.51,
45623,2024-11-27,96400.51,91651.14,
45624,2024-11-28,95132.86,96400.51,
45625,2024-11-29,97460.39,95132.86,
45626,2024-11-30,96841.2,#N/A N/A,
45627,2024-12-01,97824.17,#N/A N/A,
45628,2024-12-02,95419.96,97460.39,
45629,2024-12-03,96086.07,95419.96,
45630,2024-12-04,97876.14,96086.07,
45631,2024-12-05,99029.87,97876.14,
45632,2024-12-06,100566.11,99029.87,
45633,2024-12-07,99974.34,#N/A N/A,
45634,2024-12-08,100091.91,#N/A N/A,
45635,2024-12-09,96935.04,100566.11,
45636,2024-12-10,96911.36,96935.04,
45637,2024-12-11,101612.51,96911.36,
45638,2024-12-12,99787.04,101612.51,
45639,2024-12-13,101342.01,99787.04,
45640,2024-12-14,101075.91,#N/A N/A,
45641,2024-12-15,102836.81,#N/A N/A,
45642,2024-12-16,106075.01,101342.01,
45643,2024-12-17,106407.51,106075.01,
45644,2024-12-18,100950.51,106407.51,
45645,2024-12-19,97327.84,100950.51,
45646,2024-12-20,96557.17,97327.84,
45647,2024-12-21,96864.46,#N/A N/A,
45648,2024-12-22,95111.82,#N/A N/A,
45649,2024-12-23,93847.37,96557.17,
45650,2024-12-24,98322.95,93847.37,
45651,2024-12-25,98428.04,98322.95,
45652,2024-12-26,95696.78,98428.04,
45653,2024-12-27,94400.07,95696.78,
45654,2024-12-28,94991.98,#N/A N/A,
45655,2024-12-29,93204.92,#N/A N/A,
45656,2024-12-30,91918.95,94400.07,
45657,2024-12-31,93714.04,91918.95,
45658,2025-01-01,94771.56,93714.04,
45659,2025-01-02,97123.79,94771.56,
45660,2025-01-03,98243.4,97123.79,
45661,2025-01-04,98355.29,#N/A N/A,
45662,2025-01-05,98482.42,#N/A N/A,
45663,2025-01-06,101661.91,98243.4,
45664,2025-01-07,96478.53,101661.91,
45665,2025-01-08,94457.9,96478.53,
45666,2025-01-09,92106.9,94457.9,
45667,2025-01-10,94620.17,92106.9,
45668,2025-01-11,94907.03,#N/A N/A,
45669,2025-01-12,94314.67,#N/A N/A,
45670,2025-01-13,94171.43,94620.17,
45671,2025-01-14,96434.37,94171.43,
45672,2025-01-15,99678.9,96434.37,
45673,2025-01-16,100135.61,99678.9,
45674,2025-01-17,104640.01,100135.61,
45675,2025-01-18,103803.41,#N/A N/A,
45676,2025-01-19,103556.31,#N/A N/A,
45677,2025-01-20,102494.61,104640.01,
45678,2025-01-21,106788.72,102494.61,
45679,2025-01-22,104071.31,106788.72,
45680,2025-01-23,103131.11,104071.31,
45681,2025-01-24,105111.41,103131.11,
45682,2025-01-25,105075.31,#N/A N/A,
45683,2025-01-26,104566.11,#N/A N/A,
45684,2025-01-27,101341.41,105111.41,
45685,2025-01-28,100287.01,101341.41,
45686,2025-01-29,103751.41,100287.01,
45687,2025-01-30,105059.41,103751.41,
45688,2025-01-31,102110.01,105059.41,
45689,2025-02-01,101190.91,#N/A N/A,
45690,2025-02-02,96996.87,#N/A N/A,
45691,2025-02-03,101934.81,102110.01,
45692,2025-02-04,96530.36,101934.81,
45693,2025-02-05,96935.73,96530.36,
45694,2025-02-06,96811.79,96935.73,
45695,2025-02-07,96019.98,96811.79,
45696,2025-02-08,96556.21,#N/A N/A,
45697,2025-02-09,95224.76,#N/A N/A,
45698,2025-02-10,97402.99,96019.98,
45699,2025-02-11,96376.21,97402.99,
45700,2025-02-12,97663.11,96376.21,
45701,2025-02-13,96491.67,97663.11,
45702,2025-02-14,97503.15,96491.67,
45703,2025-02-15,97689.24,#N/A N/A,
45704,2025-02-16,97188.39,#N/A N/A,
45705,2025-02-17,96417.79,97503.15,
45706,2025-02-18,95008.45,96417.79,
45707,2025-02-19,96315.42,95008.45,
45708,2025-02-20,98131.18,96315.42,
45709,2025-02-21,95325.37,98131.18,
45710,2025-02-22,96672.17,#N/A N/A,
45711,2025-02-23,95769.24,#N/A N/A,
45712,2025-02-24,93957.79,95325.37,
45713,2025-02-25,88701.92,93957.79,
45714,2025-02-26,84470.18,88701.92,
45715,2025-02-27,84285.18,84470.18,
45716,2025-02-28,84212.07,84285.18,
45717,2025-03-01,86047.76,#N/A N/A,
45718,2025-03-02,94297.71,#N/A N/A,
45719,2025-03-03,85314.51,84212.07,
45720,2025-03-04,87499.37,85314.51,
45721,2025-03-05,90375.01,87499.37,
45722,2025-03-06,89842.68,90375.01,
45723,2025-03-07,86282.15,89842.68,
45724,2025-03-08,86210.62,#N/A N/A,
45725,2025-03-09,83081.54,#N/A N/A,
45726,2025-03-10,79272.09,86282.15,
45727,2025-03-11,82785.57,79272.09,
45728,2025-03-12,83107.01,82785.57,
45729,2025-03-13,80323.17,83107.01,
45730,2025-03-14,84154.04,80323.17,
45731,2025-03-15,84395.01,#N/A N/A,
45732,2025-03-16,83217.73,#N/A N/A,
45733,2025-03-17,83958.01,84154.04,
45734,2025-03-18,82031.45,83958.01,
45735,2025-03-19,85377.85,82031.45,
45736,2025-03-20,84504.07,85377.85,
45737,2025-03-21,84183.37,84504.07,
45738,2025-03-22,83945.35,#N/A N/A,
45739,2025-03-23,85121.57,#N/A N/A,
45740,2025-03-24,87879.82,84183.37,
45741,2025-03-25,87897.82,87879.82,
45742,2025-03-26,87286.31,87897.82,
45743,2025-03-27,87309.14,87286.31,
45744,2025-03-28,83758.98,87309.14,
45745,2025-03-29,82485.15,#N/A N/A,
45746,2025-03-30,82531.17,#N/A N/A,
45747,2025-03-31,82421.29,83758.98,
45748,2025-04-01,85243.64,82421.29,
45749,2025-04-02,85653.54,85243.64,
45750,2025-04-03,82315.85,85653.54,
45751,2025-04-04,84129.73,82315.85,
45752,2025-04-05,83044.57,#N/A N/A,
45753,2025-04-06,78807.93,#N/A N/A,
45754,2025-04-07,78923.14,84129.73,
45755,2025-04-08,77052.89,78923.14,
45756,2025-04-09,83173.76,77052.89,
45757,2025-04-10,79879.18,83173.76,
45758,2025-04-11,83820.6,79879.18,
45759,2025-04-12,85502.31,#N/A N/A,
45760,2025-04-13,83479.15,#N/A N/A,
45761,2025-04-14,84848.06,83820.6,
45762,2025-04-15,84016.48,84848.06,
45763,2025-04-16,84308.09,84016.48,
45764,2025-04-17,85139.14,84308.09,
45765,2025-04-18,84501.93,85139.14,
45766,2025-04-19,85185.43,#N/A N/A,
45767,2025-04-20,85110.53,#N/A N/A,
45768,2025-04-21,87354.6,84501.93,
45769,2025-04-22,91177.46,87354.6,
45770,2025-04-23,93686.03,91177.46,
45771,2025-04-24,93454.23,93686.03,
45772,2025-04-25,94966.87,93454.23,
45773,2025-04-26,94148.9,#N/A N/A,
45774,2025-04-27,94300.98,#N/A N/A,
45775,2025-04-28,94506.03,94966.87,
45776,2025-04-29,94873.95,94506.03,
45777,2025-04-30,94581.18,94873.95,
45778,2025-05-01,96463.2,94581.18,
45779,2025-05-02,97063.65,96463.2,
45780,2025-05-03,96360.14,#N/A N/A,
45781,2025-05-04,95732.26,#N/A N/A,
45782,2025-05-05,94240.37,97063.65,
45783,2025-05-06,94701.79,94240.37,
45784,2025-05-07,96794.09,94701.79,
45785,2025-05-08,102616.61,96794.09,
45786,2025-05-09,103195.81,102616.61,
45787,2025-05-10,103195.01,#N/A N/A,
45788,2025-05-11,104297.01,#N/A N/A,
45789,2025-05-12,102693.31,103195.81,
45790,2025-05-13,104599.51,102693.31,
45791,2025-05-14,103573.61,104599.51,
45792,2025-05-15,103463.61,103573.61,
45793,2025-05-16,103712.31,103463.61,
45794,2025-05-17,103406.01,#N/A N/A,
45795,2025-05-18,104106.91,#N/A N/A,
45796,2025-05-19,105485.91,103712.31,
45797,2025-05-20,106953.22,105485.91,
45798,2025-05-21,108282.41,106953.22,
45799,2025-05-22,111092.22,108282.41,
45800,2025-05-23,108261.31,111092.22,
45801,2025-05-24,108896.11,#N/A N/A,
45802,2025-05-25,107698.31,#N/A N/A,
45803,2025-05-26,109619.22,108261.31,
45804,2025-05-27,109615.91,109619.22,
45805,2025-05-28,107335.72,109615.91,
45806,2025-05-29,106179.22,107335.72,
45807,2025-05-30,104597.81,106179.22,
45808,2025-05-31,104834.41,#N/A N/A,
45809,2025-06-01,105004.41,#N/A N/A,
45810,2025-06-02,104931.91,104597.81,
45811,2025-06-03,105810.72,104931.91,
45812,2025-06-04,104668.31,105810.72,
45813,2025-06-05,100503.81,104668.31,
45814,2025-06-06,104574.41,100503.81,
45815,2025-06-07,105921.22,#N/A N/A,
45816,2025-06-08,106206.51,#N/A N/A,
45817,2025-06-09,108770.01,104574.41,
45818,2025-06-10,109979.61,108770.01,
45819,2025-06-11,108933.11,109979.61,
45820,2025-06-12,106012.81,108933.11,
45821,2025-06-13,105472.51,106012.81,
45822,2025-06-14,104937.31,#N/A N/A,
45823,2025-06-15,104751.41,#N/A N/A,
45824,2025-06-16,108833.22,105472.51,
45825,2025-06-17,104392.11,108833.22,
45826,2025-06-18,104836.11,104392.11,
45827,2025-06-19,104297.01,104836.11,
45828,2025-06-20,103721.91,104297.01,
45829,2025-06-21,102815.01,#N/A N/A,
45830,2025-06-22,99561.32,#N/A N/A,
45831,2025-06-23,103802.81,103721.91,
45832,2025-06-24,106143.11,103802.81,
45833,2025-06-25,107848.31,106143.11,
45834,2025-06-26,107811.61,107848.31,
45835,2025-06-27,107169.81,107811.61,
45836,2025-06-28,107223.11,#N/A N/A,
45837,2025-06-29,107411.31,#N/A N/A,
45838,2025-06-30,107606.61,107169.81,
45839,2025-07-01,105949.31,107606.61,
45840,2025-07-02,109213.41,105949.31,
45841,2025-07-03,109985.51,109213.41,
45842,2025-07-04,107741.81,109985.51,
45843,2025-07-05,108137.41,#N/A N/A,
45844,2025-07-06,108708.81,#N/A N/A,
45845,2025-07-07,107900.91,107741.81,
45846,2025-07-08,108682.81,107900.91,
45847,2025-07-09,110758.81,108682.81,
45848,2025-07-10,113584.72,110758.81,
45849,2025-07-11,117730.81,113584.72,
45850,2025-07-12,117075.31,#N/A N/A,
45851,2025-07-13,119133.81,#N/A N/A,
45852,2025-07-14,120198.01,117730.81,
45853,2025-07-15,116440.51,120198.01,
45854,2025-07-16,119972.91,116440.51,
45855,2025-07-17,119480.12,119972.91,
45856,2025-07-18,117489.12,119480.12,
45857,2025-07-19,117787.31,#N/A N/A,
45858,2025-07-20,118139.41,#N/A N/A,
45859,2025-07-21,116990.81,117489.12,
45860,2025-07-22,119772.22,116990.81,
45861,2025-07-23,117961.72,119772.22,
45862,2025-07-24,118780.41,117961.72,
45863,2025-07-25,117104.31,118780.41,
45864,2025-07-26,118004.91,#N/A N/A,
45865,2025-07-27,118801.81,#N/A N/A,
45866,2025-07-28,118040.22,117104.31,
45867,2025-07-29,117479.31,118040.22,
45868,2025-07-30,117143.62,117479.31,
45869,2025-07-31,116491.12,117143.62,
45870,2025-08-01,113905.41,116491.12,
45871,2025-08-02,112759.62,#N/A N/A,
45872,2025-08-03,114432.91,#N/A N/A,
45873,2025-08-04,114821.41,113905.41,
45874,2025-08-05,113687.51,114821.41,
45875,2025-08-06,115088.22,113687.51,
45876,2025-08-07,117239.91,115088.22,
45877,2025-08-08,116915.22,117239.91,
45878,2025-08-09,116798.62,#N/A N/A,
45879,2025-08-10,118362.41,#N/A N/A,
45880,2025-08-11,118856.31,116915.22,
45881,2025-08-12,120177.31,118856.31,
45882,2025-08-13,122951.91,120177.31,
45883,2025-08-14,117957.12,122951.91,
45884,2025-08-15,117370.81,117957.12,
45885,2025-08-16,117733.51,#N/A N/A,
45886,2025-08-17,117692.62,#N/A N/A,
45887,2025-08-18,116474.22,117370.81,
45888,2025-08-19,113553.72,116474.22,
45889,2025-08-20,114387.01,113553.72,
45890,2025-08-21,112420.81,114387.01,
45891,2025-08-22,117042.51,112420.81,
45892,2025-08-23,115287.41,#N/A N/A,
45893,2025-08-24,112773.41,#N/A N/A,
45894,2025-08-25,109574.81,117042.51,
45895,2025-08-26,111356.41,109574.81,
45896,2025-08-27,112421.91,111356.41,
45897,2025-08-28,111924.51,112421.91,
45898,2025-08-29,107800.31,111924.51,
45899,2025-08-30,108662.61,#N/A N/A,
45900,2025-08-31,109127.01,#N/A N/A,
45901,2025-09-01,108873.11,107800.31,
45902,2025-09-02,111424.51,108873.11,
45903,2025-09-03,112263.72,111424.51,
45904,2025-09-04,110407.01,112263.72,
45905,2025-09-05,111644.51,110407.01,
45906,2025-09-06,110192.81,#N/A N/A,
45907,2025-09-07,111336.31,#N/A N/A,
45908,2025-09-08,111986.51,111644.51,
45909,2025-09-09,111517.81,111986.51,
45910,2025-09-10,113618.81,111517.81,
45911,2025-09-11,114428.01,113618.81,
45912,2025-09-12,116255.31,114428.01,
45913,2025-09-13,115966.22,#N/A N/A,
45914,2025-09-14,115855.62,#N/A N/A,
45915,2025-09-15,115409.81,116255.31,
45916,2025-09-16,116894.22,115409.81,
45917,2025-09-17,115656.22,116894.22,
45918,2025-09-18,117579.51,115656.22,
45919,2025-09-19,115389.41,117579.51,
45920,2025-09-20,115813.81,#N/A N/A,
45921,2025-09-21,115405.51,#N/A N/A,
45922,2025-09-22,112849.41,115389.41,
45923,2025-09-23,112017.31,112849.41,
45924,2025-09-24,113571.01,112017.31,
45925,2025-09-25,109200.61,113571.01,
45926,2025-09-26,109361.22,109200.61,
45927,2025-09-27,109441.61,#N/A N/A,
45928,2025-09-28,110847.81,#N/A N/A,
45929,2025-09-29,114322.62,109361.22,
45930,2025-09-30,114640.81,114322.62,
45931,2025-10-01,117592.31,114640.81,
45932,2025-10-02,120711.41,117592.31,
45933,2025-10-03,122545.41,120711.41,
45934,2025-10-04,121944.31,#N/A N/A,
45935,2025-10-05,122764.62,#N/A N/A,
45936,2025-10-06,125260.81,122545.41,
45937,2025-10-07,122014.51,125260.81,
45938,2025-10-08,122903.51,122014.51,
45939,2025-10-09,121175.51,122903.51,
45940,2025-10-10,114341.41,121175.51,
45941,2025-10-11,110395.22,#N/A N/A,
45942,2025-10-12,115024.31,#N/A N/A,
45943,2025-10-13,115818.41,114341.41,
45944,2025-10-14,113054.72,115818.41,
45945,2025-10-15,111177.01,113054.72,
45946,2025-10-16,107886.31,111177.01,
45947,2025-10-17,107048.51,107886.31,
45948,2025-10-18,107071.41,#N/A N/A,
45949,2025-10-19,108907.61,#N/A N/A,
45950,2025-10-20,111128.51,107048.51,
45951,2025-10-21,110857.91,111128.51,
45952,2025-10-22,107689.61,110857.91,
45953,2025-10-23,109568.01,107689.61,
45954,2025-10-24,110916.61,109568.01,
45955,2025-10-25,111459.41,#N/A N/A,
45956,2025-10-26,113334.01,#N/A N/A,
45957,2025-10-27,114469.62,110916.61,
45958,2025-10-28,112832.31,114469.62,
45959,2025-10-29,111451.31,112832.31,
45960,2025-10-30,107508.72,111451.31,
45961,2025-10-31,109428.01,107508.72,
45962,2025-11-01,110377.51,#N/A N/A,
45963,2025-11-02,109992.01,#N/A N/A,
45964,2025-11-03,106866.61,109428.01,
45965,2025-11-04,100265.51,106866.61,
45966,2025-11-05,103659.22,100265.51,
45967,2025-11-06,101080.61,103659.22,
45968,2025-11-07,103837.91,101080.61,
45969,2025-11-08,102254.51,#N/A N/A,
45970,2025-11-09,104512.22,#N/A N/A,
45971,2025-11-10,105603.81,103837.91,
45972,2025-11-11,102606.22,105603.81,
45973,2025-11-12,101900.31,102606.22,
45974,2025-11-13,98756.81,101900.31,
45975,2025-11-14,94976.64,98756.81,
45976,2025-11-15,95212.87,#N/A N/A,
45977,2025-11-16,93430.98,#N/A N/A,
45978,2025-11-17,91826.57,94976.64,
45979,2025-11-18,92452.39,91826.57,
45980,2025-11-19,90506.32,92452.39,
45981,2025-11-20,87205.26,90506.32,
45982,2025-11-21,85123.35,87205.26,
45983,2025-11-22,84358.09,#N/A N/A,
45984,2025-11-23,87966.1,#N/A N/A,
45985,2025-11-24,88763.7,85123.35,
45986,2025-11-25,87002.26,88763.7,
45987,2025-11-26,90189.32,87002.26,
45988,2025-11-27,91410.67,90189.32,
45989,2025-11-28,90914.64,91410.67,
45990,2025-11-29,91035.56,#N/A N/A,
45991,2025-11-30,91176.49,#N/A N/A,
45992,2025-12-01,86446.15,90914.64,
45993,2025-12-02,91610.6,86446.15,
45994,2025-12-03,93722.09,91610.6,
45995,2025-12-04,92175.09,93722.09,
45996,2025-12-05,89203.45,92175.09,
45997,2025-12-06,89446.56,#N/A N/A,
45998,2025-12-07,90233.89,#N/A N/A,
45999,2025-12-08,91331.98,89203.45,
46000,2025-12-09,92665.29,91331.98,
46001,2025-12-10,92396.1,92665.29,
46002,2025-12-11,92885.26,92396.1,
46003,2025-12-12,90200.1,92885.26,
46004,2025-12-13,90182.04,#N/A N/A,
46005,2025-12-14,88464.39,#N/A N/A,
46006,2025-12-15,86204.45,90200.1,
46007,2025-12-16,87748.95,86204.45,
46008,2025-12-17,85948.73,87748.95,
46009,2025-12-18,85582.89,85948.73,
46010,2025-12-19,87787.12,85582.89,
46011,2025-12-20,88176.03,#N/A N/A,
46012,2025-12-21,88141.98,#N/A N/A,
46013,2025-12-22,88230.04,87787.12,
46014,2025-12-23,87661.45,88230.04,
46015,2025-12-24,87631.35,87661.45,
46016,2025-12-25,87844.71,87631.35,
46017,2025-12-26,87394.85,87844.71,
46018,2025-12-27,87601.51,#N/A N/A,
46019,2025-12-28,87518.71,#N/A N/A,
46020,2025-12-29,87216.14,87394.85,
46021,2025-12-30,88185.04,87216.14,
46022,2025-12-31,87647.54,88185.04,
46023,2026-01-01,88274.74,87647.54,
46024,2026-01-02,90027.45,88274.74,
46025,2026-01-03,90511.79,#N/A N/A,
46026,2026-01-04,91238.21,#N/A N/A,
46027,2026-01-05,94095.49,90027.45,
46028,2026-01-06,93217.31,94095.49,
46029,2026-01-07,91007.95,93217.31,
46030,2026-01-08,91199.98,91007.95,
46031,2026-01-09,90421.57,91199.98,
46032,2026-01-10,90395.54,#N/A N/A,
46033,2026-01-11,90627.48,#N/A N/A,
46034,2026-01-12,90971.64,90421.57,
46035,2026-01-13,94074.01,90971.64,
46036,2026-01-14,97557.56,94074.01,
46037,2026-01-15,95550.2,97557.56,
46038,2026-01-16,95475.98,95550.2,
46039,2026-01-17,95264.48,#N/A N/A,
46040,2026-01-18,95386.51,#N/A N/A,
46041,2026-01-19,92943.64,95475.98,
46042,2026-01-20,89368.51,92943.64,
46043,2026-01-21,90180.76,89368.51,
46044,2026-01-22,89167.85,90180.76,
46045,2026-01-23,89236.37,89167.85,
46046,2026-01-24,89247.78,#N/A N/A,
46047,2026-01-25,86485.21,#N/A N/A,
46048,2026-01-26,87974.04,89236.37,
46049,2026-01-27,88957.73,87974.04,
46050,2026-01-28,89277.17,88957.73,
46051,2026-01-29,84382.28,89277.17,
46052,2026-01-30,84162.39,84382.28,
46053,2026-01-31,78197.32,#N/A N/A,
46054,2026-02-01,76433.17,#N/A N/A,
46055,2026-02-02,78462.48,84162.39,
46056,2026-02-03,76140.48,78462.48,
46057,2026-02-04,72627.14,76140.48,
46058,2026-02-05,63083.01,72627.14,
46059,2026-02-06,70312.76,63083.01,
46060,2026-02-07,69454.82,#N/A N/A,
46061,2026-02-08,70665.59,#N/A N/A,
46062,2026-02-09,70368.04,70312.76,
46063,2026-02-10,68613.68,70368.04,
46064,2026-02-11,67757.23,68613.68,
46065,2026-02-12,65781.43,67757.23,
46066,2026-02-13,68863.95,65781.43,
46067,2026-02-14,69889.04,#N/A N/A,
46068,2026-02-15,68820.04,#N/A N/A,
46069,2026-02-16,68826.35,68863.95,
46070,2026-02-17,67639.48,68826.35,
46071,2026-02-18,66305.35,67639.48,
46072,2026-02-19,66896.2,66305.35,
46073,2026-02-20,67798.62,66896.2,
46074,2026-02-21,68365.62,#N/A N/A,
46075,2026-02-22,67582.41,#N/A N/A,
46076,2026-02-23,64563.47,67798.62,
46077,2026-02-24,64046.98,64563.47,
46078,2026-02-25,68945.28,64046.98,
46079,2026-02-26,67465.64,68945.28,
46080,2026-02-27,65527.34,67465.64,
46081,2026-02-28,66723.7,#N/A N/A,
46082,2026-03-01,65678.1,#N/A N/A,
46083,2026-03-02,69423.73,65527.34,
46084,2026-03-03,68033.05,69423.73,
46085,2026-03-04,73340.89,68033.05,
46086,2026-03-05,71142.01,73340.89,
46087,2026-03-06,68283.96,71142.01,
46088,2026-03-07,67448.87,#N/A N/A,
46089,2026-03-08,67219.4,#N/A N/A,
46090,2026-03-09,68982.35,68283.96,
46091,2026-03-10,70249.53,68982.35,
46092,2026-03-11,70649.91,70249.53,
46093,2026-03-12,70182.1,70649.91,
46094,2026-03-13,71357.15,70182.1,
46095,2026-03-14,70824.49,#N/A N/A,
46096,2026-03-15,71741.23,#N/A N/A,
46097,2026-03-16,74235.49,71357.15,
46098,2026-03-17,74540.1,74235.49,
46099,2026-03-18,71227.74,74540.1,
46100,2026-03-19,70491.6,71227.74,
46101,2026-03-20,70041.31,70491.6,
46102,2026-03-21,70447.66,#N/A N/A,
46103,2026-03-22,68176.73,#N/A N/A,
46104,2026-03-23,70898.87,70041.31,
46105,2026-03-24,70061.14,70898.87,
46106,2026-03-25,70982.79,70061.14,
46107,2026-03-26,68960.98,70982.79,
46108,2026-03-27,65970.39,68960.98,
46109,2026-03-28,66873.45,#N/A N/A,
46110,2026-03-29,66551.23,#N/A N/A,
46111,2026-03-30,66593.26,65970.39,
46112,2026-03-31,68193.95,66593.26,
46113,2026-04-01,68174.82,68193.95,
46114,2026-04-02,66937.84,68174.82,
46115,2026-04-03,66830.23,66937.84,
46116,2026-04-04,67262.48,#N/A N/A,
46117,2026-04-05,67637.18,#N/A N/A,
46118,2026-04-06,69833.32,66830.23,
46119,2026-04-07,69309.9,69833.32,
46120,2026-04-08,71378.81,69309.9,
46121,2026-04-09,72428.43,71378.81,
46122,2026-04-10,73388.29,72428.43,
46123,2026-04-11,73337.35,#N/A N/A,
46124,2026-04-12,71357.73,#N/A N/A,
46125,2026-04-13,73201.1,73388.29,
46126,2026-04-14,74135.85,73201.1,
46127,2026-04-15,74864.95,74135.85,
46128,2026-04-16,75239.81,74864.95,
46129,2026-04-17,77369.96,75239.81,
46130,2026-04-18,75784.51,#N/A N/A,
46131,2026-04-19,74665.18,#N/A N/A,
46132,2026-04-20,76316.1,77369.96,
46133,2026-04-21,75723.95,76316.1,
46134,2026-04-22,78453.49,75723.95,
46135,2026-04-23,77905.64,78453.49,
46136,2026-04-24,77746.35,77905.64,
46137,2026-04-25,77498.54,#N/A N/A,
46138,2026-04-26,78230.35,#N/A N/A,
46139,2026-04-27,76968.49,77746.35,
46140,2026-04-28,76465.03,76968.49,
46141,2026-04-29,75654.64,76465.03,
46142,2026-04-30,76466.34,75654.64,
46143,2026-05-01,77870.6,76466.34,
46144,2026-05-02,78442.57,#N/A N/A,
46145,2026-05-03,78908.54,#N/A N/A,
46146,2026-05-04,79934.7,77870.6,
46147,2026-05-05,81646.9,79934.7,