XBTEUR KRKN Curncy,,,,
41527,97,#N/A N/A,,
41528,96.75,97,,
41529,96.75,96.75,,
41530,96,96.75,,
41531,95,#N/A N/A,,
41532,95,#N/A N/A,,
41533,90,96,,
41534,94.5,90,,
41535,94.5,94.5,,
41536,93.2,94.5,,
41537,93.2,93.2,,
41538,94.49,#N/A N/A,,
41539,93,#N/A N/A,,
41540,92.5,93.2,,
41541,90.25,92.5,,
41542,90.25,90.25,,
41544,90.25,90.25,,
41545,91.2,#N/A N/A,,
41546,94.5,#N/A N/A,,
41547,94.5,90.25,,
41548,96,94.5,,
41549,92,96,,
41550,85,92,,
41551,90,85,,
41552,88.5,#N/A N/A,,
41553,89,#N/A N/A,,
41554,94.56,90,,
41555,95,94.56,,
41556,91.6,95,,
41557,95,91.6,,
41558,91.5,95,,
41559,94.2,#N/A N/A,,
41560,96.5,#N/A N/A,,
41561,84,91.5,,
41562,100.01,84,,
41563,104.99,100.01,,
41564,105,104.99,,
41565,111,105,,
41566,123.49,#N/A N/A,,
41567,121.3,#N/A N/A,,
41568,130,111,,
41569,137,130,,
41570,148.9,137,,
41571,140.45,148.9,,
41572,135.16,140.45,,
41573,130,#N/A N/A,,
41574,138.96,#N/A N/A,,
41575,140.54,135.16,,
41576,148.5,140.54,,
41577,149.71,148.5,,
41578,150,149.71,,
41579,153,150,,
41580,154,#N/A N/A,,
41581,154,#N/A N/A,,
41582,170,153,,
41583,184.98,170,,
41584,200,184.98,,
41585,230.25,200,,
41586,273.5,230.25,,
41587,247.13,#N/A N/A,,
41588,240,#N/A N/A,,
41589,253.5,273.5,,
41590,265,253.5,,
41591,299.1,265,,
41592,310,299.1,,
41593,314,310,,
41594,330.75,#N/A N/A,,
41595,360,#N/A N/A,,
41596,498,314,,
41597,450,498,,
41598,468.9,450,,
41599,530,468.9,,
41600,594.9,530,,
41601,620.1,#N/A N/A,,
41602,604.9,#N/A N/A,,
41603,608,594.9,,
41604,679.99,608,,
41605,746,679.99,,
41606,814,746,,
41607,850.5,814,,
41608,846,#N/A N/A,,
41609,730,#N/A N/A,,
41610,767,850.5,,
41611,787.9,767,,
41612,828.5,787.9,,
41613,778,828.5,,
41614,632,778,,
41615,519,#N/A N/A,,
41616,605,#N/A N/A,,
41617,667.71,632,,
41618,706,667.71,,
41619,652.63,706,,
41620,639.55,652.63,,
41621,641.71,639.55,,
41622,628.4,#N/A N/A,,
41623,632.26,#N/A N/A,,
41624,519,641.71,,
41625,503.41,519,,
41626,386.68,503.41,,
41627,505,386.68,,
41628,476.01,505,,
41629,451,#N/A N/A,,
41630,461.99,#N/A N/A,,
41631,480,476.01,,
41632,485.8,480,,
41633,497.4,485.8,,
41634,549,497.4,,
41635,532.79,549,,
41636,533.29,#N/A N/A,,
41637,535.35,#N/A N/A,,
41638,540.01,532.79,,
41639,539,540.01,,
41640,547.9,539,,
41641,565,547.9,,
41642,595,565,,
41643,609.71,#N/A N/A,,
41644,665.8,#N/A N/A,,
41645,673.57,595,,
41646,592,673.57,,
41647,613.47,592,,
41648,614.22,613.47,,
41649,625.74,614.22,,
41650,653.9,#N/A N/A,,
41651,625.27,#N/A N/A,,
41652,611.8,625.74,,
41653,609.22,611.8,,
41654,624.7,609.22,,
41655,610,624.7,,
41656,585.37,610,,
41657,596.97,#N/A N/A,,
41658,612.56,#N/A N/A,,
41659,613.98,585.37,,
41660,611.09,613.98,,
41661,605.73,611.09,,
41662,603,605.73,,
41663,580,603,,
41664,592.88,#N/A N/A,,
41665,595.7,#N/A N/A,,
41666,548.15,580,,
41667,584,548.15,,
41668,581.01,584,,
41669,592,581.01,,
41670,595.89,592,,
41671,600.85,#N/A N/A,,
41672,602.56,#N/A N/A,,
41673,598.4,595.89,,
41674,595.65,598.4,,
41675,590,595.65,,
41676,568.99,590,,
41677,525,568.99,,
41678,506.96,#N/A N/A,,
41679,507,#N/A N/A,,
41680,504.99,525,,
41681,498.49,504.99,,
41682,492.17,498.49,,
41683,452.3,492.17,,
41684,497,452.3,,
41685,483,#N/A N/A,,
41686,454,#N/A N/A,,
41687,465.02,497,,
41688,463,465.02,,
41689,459.31,463,,
41690,407,459.31,,
41691,421,407,,
41692,443.98,#N/A N/A,,
41693,444.09,#N/A N/A,,
41694,405.01,421,,
41695,390,405.01,,
41696,432.72,390,,
41697,428.94,432.72,,
41698,409.63,428.94,,
41699,418.1,#N/A N/A,,
41700,417.56,#N/A N/A,,
41701,482.49,409.63,,
41702,489.37,482.49,,
41703,487.8,489.37,,
41704,479.46,487.8,,
41705,461.9,479.46,,
41706,453.8,#N/A N/A,,
41707,463,#N/A N/A,,
41708,454.87,461.9,,
41709,457.43,454.87,,
41710,460.21,457.43,,
41711,463.18,460.21,,
41712,457.68,463.18,,
41713,459.7,#N/A N/A,,
41714,457.03,#N/A N/A,,
41715,448.94,457.68,,
41716,446.02,448.94,,
41717,441.23,446.02,,
41718,425.97,441.23,,
41719,416.54,425.97,,
41720,411.22,#N/A N/A,,
41721,411.34,#N/A N/A,,
41722,422.82,416.54,,
41723,423.14,422.82,,
41724,425.3,423.14,,
41725,367.51,425.3,,
41726,379.84,367.51,,
41727,364,#N/A N/A,,
41728,340.1,#N/A N/A,,
41729,334.13,379.84,,
41730,357.12,334.13,,
41731,326,357.12,,
41732,327.25,326,,
41733,331.62,327.25,,
41734,338.99,#N/A N/A,,
41735,337.54,#N/A N/A,,
41736,331.62,331.62,,
41737,334.28,331.62,,
41738,324,334.28,,
41739,264.72,324,,
41740,310.08,264.72,,
41741,309.3,#N/A N/A,,
41742,304.97,#N/A N/A,,
41743,335.72,310.08,,
41744,377.5,335.72,,
41745,378.13,377.5,,
41746,360.25,378.13,,
41747,351.76,360.25,,
41748,363,#N/A N/A,,
41749,361.16,#N/A N/A,,
41750,360.05,351.76,,
41751,354.4,360.05,,
41752,355.33,354.4,,
41753,360.99,355.33,,
41754,361,360.99,,
41755,332.14,#N/A N/A,,
41756,314,#N/A N/A,,
41757,315.17,361,,
41758,324,315.17,,
41759,331.28,324,,
41760,332.8,331.28,,
41761,323.08,332.8,,
41762,317.92,#N/A N/A,,
41763,314.46,#N/A N/A,,
41764,305,323.08,,
41765,309.34,305,,
41766,322.14,309.34,,
41767,320.82,322.14,,
41768,326.29,320.82,,
41769,328.82,#N/A N/A,,
41770,316,#N/A N/A,,
41771,321.49,326.29,,
41772,318.58,321.49,,
41773,324.9,318.58,,
41774,326.91,324.9,,
41775,328,326.91,,
41776,328.24,#N/A N/A,,
41777,325.2,#N/A N/A,,
41778,326,328,,
41779,354.38,326,,
41780,359,354.38,,
41781,382.43,359,,
41782,389,382.43,,
41783,385.06,#N/A N/A,,
41784,418.36,#N/A N/A,,
41785,427,389,,
41786,424.41,427,,
41787,419.72,424.41,,
41788,416.93,419.72,,
41789,445.59,416.93,,
41790,454.18,#N/A N/A,,
41791,473.03,#N/A N/A,,
41792,479.59,445.59,,
41793,491.24,479.59,,
41794,477.33,491.24,,
41795,484.39,477.33,,
41796,481.04,484.39,,
41797,480.33,#N/A N/A,,
41798,479.92,#N/A N/A,,
41799,474.48,481.04,,
41800,479.04,474.48,,
41801,467.5,479.04,,
41802,433.49,467.5,,
41803,429.18,433.49,,
41804,409.71,#N/A N/A,,
41805,423,#N/A N/A,,
41806,439.1,429.18,,
41807,448.72,439.1,,
41808,447.66,448.72,,
41809,441.8,447.66,,
41810,438,441.8,,
41811,436.96,#N/A N/A,,
41812,439.97,#N/A N/A,,
41813,430.3,438,,
41814,431.85,430.3,,
41815,417.67,431.85,,
41816,420,417.67,,
41817,423.5,420,,
41818,436.97,#N/A N/A,,
41819,435.5,#N/A N/A,,
41820,470.59,423.5,,
41821,467.78,470.59,,
41822,469.9,467.78,,
41823,468.98,469.9,,
41824,465.96,468.98,,
41825,463.83,#N/A N/A,,
41826,467.89,#N/A N/A,,
41827,459,465.96,,
41828,459.7,459,,
41829,457.24,459.7,,
41830,453.96,457.24,,
41831,464.64,453.96,,
41832,466,#N/A N/A,,
41833,463.31,#N/A N/A,,
41834,456.89,464.64,,
41835,458.5,456.89,,
41836,458.88,458.5,,
41837,461.01,458.88,,
41838,462.47,461.01,,
41839,461.61,#N/A N/A,,
41840,459.5,#N/A N/A,,
41841,457.98,462.47,,
41842,460.01,457.98,,
41843,460.98,460.01,,
41844,448.31,460.98,,
41845,449.39,448.31,,
41846,443.89,#N/A N/A,,
41847,444,#N/A N/A,,
41848,444.5,449.39,,
41849,436,444.5,,
41850,425.38,436,,
41851,439.44,425.38,,
41852,446.67,439.44,,
41853,442.29,#N/A N/A,,
41854,436.98,#N/A N/A,,
41855,438.3,446.67,,
41856,435,438.3,,
41857,435,435,,
41858,443.38,435,,
41859,441.53,443.38,,
41860,438.99,#N/A N/A,,
41861,438.01,#N/A N/A,,
41862,432.85,441.53,,
41863,428.49,432.85,,
41864,407.5,428.49,,
41865,389.32,407.5,,
41866,378.99,389.32,,
41867,390.14,#N/A N/A,,
41868,376.39,#N/A N/A,,
41869,342.42,378.99,,
41870,370,342.42,,
41871,392,370,,
41872,397.25,392,,
41873,394.78,397.25,,
41874,378.5,#N/A N/A,,
41875,387.85,#N/A N/A,,
41876,385,394.78,,
41877,386.61,385,,
41878,389.02,386.61,,
41879,383.25,389.02,,
41880,385,383.25,,
41881,382.6,#N/A N/A,,
41882,365.4,#N/A N/A,,
41883,366.76,385,,
41884,362.74,366.76,,
41885,363,362.74,,
41886,375.7,363,,
41887,372.54,375.7,,
41888,372.56,#N/A N/A,,
41889,370.5,#N/A N/A,,
41890,365.72,372.54,,
41891,367.83,365.72,,
41892,370,367.83,,
41893,366.01,370,,
41894,365.26,366.01,,
41895,367.21,#N/A N/A,,
41896,365.65,#N/A N/A,,
41897,363.13,365.26,,
41898,359.79,363.13,,
41899,347.33,359.79,,
41900,322,347.33,,
41901,309,322,,
41902,319.79,#N/A N/A,,
41903,312,#N/A N/A,,
41904,313.16,309,,
41905,349.08,313.16,,
41906,335,349.08,,
41907,319.23,335,,
41908,319.69,319.23,,
41909,313.76,#N/A N/A,,
41910,300.8,#N/A N/A,,
41911,296.5,319.69,,
41912,308.5,296.5,,
41913,303.85,308.5,,
41914,296.43,303.85,,
41915,286.01,296.43,,
41916,263.61,#N/A N/A,,
41917,248.39,#N/A N/A,,
41918,265.46,286.01,,
41919,264.88,265.46,,
41920,278,264.88,,
41921,292.79,278,,
41922,285.56,292.79,,
41923,288.69,#N/A N/A,,
41924,295.89,#N/A N/A,,
41925,303.14,285.56,,
41926,320,303.14,,
41927,306.01,320,,
41928,300,306.01,,
41929,299.11,300,,
41930,305.55,#N/A N/A,,
41931,303.6,#N/A N/A,,
41932,300,299.11,,
41933,303.86,300,,
41934,302.91,303.86,,
41935,283.7,302.91,,
41936,284.58,283.7,,
41937,277.5,#N/A N/A,,
41938,281,#N/A N/A,,
41939,281.22,284.58,,
41940,280.49,281.22,,
41941,270,280.49,,
41942,275.68,270,,
41943,273.04,275.68,,
41944,256.94,#N/A N/A,,
41945,258.71,#N/A N/A,,
41946,261.69,273.04,,
41947,260.29,261.69,,
41948,272.14,260.29,,
41949,279.12,272.14,,
41950,274.07,279.12,,
41951,270.91,#N/A N/A,,
41952,283.84,#N/A N/A,,
41953,290.5,274.07,,
41954,293,290.5,,
41955,331.98,293,,
41956,321.19,331.98,,
41957,315,321.19,,
41958,303.19,#N/A N/A,,
41959,310.47,#N/A N/A,,
41960,311.88,315,,
41961,305,311.88,,
41962,303.01,305,,
41963,289.15,303.01,,
41964,286.07,289.15,,
41965,288.33,#N/A N/A,,
41966,296.99,#N/A N/A,,
41967,303.32,286.07,,
41968,300.64,303.32,,
41969,293.87,300.64,,
41970,296.82,293.87,,
41971,302.73,296.82,,
41972,301.5,#N/A N/A,,
41973,300.47,#N/A N/A,,
41974,303.13,302.73,,
41975,305,303.13,,
41976,305.38,305,,
41977,301.3,305.38,,
41978,304.97,301.3,,
41979,303.17,#N/A N/A,,
41981,298.04,304.97,,
41982,285.3,298.04,,
41983,282.85,285.3,,
41984,282.04,282.85,,
41985,288,282.04,,
41986,281.96,#N/A N/A,,
41987,285.5,#N/A N/A,,
41988,280.61,288,,
41989,266.99,280.61,,
41990,260.25,266.99,,
41991,255.89,260.25,,
41992,258,255.89,,
41993,267,#N/A N/A,,
41994,263.03,#N/A N/A,,
41995,271,258,,
41996,270.97,271,,
41997,263,270.97,,
41998,263.27,263,,
41999,271.88,263.27,,
42000,260.79,#N/A N/A,,
42001,260.85,#N/A N/A,,
42002,258.54,271.88,,
42003,256.6,258.54,,
42004,263.6,256.6,,
42005,263.66,263.6,,
42006,265.03,263.66,,
42007,245.01,#N/A N/A,,
42008,223.11,#N/A N/A,,
42009,228.64,265.03,,
42010,241.92,228.64,,
42011,249.57,241.92,,
42012,246.97,249.57,,
42013,243.31,246.97,,
42014,234.94,#N/A N/A,,
42015,226.92,#N/A N/A,,
42016,227.5,243.31,,
42017,201.2,227.5,,
42018,156.96,201.2,,
42019,178.21,156.96,,
42020,182.04,178.21,,
42021,174.15,#N/A N/A,,
42022,181.97,#N/A N/A,,
42023,186.87,182.04,,
42024,183.38,186.87,,
42025,196.7,183.38,,
42026,203.55,196.7,,
42027,208.38,203.55,,
42028,218.97,#N/A N/A,,
42029,224.98,#N/A N/A,,
42030,240.49,208.38,,
42031,232.01,240.49,,
42032,210.64,232.01,,
42033,207.22,210.64,,
42034,204.37,207.22,,
42035,199,#N/A N/A,,
42036,207.5,#N/A N/A,,
42037,201.71,204.37,,
42038,199,201.71,,
42039,200.55,199,,
42040,191.94,200.55,,
42041,197.9,191.94,,
42042,200.83,#N/A N/A,,
42043,196.4,#N/A N/A,,
42044,195.9,197.9,,
42045,194.38,195.9,,
42046,194.97,194.38,,
42047,196.22,194.97,,
42048,203.92,196.22,,
42049,219.95,#N/A N/A,,
42050,203.25,#N/A N/A,,
42051,208.78,203.92,,
42052,211.63,208.78,,
42053,204.77,211.63,,
42054,211.74,204.77,,
42055,214.3,211.74,,
42056,214.3,#N/A N/A,,
42057,207.28,#N/A N/A,,
42058,212.11,214.3,,
42059,210.4,212.11,,
42060,209.37,210.4,,
42061,210.05,209.37,,
42062,222.65,210.05,,
42063,221.4,#N/A N/A,,
42064,224,#N/A N/A,,
42065,244.65,222.65,,
42066,250.89,244.65,,
42067,243,250.89,,
42068,252.86,243,,
42069,249,252.86,,
42070,252.81,#N/A N/A,,
42071,250.07,#N/A N/A,,
42072,265.35,249,,
42073,272.99,265.35,,
42074,277.99,272.99,,
42075,279.93,277.99,,
42076,275.74,279.93,,
42077,270.1,#N/A N/A,,
42079,274.98,275.74,,
42080,272.99,274.98,,
42081,247.8,272.99,,
42082,243,247.8,,
42083,245.17,243,,
42084,241.71,#N/A N/A,,
42085,248,#N/A N/A,,
42086,245.7,245.17,,
42087,229.49,245.7,,
42088,224.74,229.49,,
42089,230.15,224.74,,
42090,229.19,230.15,,
42091,232.76,#N/A N/A,,
42092,225.5,#N/A N/A,,
42093,230.88,229.19,,
42094,227.98,230.88,,
42095,228.45,227.98,,
42096,233.07,228.45,,
42097,231.73,233.07,,
42098,231.2,#N/A N/A,,
42099,232.83,#N/A N/A,,
42100,231.95,231.73,,
42101,233.73,231.95,,
42102,228,233.73,,
42103,227.86,228,,
42104,223.22,227.86,,
42105,223.8,#N/A N/A,,
42106,223.1,#N/A N/A,,
42107,212.73,223.22,,
42108,206.2,212.73,,
42109,207.42,206.2,,
42110,213.16,207.42,,
42111,208.45,213.16,,
42112,207.6,#N/A N/A,,
42113,207.72,#N/A N/A,,
42114,208.9,208.45,,
42115,217.14,208.9,,
42116,217.97,217.14,,
42117,215.3,217.97,,
42118,213.01,215.3,,
42119,209.6,#N/A N/A,,
42120,203.96,#N/A N/A,,
42121,206.78,213.01,,
42122,205.03,206.78,,
42123,205.49,205.03,,
42124,211,205.49,,
42125,209.93,211,,
42126,210.3,#N/A N/A,,
42127,215.07,#N/A N/A,,
42128,212.98,209.93,,
42129,209.19,212.98,,
42130,207.48,209.19,,
42131,210.9,207.48,,
42132,216,210.9,,
42133,213.85,#N/A N/A,,
42134,212.92,#N/A N/A,,
42135,216.42,216,,
42136,215.1,216.42,,
42137,213.47,215.1,,
42138,207.45,213.47,,
42139,207.34,207.45,,
42140,205.69,#N/A N/A,,
42141,206,#N/A N/A,,
42142,203.48,207.34,,
42143,205.33,203.48,,
42144,207.51,205.33,,
42145,209.46,207.51,,
42146,214.5,209.46,,
42147,211,#N/A N/A,,
42148,213.49,#N/A N/A,,
42149,211.8,214.5,,
42150,214.01,211.8,,
42151,213.89,214.01,,
42152,215.2,213.89,,
42153,213.35,215.2,,
42154,211.57,#N/A N/A,,
42155,210.06,#N/A N/A,,
42156,204.91,213.35,,
42157,204.12,204.91,,
42158,202,204.12,,
42159,199.55,202,,
42160,201.3,199.55,,
42161,201.9,#N/A N/A,,
42162,200.8,#N/A N/A,,
42163,201.8,201.3,,
42164,202.57,201.8,,
42165,202,202.57,,
42166,203.26,202,,
42167,203.45,203.26,,
42168,204,#N/A N/A,,
42169,205,#N/A N/A,,
42170,209.02,203.45,,
42171,212.95,209.02,,
42172,217.8,212.95,,
42173,217.75,217.8,,
42174,215.68,217.75,,
42175,213.63,#N/A N/A,,
42176,212,#N/A N/A,,
42177,217,215.68,,
42178,216.71,217,,
42179,215.36,216.71,,
42180,214.81,215.36,,
42181,215.77,214.81,,
42182,221.87,#N/A N/A,,
42183,224.1,#N/A N/A,,
42184,228,215.77,,
42185,233.52,228,,
42186,234.31,233.52,,
42187,230.71,234.31,,
42188,230.11,230.71,,
42189,232.72,#N/A N/A,,
42190,244.45,#N/A N/A,,
42191,248.35,230.11,,
42192,242.58,248.35,,
42193,242.4,242.58,,
42194,245.3,242.4,,
42195,258.65,245.3,,
42196,262.6,#N/A N/A,,
42197,276.21,#N/A N/A,,
42198,262.53,258.65,,
42199,262.91,262.53,,
42200,264.02,262.91,,
42201,253.99,264.02,,
42202,255.81,253.99,,
42203,254.75,#N/A N/A,,
42204,253.9,#N/A N/A,,
42205,254.5,255.81,,
42206,254.41,254.5,,
42207,252.8,254.41,,
42208,251.2,252.8,,
42209,260.25,251.2,,
42210,262,#N/A N/A,,
42211,264.16,#N/A N/A,,
42212,264.6,260.25,,
42213,266.93,264.6,,
42214,264.25,266.93,,
42215,262.33,264.25,,
42216,260.63,262.33,,
42217,257.83,#N/A N/A,,
42218,257.27,#N/A N/A,,
42219,260.15,260.63,,
42220,262.54,260.15,,
42221,259.55,262.54,,
42222,256.63,259.55,,
42223,257.26,256.63,,
42224,247.01,#N/A N/A,,
42225,241.41,#N/A N/A,,
42226,241.5,257.26,,
42227,241.62,241.5,,
42228,242.99,241.62,,
42229,238.81,242.99,,
42230,241.11,238.81,,
42231,240.34,#N/A N/A,,
42232,236.35,#N/A N/A,,
42233,236.08,241.11,,
42234,230.18,236.08,,
42235,207.91,230.18,,
42236,212.75,207.91,,
42237,206.98,212.75,,
42238,201.31,#N/A N/A,,
42239,202.66,#N/A N/A,,
42240,188.4,206.98,,
42241,198.68,188.4,,
42242,201.35,198.68,,
42243,202.68,201.35,,
42244,209.5,202.68,,
42245,204.66,#N/A N/A,,
42246,205,#N/A N/A,,
42247,205.74,209.5,,
42248,202.21,205.74,,
42249,204.63,202.21,,
42250,204.34,204.63,,
42251,207.35,204.34,,
42252,209.9,#N/A N/A,,
42253,215.44,#N/A N/A,,
42254,216.06,207.35,,
42255,218.03,216.06,,
42256,215,218.03,,
42257,213.12,215,,
42258,212.74,213.12,,
42259,208.71,#N/A N/A,,
42260,203.79,#N/A N/A,,
42261,205.45,212.74,,
42262,204.47,205.45,,
42263,202.2,204.47,,
42264,204.5,202.2,,
42265,206.41,204.5,,
42266,204.63,#N/A N/A,,
42267,205,#N/A N/A,,
42268,203.2,206.41,,
42269,206.73,203.2,,
42270,205.64,206.73,,
42271,209.82,205.64,,
42272,209.1,209.82,,
42273,209.39,#N/A N/A,,
42274,207.77,#N/A N/A,,
42275,211.2,209.1,,
42276,210.15,211.2,,
42277,210.41,210.15,,
42286,214.99,210.41,,
42287,215.5,#N/A N/A,,
42288,217.33,#N/A N/A,,
42289,216.58,214.99,,
42290,218.83,216.58,,
42291,221.48,218.83,,
42292,222.37,221.48,,
42293,228.45,222.37,,
42294,234.73,#N/A N/A,,
42295,229.68,#N/A N/A,,
42296,232,228.45,,
42297,237.2,232,,
42298,235.49,237.2,,
42299,246.5,235.49,,
42300,250.42,246.5,,
42301,253,#N/A N/A,,
42302,262.26,#N/A N/A,,
42303,257.81,250.42,,
42304,266.35,257.81,,
42305,275,266.35,,
42306,284.9,275,,
42307,291.6,284.9,,
42308,284.23,#N/A N/A,,
42309,294.14,#N/A N/A,,
42310,324.98,291.6,,
42311,359.99,324.98,,
42312,360,359.99,,
42313,374.9,360,,
42314,341,374.9,,
42315,356,#N/A N/A,,
42316,345.66,#N/A N/A,,
42317,350.98,341,,
42318,313,350.98,,
42319,290.3,313,,
42320,302.73,290.3,,
42321,310.8,302.73,,
42322,309.74,#N/A N/A,,
42323,300.16,#N/A N/A,,
42324,311.17,310.8,,
42325,314.07,311.17,,
42326,316.45,314.07,,
42327,306,316.45,,
42328,302.2,306,,
42329,306.94,#N/A N/A,,
42330,306.7,#N/A N/A,,
42331,305.15,302.2,,
42332,301.98,305.15,,
42333,309.44,301.98,,
42334,329.72,309.44,,
42335,339.39,329.72,,
42336,337.78,#N/A N/A,,
42337,347.02,#N/A N/A,,
42338,356.82,339.39,,
42339,340,356.82,,
42340,340.03,340,,
42341,331.05,340.03,,
42342,334.77,331.05,,
42343,347.26,#N/A N/A,,
42344,364.23,#N/A N/A,,
42345,362.85,334.77,,
42346,363.46,362.85,,
42347,377.53,363.46,,
42348,381.08,377.53,,
42349,403,381.08,,
42350,385.85,#N/A N/A,,
42351,396.2,#N/A N/A,,
42352,398.15,403,,
42353,421.1,398.15,,
42354,416.13,421.1,,
42355,417.8,416.13,,
42356,422.5,417.8,,
42357,421.49,#N/A N/A,,
42358,404.41,#N/A N/A,,
42359,396.58,422.5,,
42360,398.3,396.58,,
42361,405.59,398.3,,
42362,412.37,405.59,,
42363,413.85,412.37,,
42364,379.64,#N/A N/A,,
42365,387.45,#N/A N/A,,
42366,384.4,413.85,,
42367,393.61,384.4,,
42368,390,393.61,,
42369,397.51,390,,
42370,398.04,397.51,,
42371,399.51,#N/A N/A,,
42372,393.03,#N/A N/A,,
42373,401.5,398.04,,
42374,402.21,401.5,,
42375,401.19,402.21,,
42376,418.2,401.19,,
42377,415.98,418.2,,
42378,414.99,#N/A N/A,,
42379,410.5,#N/A N/A,,
42380,415.08,415.98,,
42381,413,415.08,,
42382,397.57,413,,
42383,400.3,397.57,,
42384,357.01,400.3,,
42385,350.96,#N/A N/A,,
42386,356.16,#N/A N/A,,
42387,355.2,357.01,,
42388,350.6,355.2,,
42389,374.88,350.6,,
42390,375.89,374.88,,
42391,351.96,375.89,,
42392,362.73,#N/A N/A,,
42393,372.99,#N/A N/A,,
42394,363.48,351.96,,
42395,365.36,363.48,,
42396,363.85,365.36,,
42397,351.81,363.85,,
42398,349,351.81,,
42399,350.91,#N/A N/A,,
42400,349.7,#N/A N/A,,
42401,341.3,349,,
42402,343.17,341.3,,
42403,334.37,343.17,,
42404,346.56,334.37,,
42405,345.43,346.56,,
42406,336.41,#N/A N/A,,
42407,335.24,#N/A N/A,,
42408,333.43,345.43,,
42409,332.22,333.43,,
42410,337.8,332.22,,
42411,331.45,337.8,,
42412,338.21,331.45,,
42413,345.78,#N/A N/A,,
42414,354.85,#N/A N/A,,
42415,354.3,338.21,,
42416,362.96,354.3,,
42417,375.16,362.96,,
42418,378.45,375.16,,
42419,375.64,378.45,,
42420,393.38,#N/A N/A,,
42421,393.01,#N/A N/A,,
42422,394.02,375.64,,
42423,379.4,394.02,,
42424,384.54,379.4,,
42425,383.84,384.54,,
42426,387.9,383.84,,
42427,393,#N/A N/A,,
42428,393.19,#N/A N/A,,
42429,397.39,387.9,,
42430,395.01,397.39,,
42431,392.6,395.01,,
42432,384.96,392.6,,
42433,373.75,384.96,,
42434,362,#N/A N/A,,
42435,368.93,#N/A N/A,,
42436,373.2,373.75,,
42437,373.2,373.2,,
42438,373.9,373.2,,
42439,372.29,373.9,,
42440,375.99,372.29,,
42441,366,#N/A N/A,,
42442,366.84,#N/A N/A,,
42443,372,375.99,,
42444,373.29,372,,
42445,373.02,373.29,,
42446,372.23,373.02,,
42447,361.11,372.23,,
42448,361.29,#N/A N/A,,
42449,365.45,#N/A N/A,,
42450,366.82,361.11,,
42451,371.92,366.82,,
42452,373.8,371.92,,
42453,372.58,373.8,,
42454,373,372.58,,
42455,374.18,#N/A N/A,,
42456,382.2,#N/A N/A,,
42457,376.57,373,,
42458,368.41,376.57,,
42459,365.77,368.41,,
42460,367.89,365.77,,
42461,367,367.89,,
42462,369.56,#N/A N/A,,
42463,368.76,#N/A N/A,,
42464,368.76,367,,
42465,371,368.76,,
42466,371,371,,
42467,372.1,371,,
42468,369.4,372.1,,
42469,367.01,#N/A N/A,,
42470,369.8,#N/A N/A,,
42471,371.4,369.4,,
42472,373.11,371.4,,
42473,376.24,373.11,,
42474,377.02,376.24,,
42475,381.08,377.02,,
42476,381.75,#N/A N/A,,
42477,377.27,#N/A N/A,,
42478,377.9,381.08,,
42479,380.86,377.9,,
42480,391.88,380.86,,
42481,398.49,391.88,,
42482,397.49,398.49,,
42483,397.91,#N/A N/A,,
42484,410,#N/A N/A,,
42485,414.99,397.49,,
42486,416,414.99,,
42487,401.89,416,,
42488,396.36,401.89,,
42489,398,396.36,,
42490,393.39,#N/A N/A,,
42491,395.99,#N/A N/A,,
42492,388.56,398,,
42493,393,388.56,,
42494,391.01,393,,
42495,393.77,391.01,,
42496,403.97,393.77,,
42497,403.41,#N/A N/A,,
42498,402.17,#N/A N/A,,
42499,406.98,403.97,,
42500,400.91,406.98,,
42501,397.2,400.91,,
42502,398.5,397.2,,
42503,403.7,398.5,,
42504,402.86,#N/A N/A,,
42505,404.54,#N/A N/A,,
42506,401.05,403.7,,
42507,402.7,401.05,,
42508,404.66,402.7,,
42509,395.9,404.66,,
42510,394.28,395.9,,
42511,395.94,#N/A N/A,,
42512,392.02,#N/A N/A,,
42513,394.11,394.28,,
42514,398.9,394.11,,
42515,401.97,398.9,,
42516,402.99,401.97,,
42517,423,402.99,,
42518,467,#N/A N/A,,
42519,481.96,#N/A N/A,,
42520,476,423,,
42521,466.93,476,,
42522,476.8,466.93,,
42523,480.36,476.8,,
42524,505.52,480.36,,
42525,506.51,#N/A N/A,,
42526,506.99,#N/A N/A,,
42527,513.29,505.52,,
42528,509.35,513.29,,
42529,508.55,509.35,,
42530,508.57,508.55,,
42531,515.62,508.57,,
42532,520.62,#N/A N/A,,
42533,592.29,#N/A N/A,,
42534,610.7,515.62,,
42535,617,610.7,,
42536,616.29,617,,
42537,681.71,616.29,,
42538,668.7,681.71,,
42539,667.01,#N/A N/A,,
42540,675.45,#N/A N/A,,
42541,655,668.7,,
42542,583,655,,
42543,546,583,,
42544,546.5,546,,
42545,596.01,546.5,,
42546,595.32,#N/A N/A,,
42547,578.86,#N/A N/A,,
42548,587.4,596.01,,
42549,587.56,587.4,,
42550,577.8,587.56,,
42551,601.77,577.8,,
42552,609.99,601.77,,
42553,626.79,#N/A N/A,,
42554,592.4,#N/A N/A,,
42555,608.99,609.99,,
42556,611.4,608.99,,
42557,613.98,611.4,,
42558,564.72,613.98,,
42559,604.99,564.72,,
42560,584.94,#N/A N/A,,
42561,589.35,#N/A N/A,,
42562,588.81,604.99,,
42563,606.98,588.81,,
42564,599,606.98,,
42565,599.39,599,,
42566,606.07,599.39,,
42567,602.5,#N/A N/A,,
42568,617.49,#N/A N/A,,
42569,610.85,606.07,,
42570,609.36,610.85,,
42571,603.2,609.36,,
42572,602.56,603.2,,
42573,598.8,602.56,,
42574,601,#N/A N/A,,
42575,603.83,#N/A N/A,,
42576,595,598.8,,
42577,595.18,595,,
42578,594.32,595.18,,
42579,591.33,594.32,,
42580,588.98,591.33,,
42581,586.13,#N/A N/A,,
42582,565.2,#N/A N/A,,
42583,546.99,588.98,,
42584,494.5,546.99,,
42585,512.34,494.5,,
42586,521.22,512.34,,
42587,521.89,521.22,,
42588,530,#N/A N/A,,
42589,538.78,#N/A N/A,,
42590,538.99,521.89,,
42591,531.67,538.99,,
42592,533.05,531.67,,
42593,531.97,533.05,,
42594,525.92,531.97,,
42595,525.65,#N/A N/A,,
42596,509.6,#N/A N/A,,
42597,508.99,525.92,,
42598,514.01,508.99,,
42599,509.88,514.01,,
42600,507.73,509.88,,
42601,510.13,507.73,,
42602,514.81,#N/A N/A,,
42603,514.9,#N/A N/A,,
42604,518.61,510.13,,
42605,515.06,518.61,,
42606,515.19,515.06,,
42607,510.38,515.19,,
42608,515.45,510.38,,
42609,508.99,#N/A N/A,,
42610,511.08,#N/A N/A,,
42611,512.75,515.45,,
42612,516.49,512.75,,
42613,514.64,516.49,,
42614,510.42,514.64,,
42615,512.99,510.42,,
42616,530.49,#N/A N/A,,
42617,541.49,#N/A N/A,,
42618,541.99,512.99,,
42619,542.89,541.99,,
42620,545.62,542.89,,
42621,555.16,545.62,,
42622,554.06,555.16,,
42623,557.43,#N/A N/A,,
42624,534.44,#N/A N/A,,
42625,542.09,554.06,,
42626,545.09,542.09,,
42627,544.96,545.09,,
42628,542.46,544.96,,
42629,543.7,542.46,,
42630,543.78,#N/A N/A,,
42631,545.88,#N/A N/A,,
42632,545.62,543.7,,
42633,544.98,545.62,,
42634,531.26,544.98,,
42635,532.49,531.26,,
42636,537.68,532.49,,
42637,538.85,#N/A N/A,,
42638,535.99,#N/A N/A,,
42639,541.98,537.68,,
42640,540.02,541.98,,
42641,542.22,540.02,,
42642,541.37,542.22,,
42643,543.11,541.37,,
42644,550.26,#N/A N/A,,
42645,546,#N/A N/A,,
42646,546.99,543.11,,
42647,545.88,546.99,,
42648,549.61,545.88,,
42649,551.46,549.61,,
42650,557,551.46,,
42651,555.4,#N/A N/A,,
42652,553.73,#N/A N/A,,
42653,557.91,557,,
42654,578.03,557.91,,
42655,577.45,578.03,,
42656,575,577.45,,
42657,582.76,575,,
42658,583.17,#N/A N/A,,
42659,584.67,#N/A N/A,,
42660,582.7,582.76,,
42661,580.75,582.7,,
42662,576.86,580.75,,
42663,579.65,576.86,,
42664,582.51,579.65,,
42665,601.99,#N/A N/A,,
42666,600.19,#N/A N/A,,
42667,599.46,582.51,,
42668,604.57,599.46,,
42669,619,604.57,,
42670,627.22,619,,
42671,628.8,627.22,,
42672,649.45,#N/A N/A,,
42673,630,#N/A N/A,,
42674,640.75,628.8,,
42675,659.77,640.75,,
42676,658.79,659.77,,
42677,626.26,658.79,,
42678,627,626.26,,
42679,630.25,#N/A N/A,,
42680,639.59,#N/A N/A,,
42681,634.41,627,,
42682,644.99,634.41,,
42683,658.31,644.99,,
42684,652.75,658.31,,
42685,660.43,652.75,,
42686,648.98,#N/A N/A,,
42687,645.18,#N/A N/A,,
42688,658.34,660.43,,
42689,661.55,658.34,,
42690,694.31,661.55,,
42691,693.89,694.31,,
42692,701.99,693.89,,
42693,705.16,#N/A N/A,,
42694,687.93,#N/A N/A,,
42695,696.51,701.99,,
42696,706.6,696.51,,
42697,702.29,706.6,,
42698,700.9,702.29,,
42699,699.88,700.9,,
42700,696.48,#N/A N/A,,
42701,693.9,#N/A N/A,,
42702,692.8,699.88,,
42703,692.89,692.8,,
42704,701.74,692.89,,
42705,705.5,701.74,,
42706,730.09,705.5,,
42707,723.29,#N/A N/A,,
42708,726.78,#N/A N/A,,
42709,710,730.09,,
42710,715.82,710,,
42711,722.11,715.82,,
42712,727.48,722.11,,
42713,732.5,727.48,,
42714,737,#N/A N/A,,
42715,731.81,#N/A N/A,,
42716,738,732.5,,
42717,738.9,738,,
42718,739.49,738.9,,
42719,747.73,739.49,,
42720,752.69,747.73,,
42721,759.46,#N/A N/A,,
42722,760,#N/A N/A,,
42723,764.06,752.69,,
42724,771.89,764.06,,
42725,794.43,771.89,,
42726,825.58,794.43,,
42727,873,825.58,,
42728,853,#N/A N/A,,
42729,855,#N/A N/A,,
42730,861.72,873,,
42731,893.13,861.72,,
42732,927.99,893.13,,
42733,926,927.99,,
42734,906.04,926,,
42735,913,#N/A N/A,,
42736,951.58,#N/A N/A,,
42737,967,906.04,,
42738,983,967,,
42739,1042.92,983,,
42740,916,1042.92,,
42741,860.97,916,,
42742,846.75,#N/A N/A,,
42743,868.61,#N/A N/A,,
42744,853,860.97,,
42745,867.06,853,,
42746,750,867.06,,
42747,778.4,750,,
42748,787,778.4,,
42749,779.47,#N/A N/A,,
42750,775.58,#N/A N/A,,
42751,790.9,787,,
42752,845.53,790.9,,
42753,826.09,845.53,,
42754,850.82,826.09,,
42755,846.59,850.82,,
42756,865.5,#N/A N/A,,
42757,864,#N/A N/A,,
42758,860.9,846.59,,
42759,840.1,860.9,,
42760,836.3,840.1,,
42761,858.01,836.3,,
42762,864.07,858.01,,
42763,864.18,#N/A N/A,,
42764,859.31,#N/A N/A,,
42765,863.29,864.07,,
42766,890.65,863.29,,
42767,911.99,890.65,,
42768,941.22,911.99,,
42769,941,941.22,,
42770,952.01,#N/A N/A,,
42771,944.56,#N/A N/A,,
42772,955.3,941,,
42773,986.32,955.3,,
42774,993.31,986.32,,
42775,909.18,993.31,,
42776,943.48,909.18,,
42777,954.89,#N/A N/A,,
42778,945.12,#N/A N/A,,
42779,945.63,943.48,,
42780,955.03,945.63,,
42781,958,955.03,,
42782,980.89,958,,
42783,997,980.89,,
42784,1001.2,#N/A N/A,,
42785,990.59,#N/A N/A,,
42786,999,997,,
42787,1053,999,,
42788,1063.56,1053,,
42789,1096.31,1063.56,,
42790,1114.59,1096.31,,
42791,1094,#N/A N/A,,
42792,1107.34,#N/A N/A,,
42793,1121.97,1114.59,,
42794,1124.25,1121.97,,
42795,1156.7,1124.25,,
42796,1185.01,1156.7,,
42797,1202.99,1185.01,,
42798,1186.91,#N/A N/A,,
42799,1188.83,#N/A N/A,,
42800,1204.92,1202.99,,
42801,1178.11,1204.92,,
42802,1097.5,1178.11,,
42803,1132,1097.5,,
42804,1025,1132,,
42805,1093.49,#N/A N/A,,
42806,1141,#N/A N/A,,
42807,1158.49,1025,,
42808,1170.91,1158.49,,
42809,1161.01,1170.91,,
42810,1065.14,1161.01,,
42811,1015.91,1065.14,,
42812,868.4,#N/A N/A,,
42813,974.81,#N/A N/A,,
42814,946.8,1015.91,,
42815,1010,946.8,,
42816,936.01,1010,,
42817,963.46,936.01,,
42818,883.98,963.46,,
42819,865.54,#N/A N/A,,
42820,895,#N/A N/A,,
42821,936.6,883.98,,
42822,942,936.6,,
42823,958.64,942,,
42824,962.44,958.64,,
42825,1001.51,962.44,,
42826,1005,#N/A N/A,,
42827,1031.73,#N/A N/A,,
42828,1077.29,1001.51,,
42829,1064.37,1077.29,,
42830,1059.26,1064.37,,
42831,1121.51,1059.26,,
42832,1131.41,1121.51,,
42833,1106.99,#N/A N/A,,
42834,1138.62,#N/A N/A,,
42835,1132.12,1131.41,,
42836,1153.73,1132.12,,
42837,1137.25,1153.73,,
42838,1097,1137.25,,
42839,1111.32,1097,,
42840,1106.99,#N/A N/A,,
42841,1109.81,#N/A N/A,,
42842,1117.24,1111.32,,
42843,1123.99,1117.24,,
42844,1124.55,1123.99,,
42845,1154.54,1124.55,,
42846,1155.9,1154.54,,
42847,1148.72,#N/A N/A,,
42848,1143.98,#N/A N/A,,
42849,1155.66,1155.9,,
42850,1170,1155.66,,
42851,1180.73,1170,,
42852,1221.93,1180.73,,
42853,1185,1221.93,,
42854,1217.49,#N/A N/A,,
42855,1215.88,#N/A N/A,,
42856,1273.98,1185,,
42857,1300.58,1273.98,,
42858,1381,1300.58,,
42859,1335.69,1381,,
42860,1373.32,1335.69,,
42861,1404.78,#N/A N/A,,
42862,1404,#N/A N/A,,
42863,1495,1373.32,,
42864,1558.79,1495,,
42865,1632,1558.79,,
42866,1677.79,1632,,
42867,1560.01,1677.79,,
42868,1616.76,#N/A N/A,,
42869,1640.29,#N/A N/A,,
42870,1586.09,1560.01,,
42871,1608.79,1586.09,,
42872,1647.72,1608.79,,
42873,1695.66,1647.72,,
42874,1731.4,1695.66,,
42875,1798.91,#N/A N/A,,
42876,1796.11,#N/A N/A,,
42877,1884.89,1731.4,,
42878,1968.27,1884.89,,
42879,2167.98,1968.27,,
42880,2098.19,2167.98,,
42881,1987.9,2098.19,,
42882,1790,#N/A N/A,,
42883,1814.3,#N/A N/A,,
42884,2049.92,1987.9,,
42885,2013.18,2049.92,,
42886,2053.69,2013.18,,
42887,2127,2053.69,,
42888,2173,2127,,
42889,2276.93,#N/A N/A,,
42890,2238.8,#N/A N/A,,
42891,2355.96,2173,,
42892,2553.7,2355.96,,
42893,2461,2553.7,,
42894,2472.8,2461,,
42895,2545,2472.8,,
42896,2518.48,#N/A N/A,,
42897,2589.01,#N/A N/A,,
42898,2314.89,2545,,
42899,2394.22,2314.89,,
42900,2290,2394.22,,
42901,2128.64,2290,,
42902,2232.11,2128.64,,
42903,2353.7,#N/A N/A,,
42904,2204.95,#N/A N/A,,
42905,2285.34,2232.11,,
42906,2469.98,2285.34,,
42907,2389,2469.98,,
42908,2389.96,2389,,
42909,2426.56,2389.96,,
42910,2294.59,#N/A N/A,,
42911,2199.78,#N/A N/A,,
42912,2042.3,2426.56,,
42913,2145.42,2042.3,,
42914,2270.89,2145.42,,
42915,2240.68,2270.89,,
42916,2200.29,2240.68,,
42917,2092,#N/A N/A,,
42918,2180,#N/A N/A,,
42919,2258.88,2200.29,,
42920,2269.99,2258.88,,
42921,2295.15,2269.99,,
42922,2281,2295.15,,
42923,2209.19,2281,,
42924,2237.18,#N/A N/A,,
42925,2220.92,#N/A N/A,,
42926,2081.99,2209.19,,
42927,2032.25,2081.99,,
42928,2084.8,2032.25,,
42929,2052,2084.8,,
42930,1890,2052,,
42931,1755,#N/A N/A,,
42932,1630,#N/A N/A,,
42933,1889,1890,,
42934,2072,1889,,
42935,1958.99,2072,,
42936,2350,1958.99,,
42937,2270,2350,,
42938,2403.44,#N/A N/A,,
42939,2391.12,#N/A N/A,,
42940,2382,2270,,
42941,2128.8,2382,,
42942,2166.93,2128.8,,
42943,2230.01,2166.93,,
42944,2353.26,2230.01,,
42945,2346.94,#N/A N/A,,
42946,2362.16,#N/A N/A,,
42947,2473,2353.26,,
42948,2327.84,2473,,
42949,2278,2327.84,,
42950,2369,2278,,
42951,2418,2369,,
42952,2793.97,#N/A N/A,,
42953,2766.64,#N/A N/A,,
42954,2863.39,2418,,
42955,2954.2,2863.39,,
42956,2879.3,2954.2,,
42957,2917.5,2879.3,,
42958,3050.12,2917.5,,
42959,3203.09,#N/A N/A,,
42960,3401.29,#N/A N/A,,
42961,3640,3050.12,,
42962,3469.8,3640,,
42963,3722.37,3469.8,,
42964,3702.47,3722.37,,
42965,3438,3702.47,,
42966,3525,#N/A N/A,,
42967,3517,#N/A N/A,,
42968,3414,3438,,
42969,3475,3414,,
42970,3519.99,3475,,
42971,3624,3519.99,,
42972,3677.98,3624,,
42973,3665,#N/A N/A,,
42974,3654.15,#N/A N/A,,
42975,3644.98,3677.98,,
42976,3822.01,3644.98,,
42977,3834.99,3822.01,,
42978,3994.57,3834.99,,
42979,4112.02,3994.57,,
42980,3854.9,#N/A N/A,,
42981,3883.96,#N/A N/A,,
42982,3639.4,4112.02,,
42983,3827.6,3639.4,,
42984,3875,3827.6,,
42985,3837.8,3875,,
42986,3577.3,3837.8,,
42987,3617.4,#N/A N/A,,
42988,3618.2,#N/A N/A,,
42989,3544.3,3577.3,,
42990,3519,3544.3,,
42991,3265.6,3519,,
42992,2864.9,3265.6,,
42993,3162.4,2864.9,,
42994,3123.7,#N/A N/A,,
42995,3148,#N/A N/A,,
42996,3388.1,3162.4,,
42997,3267.1,3388.1,,
42998,3319.9,3267.1,,
42999,3030,3319.9,,
43000,3042.3,3030,,
43001,3165,#N/A N/A,,
43002,3084.9,#N/A N/A,,
43003,3320,3042.3,,
43004,3268,3320,,
43005,3519.3,3268,,
43006,3520,3519.3,,
43007,3526.8,3520,,
43008,3660,#N/A N/A,,
43009,3644.5,#N/A N/A,,
43010,3745,3526.8,,
43011,3648.6,3745,,
43012,3578.1,3648.6,,
43013,3712.6,3578.1,,
43014,3693.6,3712.6,,
43015,3689.7,#N/A N/A,,
43016,3888,#N/A N/A,,
43017,4099.5,3693.6,,
43018,4115.6,4099.5,,
43019,4069,4115.6,,
43020,4451.8,4069,,
43021,4729.9,4451.8,,
43022,4770,#N/A N/A,,
43023,4651.3,#N/A N/A,,
43024,4790.4,4729.9,,
43025,4744.7,4790.4,,
43026,4667,4744.7,,
43027,4795.8,4667,,
43028,5049,4795.8,,
43029,5175.1,#N/A N/A,,
43030,5000.3,#N/A N/A,,
43031,5016,5049,,
43032,4769.9,5016,,
43033,4857.5,4769.9,,
43034,5046.1,4857.5,,
43035,4994.9,5046.1,,
43036,4955.8,#N/A N/A,,
43037,5275,#N/A N/A,,
43038,5243.5,4994.9,,
43039,5482.8,5243.5,,
43040,5701,5482.8,,
43041,6045,5701,,
43042,6269.7,6045,,
43043,6389.5,#N/A N/A,,
43044,6345,#N/A N/A,,
43045,6142.6,6269.7,,
43046,6103,6142.6,,
43047,6296.8,6103,,
43048,6187.1,6296.8,,
43049,5574.1,6187.1,,
43050,5450,#N/A N/A,,
43051,4970,#N/A N/A,,
43052,5601.1,5574.1,,
43053,5689.9,5601.1,,
43054,6207,5689.9,,
43055,6684,6207,,
43056,6580,6684,,
43057,6628,#N/A N/A,,
43058,6772,#N/A N/A,,
43059,6961.4,6580,,
43060,6940,6961.4,,
43061,6973,6940,,
43062,6880,6973,,
43063,6928,6880,,
43064,7229.4,#N/A N/A,,
43065,7626.6,#N/A N/A,,
43066,8040.8,6928,,
43067,8315,8040.8,,
43068,8698.6,8315,,
43069,8280,8698.6,,
43070,9215,8280,,
43071,9270.1,#N/A N/A,,
43072,9049,#N/A N/A,,
43073,9642,9215,,
43074,9973,9642,,
43075,11295,9973,,
43076,13402,11295,,
43077,13230,13402,,
43078,12000,#N/A N/A,,
43079,11900,#N/A N/A,,
43080,14202.4,13230,,
43081,13650,14202.4,,
43082,13649.9,13650,,
43083,13599.6,13649.9,,
43084,14743,13599.6,,
43085,16170,#N/A N/A,,
43086,15505,#N/A N/A,,
43087,15526.8,14743,,
43088,14491,15526.8,,
43089,13798.4,14491,,
43090,12750,13798.4,,
43091,11956.3,12750,,
43092,12939.8,#N/A N/A,,
43093,11104.8,#N/A N/A,,
43094,11545.9,11956.3,,
43095,13335.3,11545.9,,
43096,12819,13335.3,,
43097,12020,12819,,
43098,12310,12020,,
43099,11024.9,#N/A N/A,,
43100,12018.4,#N/A N/A,,
43101,11498.9,12310,,
43102,12386.4,11498.9,,
43103,12700,12386.4,,
43104,12670,12700,,
43105,14300,12670,,
43106,13943,#N/A N/A,,
43107,13294.3,#N/A N/A,,
43108,12650.4,14300,,
43109,12303,12650.4,,
43110,12049.3,12303,,
43111,11406.1,12049.3,,
43113,11871.9,#N/A N/A,,
43114,11189,#N/A N/A,,
43115,11629.7,11406.1,,
43116,9549,11629.7,,
43117,9499.9,9549,,
43118,9664.5,9499.9,,
43119,9481.2,9664.5,,
43120,10633.4,#N/A N/A,,
43121,9410,#N/A N/A,,
43122,8450.1,9481.2,,
43123,8979.9,8450.1,,
43124,9100,8979.9,,
43125,9072.2,9100,,
43126,8815.1,9072.2,,
43127,9276.8,#N/A N/A,,
43128,9417.3,#N/A N/A,,
43129,9079.3,8815.1,,
43130,8170,9079.3,,
43131,8022.6,8170,,
43132,7259.5,8022.6,,
43133,6900,7259.5,,
43134,7368.8,#N/A N/A,,
43135,6431,#N/A N/A,,
43136,5699,6900,,
43137,6259.9,5699,,
43138,6604.8,6259.9,,
43139,6735,6604.8,,
43140,6980,6735,,
43141,6779.4,#N/A N/A,,
43142,6791.5,#N/A N/A,,
43143,7200,6980,,
43144,6944.7,7200,,
43145,7473.7,6944.7,,
43146,7940,7473.7,,
43147,8126.8,7940,,
43148,8740.5,#N/A N/A,,
43149,8718,#N/A N/A,,
43150,8983.5,8126.8,,
43151,9501.4,8983.5,,
43152,8350,9501.4,,
43153,8051.2,8350,,
43154,8082.8,8051.2,,
43155,7733.2,#N/A N/A,,
43156,7823.4,#N/A N/A,,
43157,8429.9,8082.8,,
43158,8773.3,8429.9,,
43159,8656.9,8773.3,,
43160,8879.5,8656.9,,
43161,8933.5,8879.5,,
43162,9129.8,#N/A N/A,,
43163,9200,#N/A N/A,,
43164,9351,8933.5,,
43165,8704.4,9351,,
43166,8083.9,8704.4,,
43167,7575,8083.9,,
43168,7340,7575,,
43169,7180,#N/A N/A,,
43170,7795,#N/A N/A,,
43171,7326.1,7340,,
43172,7314.7,7326.1,,
43173,6730.9,7314.7,,
43174,6748.4,6730.9,,
43175,6930,6748.4,,
43176,6351.7,#N/A N/A,,
43177,6197.6,#N/A N/A,,
43178,6817.8,6930,,
43179,7305.9,6817.8,,
43180,7201.3,7305.9,,
43181,6991.9,7201.3,,
43182,6989.4,6991.9,,
43183,7243,#N/A N/A,,
43184,7004,#N/A N/A,,
43185,6369.2,6989.4,,
43186,6480.1,6369.2,,
43187,6422.5,6480.1,,
43188,5751.8,6422.5,,
43189,5564.9,5751.8,,
43190,5588,#N/A N/A,,
43191,5602.2,#N/A N/A,,
43192,5633,5564.9,,
43193,6050.1,5633,,
43194,5584.1,6050.1,,
43195,5518.9,5584.1,,
43196,5383.7,5518.9,,
43197,5699.5,#N/A N/A,,
43198,5655.9,#N/A N/A,,
43199,5418,5383.7,,
43200,5547,5418,,
43201,5578.5,5547,,
43202,6263,5578.5,,
43203,6347.6,6263,,
43204,6539.6,#N/A N/A,,
43205,6723.8,#N/A N/A,,
43206,6470,6347.6,,
43207,6399,6470,,
43208,6626.9,6399,,
43209,6679.9,6626.9,,
43210,6951,6679.9,,
43211,7140.5,#N/A N/A,,
43212,7247.1,#N/A N/A,,
43213,7310,6951,,
43214,7735,7310,,
43215,7459.7,7735,,
43216,7497.2,7459.7,,
43217,7393.1,7497.2,,
43218,7725.2,#N/A N/A,,
43219,7689.7,#N/A N/A,,
43220,7681.9,7393.1,,
43221,7530,7681.9,,
43222,7654.1,7530,,
43223,8031.9,7654.1,,
43224,8084,8031.9,,
43225,8125,#N/A N/A,,
43226,7965.9,#N/A N/A,,
43227,7912.3,8084,,
43228,7706.4,7912.3,,
43229,7801,7706.4,,
43230,7623.4,7801,,
43231,7075.9,7623.4,,
43232,7067.8,#N/A N/A,,
43233,7296.7,#N/A N/A,,
43234,7377.6,7075.9,,
43235,7194,7377.6,,
43236,7035.3,7194,,
43237,6966.2,7035.3,,
43238,6985.1,6966.2,,
43239,7040,#N/A N/A,,
43240,7259.3,#N/A N/A,,
43241,7131.7,6985.1,,
43242,6877.2,7131.7,,
43243,6468.1,6877.2,,
43244,6457.8,6468.1,,
43245,6394,6457.8,,
43246,6452.8,#N/A N/A,,
43247,6256.7,#N/A N/A,,
43248,6200.9,6394,,
43249,6495.9,6200.9,,
43250,6300,6495.9,,
43251,6435.8,6300,,
43252,6374.8,6435.8,,
43253,6551.5,#N/A N/A,,
43254,6620,#N/A N/A,,
43255,6432.2,6374.8,,
43256,6519.5,6432.2,,
43257,6486.3,6519.5,,
43258,6488.3,6486.3,,
43259,6497.6,6488.3,,
43260,6490.7,#N/A N/A,,
43261,5716.2,#N/A N/A,,
43262,5755.8,6497.6,,
43263,5561.2,5755.8,,
43264,5318.1,5561.2,,
43265,5770.3,5318.1,,
43266,5605.6,5770.3,,
43267,5618,#N/A N/A,,
43268,5590.9,#N/A N/A,,
43269,5800.1,5605.6,,
43270,5789,5800.1,,
43271,5830.2,5789,,
43272,5792.6,5830.2,,
43273,5215.2,5792.6,,
43274,5266.6,#N/A N/A,,
43275,5307.2,#N/A N/A,,
43276,5348.2,5215.2,,
43277,5303,5348.2,,
43278,5292,5303,,
43279,5217.2,5292,,
43280,5055,5217.2,,
43281,5430,#N/A N/A,,
43282,5442.8,#N/A N/A,,
43283,5689.1,5055,,
43284,5665.5,5689.1,,
43285,5740,5665.5,,
43286,5568.5,5740,,
43287,5600.2,5568.5,,
43288,5570.4,#N/A N/A,,
43289,5750.2,#N/A N/A,,
43290,5695.7,5600.2,,
43291,5443.9,5695.7,,
43292,5433.7,5443.9,,
43293,5298.8,5433.7,,
43294,5299.4,5298.8,,
43295,5369.9,#N/A N/A,,
43296,5453.9,#N/A N/A,,
43297,5680.9,5299.4,,
43298,6265.6,5680.9,,
43299,6292.5,6265.6,,
43300,6376.9,6292.5,,
43301,6267.3,6376.9,,
43302,6300,#N/A N/A,,
43303,6399,#N/A N/A,,
43304,6585.1,6267.3,,
43305,7035.7,6585.1,,
43306,6969.4,7035.7,,
43307,7022.4,6969.4,,
43308,7045.2,7022.4,,
43309,7013.2,#N/A N/A,,
43310,7023.4,#N/A N/A,,
43311,6959.9,7045.2,,
43312,6551.8,6959.9,,
43313,6364.3,6551.8,,
43314,6508.6,6364.3,,
43315,6386.7,6508.6,,
43316,6031.2,#N/A N/A,,
43317,6074,#N/A N/A,,
43318,5986.4,6386.7,,
43319,5935.4,5986.4,,
43320,5442.4,5935.4,,
43321,5649.8,5442.4,,
43322,5432.9,5649.8,,
43323,5614.4,#N/A N/A,,
43324,5581.5,#N/A N/A,,
43325,5518,5432.9,,
43326,5361.8,5518,,
43327,5622.1,5361.8,,
43328,5537.1,5622.1,,
43329,5667.3,5537.1,,
43330,5563.6,#N/A N/A,,
43331,5699.4,#N/A N/A,,
43332,5624.8,5667.3,,
43333,5580,5624.8,,
43334,5464.9,5580,,
43335,5565.1,5464.9,,
43336,5692.7,5565.1,,
43337,5778.9,#N/A N/A,,
43338,5747.4,#N/A N/A,,
43339,5762.1,5692.7,,
43340,6059,5762.1,,
43341,6017.5,6059,,
43342,5928.6,6017.5,,
43343,6052.7,5928.6,,
43344,6171.2,#N/A N/A,,
43345,6277.9,#N/A N/A,,
43346,6276.8,6052.7,,
43347,6353.2,6276.8,,
43348,5985.4,6353.2,,
43349,5557.3,5985.4,,
43350,5577,5557.3,,
43351,5346.2,#N/A N/A,,
43352,5531.9,#N/A N/A,,
43353,5440.8,5577,,
43354,5390.5,5440.8,,
43355,5423.7,5390.5,,
43356,5533.5,5423.7,,
43357,5627.3,5533.5,,
43358,5615,#N/A N/A,,
43359,5588.2,#N/A N/A,,
43360,5325,5627.3,,
43361,5420.7,5325,,
43362,5505.2,5420.7,,
43363,5425.7,5505.2,,
43364,5713,5425.7,,
43365,5700.5,#N/A N/A,,
43366,5670.8,#N/A N/A,,
43367,5639.8,5713,,
43368,5429.4,5639.8,,
43369,5538.5,5429.4,,
43370,5742.5,5538.5,,
43371,5730.7,5742.5,,
43372,5671.2,#N/A N/A,,
43373,5642.1,#N/A N/A,,
43374,5671,5730.7,,
43375,5655.5,5671,,
43376,5597.2,5655.5,,
43377,5688.1,5597.2,,
43378,5680.2,5688.1,,
43379,5682.8,#N/A N/A,,
43380,5669.7,#N/A N/A,,
43381,5770.7,5680.2,,
43382,5735.9,5770.7,,
43383,5687.1,5735.9,,
43384,5355.2,5687.1,,
43385,5390.9,5355.2,,
43386,5378.8,#N/A N/A,,
43387,5385,#N/A N/A,,
43388,5519,5390.9,,
43389,5579.9,5519,,
43390,5600,5579.9,,
43391,5576.9,5600,,
43392,5553.8,5576.9,,
43393,5576.5,#N/A N/A,,
43394,5599.9,#N/A N/A,,
43395,5605,5553.8,,
43396,5575.7,5605,,
43397,5640.4,5575.7,,
43398,5625.5,5640.4,,
43399,5619.8,5625.5,,
43400,5622.5,#N/A N/A,,
43401,5617.8,#N/A N/A,,
43402,5484.4,5619.8,,
43403,5529.6,5484.4,,
43404,5575.4,5529.6,,
43405,5556,5575.4,,
43406,5579.9,5556,,
43407,5561,#N/A N/A,,
43408,5627.1,#N/A N/A,,
43409,5599.5,5579.9,,
43410,5625.4,5599.5,,
43411,5689.6,5625.4,,
43412,5653.4,5689.6,,
43413,5586.6,5653.4,,
43414,5609.9,#N/A N/A,,
43415,5586.1,#N/A N/A,,
43416,5631.8,5586.6,,
43417,5574.7,5631.8,,
43418,4937.5,5574.7,,
43419,4834.8,4937.5,,
43420,4764.7,4834.8,,
43421,4810,#N/A N/A,,
43422,4860,#N/A N/A,,
43423,4112.4,4764.7,,
43424,3780.1,4112.4,,
43425,3910.4,3780.1,,
43426,3891.9,3910.4,,
43427,3757.6,3891.9,,
43428,3386.1,#N/A N/A,,
43429,3564.6,#N/A N/A,,
43430,3235.2,3757.6,,
43431,3340.9,3235.2,,
43432,3729,3340.9,,
43433,3683.8,3729,,
43434,3488.4,3683.8,,
43435,3690.2,#N/A N/A,,
43436,3673.4,#N/A N/A,,
43437,3420.1,3488.4,,
43438,3442.5,3420.1,,
43439,3292,3442.5,,
43440,3171.1,3292,,
43441,2977.7,3171.1,,
43442,2889.9,#N/A N/A,,
43443,3093.9,#N/A N/A,,
43444,3004,2977.7,,
43445,2984.7,3004,,
43446,3028.1,2984.7,,
43447,2864.3,3028.1,,
43448,2795.4,2864.3,,
43449,2839.3,#N/A N/A,,
43450,2841.6,#N/A N/A,,
43451,3083.9,2795.4,,
43452,3119.3,3083.9,,
43453,3226.1,3119.3,,
43454,3492.7,3226.1,,
43455,3394.2,3492.7,,
43456,3427.3,#N/A N/A,,
43457,3492,#N/A N/A,,
43458,3569.7,3394.2,,
43459,3342.5,3569.7,,
43460,3330.2,3342.5,,
43461,3155.2,3330.2,,
43462,3420.2,3155.2,,
43463,3434.9,#N/A N/A,,
43464,3361.4,#N/A N/A,,
43465,3217.6,3420.2,,
43466,3267.2,3217.6,,
43467,3428.2,3267.2,,
43468,3338.7,3428.2,,
43469,3371.4,3338.7,,
43470,3383.4,#N/A N/A,,
43471,3537.9,#N/A N/A,,
43472,3498.9,3371.4,,
43473,3505.9,3498.9,,
43474,3473.6,3505.9,,
43475,3173,3473.6,,
43476,3189.8,3173,,
43477,3177.1,#N/A N/A,,
43478,3079.2,#N/A N/A,,
43479,3198.9,3189.8,,
43480,3136.6,3198.9,,
43481,3164.8,3136.6,,
43482,3188.2,3164.8,,
43483,3179.7,3188.2,,
43484,3256.4,#N/A N/A,,
43485,3121.2,#N/A N/A,,
43486,3106.8,3179.7,,
43487,3148.2,3106.8,,
43488,3121.2,3148.2,,
43489,3158.3,3121.2,,
43490,3124.1,3158.3,,
43491,3129.1,#N/A N/A,,
43492,3112.6,#N/A N/A,,
43493,2990.4,3124.1,,
43494,2982.6,2990.4,,
43495,2999.2,2982.6,,
43496,2985,2999.2,,
43497,3008.8,2985,,
43498,2998.6,#N/A N/A,,
43499,2964.7,#N/A N/A,,
43500,2995.7,3008.8,,
43501,3003,2995.7,,
43502,2966.6,3003,,
43503,2963,2966.6,,
43504,3175.5,2963,,
43505,3199.1,#N/A N/A,,
43506,3190,#N/A N/A,,
43507,3188.6,3175.5,,
43508,3162.9,3188.6,,
43509,3175.1,3162.9,,
43510,3163.3,3175.1,,
43511,3162.3,3163.3,,
43512,3182.7,#N/A N/A,,
43513,3181.7,#N/A N/A,,
43514,3408.5,3162.3,,
43515,3436.1,3408.5,,
43516,3460,3436.1,,
43517,3441.8,3460,,
43518,3480.6,3441.8,,
43519,3627,#N/A N/A,,
43520,3347.8,#N/A N/A,,
43521,3355.5,3480.6,,
43522,3333.4,3355.5,,
43523,3298.6,3333.4,,
43524,3347.9,3298.6,,
43525,3373.5,3347.9,,
43526,3357,#N/A N/A,,
43527,3342,#N/A N/A,,
43528,3265,3373.5,,
43529,3391,3265,,
43530,3402.9,3391,,
43531,3459,3402.9,,
43532,3446.8,3459,,
43533,3468.1,#N/A N/A,,
43534,3471.3,#N/A N/A,,
43535,3425.3,3446.8,,
43536,3428,3425.3,,
43537,3400.8,3428,,
43538,3412.7,3400.8,,
43539,3444.7,3412.7,,
43540,3507.5,#N/A N/A,,
43541,3513.9,#N/A N/A,,
43542,3509.9,3444.7,,
43543,3518.8,3509.9,,
43544,3515.1,3518.8,,
43545,3498.2,3515.1,,
43546,3523.9,3498.2,,
43547,3514.1,#N/A N/A,,
43548,3507.5,#N/A N/A,,
43549,3441.8,3523.9,,
43550,3477.1,3441.8,,
43551,3562.3,3477.1,,
43552,3572.5,3562.3,,
43553,3632,3572.5,,
43554,3632.2,#N/A N/A,,
43555,3646.9,#N/A N/A,,
43556,3685.2,3632,,
43557,4287.7,3685.2,,
43558,4710.8,4287.7,,
43559,4312.5,4710.8,,
43560,4460.8,4312.5,,
43561,4529.3,#N/A N/A,,
43562,4592.1,#N/A N/A,,
43563,4673.4,4460.8,,
43564,4642,4673.4,,
43565,4711.5,4642,,
43566,4496.6,4711.5,,
43567,4469,4496.6,,
43568,4507.9,#N/A N/A,,
43569,4513.4,#N/A N/A,,
43570,4449,4469,,
43571,4602.1,4449,,
43572,4626.2,4602.1,,
43573,4730.1,4626.2,,
43574,4690,4730.1,,
43575,4736.4,#N/A N/A,,
43576,4676.5,#N/A N/A,,
43577,4778.4,4690,,
43578,4981.2,4778.4,,
43579,4882.6,4981.2,,
43580,4947.3,4882.6,,
43581,4575.4,4947.3,,
43582,4675,#N/A N/A,,
43583,4608.4,#N/A N/A,,
43584,4592,4575.4,,
43585,4676.3,4592,,
43586,4741.9,4676.3,,
43587,4838.8,4741.9,,
43588,5078.9,4838.8,,
43589,5078,#N/A N/A,,
43590,5153.5,#N/A N/A,,
43591,5086.9,5078.9,,
43592,5233.1,5086.9,,
43593,5266.9,5233.1,,
43594,5424.8,5266.9,,
43595,5605.1,5424.8,,
43596,6164.9,#N/A N/A,,
43597,6375,#N/A N/A,,
43598,6980,5605.1,,
43599,6894,6980,,
43600,7289,6894,,
43601,6894.4,7289,,
43602,6379.3,6894.4,,
43603,6563.2,#N/A N/A,,
43604,7204.3,#N/A N/A,,
43605,7183.7,6379.3,,
43606,7249.5,7183.7,,
43607,7025,7249.5,,
43608,7044.7,7025,,
43609,7241.9,7044.7,,
43610,7190.9,#N/A N/A,,
43611,7684.9,#N/A N/A,,
43612,7812.5,7241.9,,
43613,7797.2,7812.5,,
43614,7776.2,7797.2,,
43615,7615.1,7776.2,,
43616,7625.7,7615.1,,
43617,7657.4,#N/A N/A,,
43618,7789.4,#N/A N/A,,
43619,7624.7,7625.7,,
43620,6802.4,7624.7,,
43621,6889.6,6802.4,,
43622,6824.6,6889.6,,
43623,6985.5,6824.6,,
43624,6975.4,#N/A N/A,,
43625,6851,#N/A N/A,,
43626,7035,6985.5,,
43627,7005,7035,,
43628,7196.2,7005,,
43629,7342.6,7196.2,,
43630,7550,7342.6,,
43631,7842.1,#N/A N/A,,
43632,7964.4,#N/A N/A,,
43633,8261.1,7550,,
43634,8155.7,8261.1,,
43635,8175.3,8155.7,,
43636,8474.6,8175.3,,
43637,8748.5,8474.6,,
43638,9338.5,#N/A N/A,,
43639,9659.8,#N/A N/A,,
43640,9539.5,8748.5,,
43641,10009.7,9539.5,,
43642,11251.6,10009.7,,
43643,9388.6,11251.6,,
43644,10749.3,9388.6,,
43645,10668.1,#N/A N/A,,
43646,10061.3,#N/A N/A,,
43647,9291.6,10749.3,,
43648,9488.3,9291.6,,
43649,10101.6,9488.3,,
43650,10398.7,10101.6,,
43651,9857,10398.7,,
43652,10205,#N/A N/A,,
43653,10257.7,#N/A N/A,,
43654,10887.9,9857,,
43655,11074.4,10887.9,,
43656,10490,11074.4,,
43657,9936.5,10490,,
43658,10564.3,9936.5,,
43659,9697.2,#N/A N/A,,
43660,9464,#N/A N/A,,
43661,9626,10564.3,,
43662,8570.2,9626,,
43663,8647.7,8570.2,,
43664,9418,8647.7,,
43665,9385.7,9418,,
43666,9762.7,#N/A N/A,,
43667,9375.7,#N/A N/A,,
43668,9230.3,9385.7,,
43669,9116.1,9230.3,,
43670,8693.5,9116.1,,
43671,8865.9,8693.5,,
43672,8847.9,8865.9,,
43673,8515.8,#N/A N/A,,
43674,8567.3,#N/A N/A,,
43675,8530.8,8847.9,,
43676,8548.4,8530.8,,
43677,9041.7,8548.4,,
43678,9390.3,9041.7,,
43679,9353.5,9390.3,,
43680,9773.9,#N/A N/A,,
43681,9835.6,#N/A N/A,,
43682,10461,9353.5,,
43683,10394.3,10461,,
43684,10577.1,10394.3,,
43685,10376.5,10577.1,,
43686,10593.2,10376.5,,
43687,10125.2,#N/A N/A,,
43688,10208.6,#N/A N/A,,
43689,10191.8,10593.2,,
43690,9755,10191.8,,
43691,9138.1,9755,,
43692,9352.6,9138.1,,
43693,9379.3,9352.6,,
43694,9093.5,#N/A N/A,,
43695,9346.4,#N/A N/A,,
43696,9634.9,9379.3,,
43697,9646.1,9634.9,,
43698,9168.2,9646.1,,
43699,9190.4,9168.2,,
43700,9295,9190.4,,
43701,9083.8,#N/A N/A,,
43702,8983.9,#N/A N/A,,
43703,9239.7,9295,,
43704,9150,9239.7,,
43705,8739.5,9150,,
43706,8618.3,8739.5,,
43707,8771.8,8618.3,,
43708,8654.3,#N/A N/A,,
43709,8780,#N/A N/A,,
43710,9482.3,8771.8,,
43711,9770.2,9482.3,,
43712,9638.4,9770.2,,
43713,9538.8,9638.4,,
43714,9394.6,9538.8,,
43715,9514.9,#N/A N/A,,
43716,9400.5,#N/A N/A,,
43717,9278.5,9394.6,,
43718,9119.3,9278.5,,
43719,9185.4,9119.3,,
43720,9352.7,9185.4,,
43721,9277.9,9352.7,,
43722,9399.8,#N/A N/A,,
43723,9296,#N/A N/A,,
43724,9289.4,9277.9,,
43725,9269.9,9289.4,,
43726,9247,9269.9,,
43727,9292.2,9247,,
43728,9211.3,9292.2,,
43729,9038.8,#N/A N/A,,
43730,9089.1,#N/A N/A,,
43731,8893.9,9211.3,,
43732,7847.2,8893.9,,
43733,7789.1,7847.2,,
43734,7416.8,7789.1,,
43735,7372.3,7416.8,,
43736,7480.7,#N/A N/A,,
43737,7340.1,#N/A N/A,,
43738,7553.1,7372.3,,
43739,7677,7553.1,,
43740,7517.8,7677,,
43741,7436.2,7517.8,,
43742,7452.1,7436.2,,
43743,7395.5,#N/A N/A,,
43744,7219.2,#N/A N/A,,
43745,7482,7452.1,,
43746,7429.1,7482,,
43747,7833.9,7429.1,,
43748,7803.9,7833.9,,
43749,7570,7803.9,,
43750,7579.8,#N/A N/A,,
43751,7507.6,#N/A N/A,,
43752,7566.6,7570,,
43753,7400.1,7566.6,,
43754,7215.5,7400.1,,
43755,7242.1,7215.5,,
43756,7124.4,7242.1,,
43757,7126.3,#N/A N/A,,
43758,7375,#N/A N/A,,
43759,7364.7,7124.4,,
43760,7305.3,7364.7,,
43761,6742.2,7305.3,,
43762,6724.4,6742.2,,
43763,7730.1,6724.4,,
43764,8224.2,#N/A N/A,,
43765,8663.5,#N/A N/A,,
43766,8511.9,7730.1,,
43767,8500.1,8511.9,,
43768,8242.3,8500.1,,
43769,8234.8,8242.3,,
43770,8247.9,8234.8,,
43771,8265.2,#N/A N/A,,
43772,8210.8,#N/A N/A,,
43773,8470.2,8247.9,,
43774,8450,8470.2,,
43775,8418.5,8450,,
43776,8344,8418.5,,
43777,8054.7,8344,,
43778,7998.5,#N/A N/A,,
43779,8205.8,#N/A N/A,,
43780,7920,8054.7,,
43781,7970.5,7920,,
43782,7958.6,7970.5,,
43783,7854.9,7958.6,,
43784,7656.8,7854.9,,
43785,7677,#N/A N/A,,
43786,7740.9,#N/A N/A,,
43787,7435.1,7656.8,,
43788,7329.4,7435.1,,
43789,7309.5,7329.4,,
43790,6874.6,7309.5,,
43791,6676.1,6874.6,,
43792,6626.8,#N/A N/A,,
43793,6408.1,#N/A N/A,,
43794,6564.6,6676.1,,
43795,6462.4,6564.6,,
43796,6875.6,6462.4,,
43797,6887.1,6875.6,,
43798,6998.1,6887.1,,
43799,6859.2,#N/A N/A,,
43800,6702.2,#N/A N/A,,
43801,6606.2,6998.1,,
43802,6619.6,6606.2,,
43803,6491.8,6619.6,,
43804,6647.2,6491.8,,
43805,6757,6647.2,,
43806,6767.5,#N/A N/A,,
43807,6823.9,#N/A N/A,,
43808,6651.3,6757,,
43809,6510,6651.3,,
43810,6469.1,6510,,
43811,6468.2,6469.1,,
43812,6513.6,6468.2,,
43813,6376.8,#N/A N/A,,
43814,6399.7,#N/A N/A,,
43815,6175.7,6513.6,,
43816,5935,6175.7,,
43817,6429.8,5935,,
43818,6439,6429.8,,
43819,6510.4,6439,,
43820,6452.8,#N/A N/A,,
43821,6686.2,#N/A N/A,,
43822,6601.1,6510.4,,
43823,6543.4,6601.1,,
43824,6495,6543.4,,
43825,6480.5,6495,,
43826,6462.3,6480.5,,
43827,6552.7,#N/A N/A,,
43828,6616.1,#N/A N/A,,
43829,6475.1,6462.3,,
43830,6387.7,6475.1,,
43831,6434.1,6387.7,,
43832,6235,6434.1,,
43833,6521.4,6235,,
43834,6588.2,#N/A N/A,,
43835,6605,#N/A N/A,,
43836,6774.5,6521.4,,
43837,7196.1,6774.5,,
43838,7205.7,7196.1,,
43839,7017,7205.7,,
43840,7238.3,7017,,
43841,7290.2,#N/A N/A,,
43842,7281.1,#N/A N/A,,
43843,7313.1,7238.3,,
43844,7850.3,7313.1,,
43845,7919,7850.3,,
43846,7802.2,7919,,
43847,8036,7802.2,,
43848,8037.2,#N/A N/A,,
43849,7870.5,#N/A N/A,,
43850,7830,8036,,
43851,7869,7830,,
43852,7797.9,7869,,
43853,7588,7797.9,,
43854,7707.1,7588,,
43855,7604.9,#N/A N/A,,
43856,7795.3,#N/A N/A,,
43857,8109.7,7707.1,,
43858,8211,8109.7,,
43859,8499.4,8211,,
43860,8662,8499.4,,
43861,8437.5,8662,,
43862,8439.6,#N/A N/A,,
43863,8512.5,#N/A N/A,,
43864,8390.6,8437.5,,
43865,8286,8390.6,,
43866,8803.7,8286,,
43867,8875.2,8803.7,,
43868,8914.8,8875.2,,
43869,9070.1,#N/A N/A,,
43870,9214.7,#N/A N/A,,
43871,9048.6,8914.8,,
43872,9379.4,9048.6,,
43873,9563.2,9379.4,,
43874,9404.2,9563.2,,
43875,9547.6,9404.2,,
43876,9177.1,#N/A N/A,,
43877,9023.4,#N/A N/A,,
43878,8918,9547.6,,
43879,9416.4,8918,,
43880,8906.3,9416.4,,
43881,8924.2,8906.3,,
43882,8930.6,8924.2,,
43883,8949,#N/A N/A,,
43884,9130.1,#N/A N/A,,
43885,8862.7,8930.6,,
43886,8620.2,8862.7,,
43887,8047.3,8620.2,,
43888,7972.1,8047.3,,
43889,7862.7,7972.1,,
43890,7834.4,#N/A N/A,,
43891,7708.6,#N/A N/A,,
43892,8045.1,7862.7,,
43893,7839,8045.1,,
43894,7852,7839,,
43895,8121.4,7852,,
43896,8097.8,8121.4,,
43897,7887.5,#N/A N/A,,
43898,7334.7,#N/A N/A,,
43899,6869,8097.8,,
43900,7097.7,6869,,
43901,6970,7097.7,,
43902,5160.2,6970,,
43903,4914.1,5160.2,,
43904,4845.5,#N/A N/A,,
43905,4695.4,#N/A N/A,,
43906,4397.5,4914.1,,
43907,4996.7,4397.5,,
43908,4899.5,4996.7,,
43909,5872.1,4899.5,,
43910,5594.7,5872.1,,
43911,5949.8,#N/A N/A,,
43912,5579.4,#N/A N/A,,
43913,5982.1,5594.7,,
43914,6280,5982.1,,
43915,6085.3,6280,,
43916,6129.1,6085.3,,
43917,6017.8,6129.1,,
43918,5634.4,#N/A N/A,,
43919,5352,#N/A N/A,,
43920,5870.3,6017.8,,
43921,5883.4,5870.3,,
43922,5805.1,5883.4,,
43923,6206.4,5805.1,,
43924,6210.1,6206.4,,
43925,6332.6,#N/A N/A,,
43926,6266.4,#N/A N/A,,
43927,6706.2,6210.1,,
43928,6536.4,6706.2,,
43929,6750,6536.4,,
43930,6694.6,6750,,
43931,6334.8,6694.6,,
43932,6218.6,#N/A N/A,,
43933,6515.8,#N/A N/A,,
43934,6264.4,6334.8,,
43935,6270,6264.4,,
43936,6196.4,6270,,
43937,6508.6,6196.4,,
43938,6503.9,6508.6,,
43939,6663.1,#N/A N/A,,
43940,6584.8,#N/A N/A,,
43941,6333.7,6503.9,,
43942,6355.7,6333.7,,
43943,6570.3,6355.7,,
43944,6973.5,6570.3,,
43945,6962.4,6973.5,,
43946,6992.5,#N/A N/A,,
43947,7073.8,#N/A N/A,,
43948,7137.8,6962.4,,
43949,7164.6,7137.8,,
43950,8220,7164.6,,
43951,8075.9,8220,,
43952,7965.6,8075.9,,
43953,8144,#N/A N/A,,
43954,8075,#N/A N/A,,
43955,8180.5,7965.6,,
43956,8269.6,8180.5,,
43957,8578.5,8269.6,,
43958,9049.9,8578.5,,
43959,9229.9,9049.9,,
43960,8918.7,#N/A N/A,,
43961,8025.3,#N/A N/A,,
43962,8005.6,9229.9,,
43963,8160,8005.6,,
43964,8610.5,8160,,
43965,8939.2,8610.5,,
43966,8547.6,8939.2,,
43967,8677.9,#N/A N/A,,
43968,8973,#N/A N/A,,
43969,8865.7,8547.6,,
43970,8878,8865.7,,
43971,8750,8878,,
43972,8285.1,8750,,
43973,8433.1,8285.1,,
43974,8476.3,#N/A N/A,,
43975,8273.1,#N/A N/A,,
43976,8186.7,8433.1,,
43977,8076.3,8186.7,,
43978,8332.2,8076.3,,
43979,8524.1,8332.2,,
43980,8483.4,8524.1,,
43981,8494.7,#N/A N/A,,
43982,8560.5,#N/A N/A,,
43983,8690.8,8483.4,,
43984,8538.1,8690.8,,
43985,8543.5,8538.1,,
43986,8642.1,8543.5,,
43987,8617.5,8642.1,,
43988,8605.5,#N/A N/A,,
43989,8619.1,#N/A N/A,,
43990,8596.6,8617.5,,
43991,8606.8,8596.6,,
43992,8681.2,8606.8,,
43993,8279.7,8681.2,,
43994,8407.9,8279.7,,
43995,8352.1,#N/A N/A,,
43996,8335.1,#N/A N/A,,
43997,8381.5,8407.9,,
43998,8431.1,8381.5,,
43999,8350.2,8431.1,,
44000,8345.5,8350.2,,
44001,8340.9,8345.5,,
44002,8336.4,#N/A N/A,,
44003,8325,#N/A N/A,,
44004,8565.1,8340.9,,
44005,8525.8,8565.1,,
44006,8268.1,8525.8,,
44007,8277.5,8268.1,,
44008,8198,8277.5,,
44009,8002.5,#N/A N/A,,
44010,8115.8,#N/A N/A,,
44011,8169.9,8198,,
44012,8145.6,8169.9,,
44013,8217.8,8145.6,,
44014,8095.1,8217.8,,
44015,8097.5,8095.1,,
44016,8117.2,#N/A N/A,,
44017,8031.2,#N/A N/A,,
44018,8199.9,8097.5,,
44019,8217.4,8199.9,,
44020,8334,8217.4,,
44021,8203.6,8334,,
44022,8185.2,8203.6,,
44023,8173.5,#N/A N/A,,
44024,8186.9,#N/A N/A,,
44025,8164.5,8185.2,,
44026,8140.4,8164.5,,
44027,8081.8,8140.4,,
44028,7995.7,8081.8,,
44029,8022.2,7995.7,,
44030,8047.2,#N/A N/A,,
44031,8039.5,#N/A N/A,,
44032,8026.5,8022.2,,
44033,8146.4,8026.5,,
44034,8116.3,8146.4,,
44035,8284,8116.3,,
44036,8269.8,8284,,
44037,8353.1,#N/A N/A,,
44038,8481,#N/A N/A,,
44039,9259.9,8269.8,,
44040,9374.5,9259.9,,
44041,9527.7,9374.5,,
44042,9428.7,9527.7,,
44043,9645.8,9428.7,,
44044,10061.7,#N/A N/A,,
44045,9430.1,#N/A N/A,,
44046,9683.9,9645.8,,
44047,9518.3,9683.9,,
44048,9860.9,9518.3,,
44049,9983,9860.9,,
44050,9840.7,9983,,
44051,9934.8,#N/A N/A,,
44052,9909.9,#N/A N/A,,
44053,10114.2,9840.7,,
44054,9565.6,10114.2,,
44055,9832,9565.6,,
44056,9827.9,9832,,
44057,9958.8,9827.9,,
44058,10039,#N/A N/A,,
44059,10015.3,#N/A N/A,,
44060,10389.1,9958.8,,
44061,10099.7,10389.1,,
44062,9911.5,10099.7,,
44063,10022.7,9911.5,,
44064,9875.1,10022.7,,
44065,9857.2,#N/A N/A,,
44066,9906.6,#N/A N/A,,
44067,9968.4,9875.1,,
44068,9536,9968.4,,
44069,9728.9,9536,,
44070,9543.3,9728.9,,
44071,9677.9,9543.3,,
44072,9696.3,#N/A N/A,,
44073,9777.5,#N/A N/A,,
44074,9803.8,9677.9,,
44075,10084.2,9803.8,,
44076,9609.2,10084.2,,
44077,9115.2,9609.2,,
44078,8957.9,9115.2,,
44079,8541.3,#N/A N/A,,
44080,8669.8,#N/A N/A,,
44081,8616.7,8957.9,,
44082,8524.5,8616.7,,
44083,8705.5,8524.5,,
44084,8734,8705.5,,
44085,8740,8734,,
44086,8825.1,#N/A N/A,,
44087,8737.6,#N/A N/A,,
44088,9015,8740,,
44089,9178.5,9015,,
44090,9322.4,9178.5,,
44091,9242.6,9322.4,,
44092,9215,9242.6,,
44093,9369.9,#N/A N/A,,
44094,9179.6,#N/A N/A,,
44095,8915,9215,,
44096,8994.9,8915,,
44097,8779.6,8994.9,,
44098,9100.9,8779.6,,
44099,9213.3,9100.9,,
44100,9213.4,#N/A N/A,,
44101,9227.9,#N/A N/A,,
44102,9325,9213.3,,
44103,9167.4,9325,,
44104,9139.8,9167.4,,
44105,9041.9,9139.8,,
44106,8996.6,9041.9,,
44107,9035,#N/A N/A,,
44108,9091.5,#N/A N/A,,
44109,9116.9,8996.6,,
44110,8986,9116.9,,
44111,9057.4,8986,,
44112,9266.9,9057.4,,
44113,9340,9266.9,,
44114,9580,#N/A N/A,,
44115,9568,#N/A N/A,,
44116,9782.1,9340,,
44117,9735,9782.1,,
44118,9706.3,9735,,
44119,9846,9706.3,,
44120,9662.7,9846,,
44121,9699.8,#N/A N/A,,
44122,9765.1,#N/A N/A,,
44123,9966.9,9662.7,,
44124,10070,9966.9,,
44125,10818.9,10070,,
44126,11093,10818.9,,
44127,10890.9,11093,,
44128,10996.4,#N/A N/A,,
44129,11005.2,#N/A N/A,,
44130,11035,10890.9,,
44131,11549.3,11035,,
44132,11257,11549.3,,
44133,11546.1,11257,,
44134,11696,11546.1,,
44135,11882.1,#N/A N/A,,
44136,11853.1,#N/A N/A,,
44137,11700.1,11696,,
44138,11726.6,11700.1,,
44139,11953.4,11726.6,,
44140,12875.4,11953.4,,
44141,13110.1,12875.4,,
44142,12441.7,#N/A N/A,,
44143,12894.6,#N/A N/A,,
44144,13006.1,13110.1,,
44145,13026,13006.1,,
44146,13427.8,13026,,
44147,13689.3,13427.8,,
44148,13762.6,13689.3,,
44149,13517.9,#N/A N/A,,
44150,13406.1,#N/A N/A,,
44151,14082.3,13762.6,,
44152,14838.2,14082.3,,
44153,14997.1,14838.2,,
44154,15123.1,14997.1,,
44155,15684.8,15123.1,,
44156,15691.5,#N/A N/A,,
44157,15660,#N/A N/A,,
44158,15563.7,15684.8,,
44159,15933.3,15563.7,,
44160,15850,15933.3,,
44161,14319,15850,,
44162,14229.1,14319,,
44163,14865.7,#N/A N/A,,
44164,15284.1,#N/A N/A,,
44165,16198.5,14229.1,,
44166,15804.2,16198.5,,
44167,15804.5,15804.2,,
44168,16030.8,15804.5,,
44169,15534,16030.8,,
44170,15717.1,#N/A N/A,,
44171,15872.4,#N/A N/A,,
44172,15769.9,15534,,
44173,15524.7,15769.9,,
44174,15347.4,15524.7,,
44175,15119.9,15347.4,,
44176,14951.8,15119.9,,
44177,15517,#N/A N/A,,
44178,15777.9,#N/A N/A,,
44179,15806.9,14951.8,,
44180,15981.5,15806.9,,
44181,17353.8,15981.5,,
44182,18537,17353.8,,
44183,18669.1,18537,,
44184,19464.9,#N/A N/A,,
44185,19050.7,#N/A N/A,,
44186,18924,18669.1,,
44187,19260.4,18924,,
44188,19117.7,19260.4,,
44189,19244.8,19117.7,,
44190,20027.5,19244.8,,
44191,21819.9,#N/A N/A,,
44192,21345.1,#N/A N/A,,
44193,21764.8,20027.5,,
44194,21920.2,21764.8,,
44195,23486.2,21920.2,,
44196,23714,23486.2,,
44197,23918,23714,,
44198,25476.8,#N/A N/A,,
44199,26536.3,#N/A N/A,,
44200,25311.2,23918,,
44201,27431.8,25311.2,,
44202,29100,27431.8,,
44203,32084.8,29100,,
44204,32599.9,32084.8,,
44205,32790.11,#N/A N/A,,
44206,30715.8,#N/A N/A,,
44207,27911.1,32599.9,,
44208,28427.7,27911.1,,
44209,30662.6,28427.7,,
44210,31861.7,30662.6,,
44211,30058.1,31861.7,,
44212,29750.9,#N/A N/A,,
44213,30164.4,#N/A N/A,,
44214,30010,30058.1,,
44215,30117.1,30010,,
44216,28858.9,30117.1,,
44217,25677.1,28858.9,,
44218,27396.6,25677.1,,
44219,26622.1,#N/A N/A,,
44220,26276.9,#N/A N/A,,
44221,26960,27396.6,,
44222,26350,26960,,
44223,25567.1,26350,,
44224,27408,25567.1,,
44225,28569.7,27408,,
44226,28580.5,#N/A N/A,,
44227,26886.4,#N/A N/A,,
44228,27917.6,28569.7,,
44229,29620.1,27917.6,,
44230,30965.6,29620.1,,
44231,31510.5,30965.6,,
44232,31429.7,31510.5,,
44233,33257.5,#N/A N/A,,
44234,32074,#N/A N/A,,
44235,37072.9,31429.7,,
44236,39077.7,37072.9,,
44237,37170,39077.7,,
44238,38707.31,37170,,
44239,39524.9,38707.31,,
44240,39037.61,#N/A N/A,,
44241,40400,#N/A N/A,,
44242,39740.81,39524.9,,
44243,40200.7,39740.81,,
44244,43548.4,40200.7,,
44245,43089.4,43548.4,,
44246,45813.61,43089.4,,
44247,46517.01,#N/A N/A,,
44248,47340.31,#N/A N/A,,
44249,45239.01,45813.61,,
44250,39500.7,45239.01,,
44251,40174.5,39500.7,,
44252,39600.11,40174.5,,
44253,37909.4,39600.11,,
44254,38952.9,#N/A N/A,,
44255,37498.11,#N/A N/A,,
44256,40552,37909.4,,
44257,39298,40552,,
44258,42247.81,39298,,
44259,40112.61,42247.81,,
44260,41150.11,40112.61,,
44261,40803.4,#N/A N/A,,
44262,42070.9,#N/A N/A,,
44263,43756.31,41150.11,,
44264,45643.9,43756.31,,
44265,47761.4,45643.9,,
44266,48048.11,47761.4,,
44267,47645.7,48048.11,,
44268,50148.21,#N/A N/A,,
44269,49986.71,#N/A N/A,,
44270,47329.9,47645.7,,
44271,47346.7,47329.9,,
44272,48200.01,47346.7,,
44273,48343.01,48200.01,,
44274,49109.11,48343.01,,
44275,49180.71,#N/A N/A,,
44276,48729.01,#N/A N/A,,
44277,45841.31,49109.11,,
44278,45949.31,45841.31,,
44279,45854.2,45949.31,,
44280,44226.01,45854.2,,
44281,45825.4,44226.01,,
44282,47365.11,#N/A N/A,,
44283,46530.7,#N/A N/A,,
44284,48521.21,45825.4,,
44285,50030.31,48521.21,,
44286,50170.11,50030.31,,
44287,49998.01,50170.11,,
44288,49920.01,49998.01,,
44289,49532.61,#N/A N/A,,
44290,49480.81,#N/A N/A,,
44291,49737.01,49920.01,,
44292,49159.9,49737.01,,
44293,47455.01,49159.9,,
44294,48470.81,47455.01,,
44295,49096.61,48470.81,,
44296,49169.81,#N/A N/A,,
44297,50144.71,#N/A N/A,,
44298,50205.31,49096.61,,
44299,52885.4,50205.31,,
44300,52207.11,52885.4,,
44301,53039.61,52207.11,,
44302,51730.01,53039.61,,
44303,51207.51,#N/A N/A,,
44304,47179.11,#N/A N/A,,
44305,46843.9,51730.01,,
44306,47249.9,46843.9,,
44307,45735.11,47249.9,,
44308,42882.7,45735.11,,
44309,41910.31,42882.7,,
44310,42267.61,#N/A N/A,,
44311,39908.2,#N/A N/A,,
44312,44127.61,41910.31,,
44313,45680.01,44127.61,,
44314,44951.61,45680.01,,
44315,43754.9,44951.61,,
44316,47252.51,43754.9,,
44317,47962.61,#N/A N/A,,
44318,47409.9,#N/A N/A,,
44319,47109.2,47252.51,,
44320,45649.9,47109.2,,
44321,47320.31,45649.9,,
44322,46441.9,47320.31,,
44323,47451.7,46441.9,,
44324,48602.31,#N/A N/A,,
44325,47799.9,#N/A N/A,,
44326,45700.01,47451.7,,
44327,46896.7,45700.01,,
44328,45235.4,46896.7,,
44329,40865,45235.4,,
44330,40554.7,40865,,
44331,39751.9,#N/A N/A,,
44332,36158.5,#N/A N/A,,
44333,36951,40554.7,,
44334,35535.31,36951,,
44335,31564.6,35535.31,,
44336,32850,31564.6,,
44337,29043,32850,,
44338,31341.1,#N/A N/A,,
44339,27713.4,#N/A N/A,,
44340,32045.5,29043,,
44341,30729.4,32045.5,,
44342,31808.8,30729.4,,
44343,31600.3,31808.8,,
44344,28935.2,31600.3,,
44345,28197.8,#N/A N/A,,
44346,29684.8,#N/A N/A,,
44347,30019.9,28935.2,,
44348,29739.5,30019.9,,
44349,30920.8,29739.5,,
44350,31937.8,30920.8,,
44351,30472.7,31937.8,,
44352,29543.3,#N/A N/A,,
44353,29613.9,#N/A N/A,,
44354,28296.6,30472.7,,
44355,27647.2,28296.6,,
44356,29900,27647.2,,
44357,29988.1,29900,,
44358,30682.1,29988.1,,
44359,29799.7,#N/A N/A,,
44360,32439.7,#N/A N/A,,
44361,32882.2,30682.1,,
44362,32963.11,32882.2,,
44363,32100,32963.11,,
44364,31729.5,32100,,
44365,29980.2,31729.5,,
44366,30522.1,#N/A N/A,,
44367,30204.7,#N/A N/A,,
44368,27344.2,29980.2,,
44369,27551.3,27344.2,,
44370,27713.4,27551.3,,
44371,29247.7,27713.4,,
44372,27028.5,29247.7,,
44373,26291.1,#N/A N/A,,
44374,27345,#N/A N/A,,
44375,29068.6,27028.5,,
44376,30416.5,29068.6,,
44377,29195,30416.5,,
44378,28192.3,29195,,
44379,27921.2,28192.3,,
44380,29248.9,#N/A N/A,,
44381,29937.5,#N/A N/A,,
44382,28547,27921.2,,
44383,28700,28547,,
44384,29286.9,28700,,
44385,27708.1,29286.9,,
44386,28234.3,27708.1,,
44387,28104.8,#N/A N/A,,
44388,28546.2,#N/A N/A,,
44389,27712.6,28234.3,,
44390,27608.4,27712.6,,
44391,27719,27608.4,,
44392,26883.3,27719,,
44393,26986.4,26883.3,,
44394,26901.4,#N/A N/A,,
44395,26802.4,#N/A N/A,,
44396,26086.7,26986.4,,
44397,25365.1,26086.7,,
44398,26967.5,25365.1,,
44399,27406.9,26967.5,,
44400,27593.6,27406.9,,
44401,28814.8,#N/A N/A,,
44402,29258.7,#N/A N/A,,
44403,31983.9,27593.6,,
44404,32199,31983.9,,
44405,33764.8,32199,,
44406,33428.4,33764.8,,
44407,34257,33428.4,,
44408,35008.9,#N/A N/A,,
44409,34796.3,#N/A N/A,,
44410,32750,34257,,
44411,32109.8,32750,,
44412,33562.3,32109.8,,
44413,34529.7,33562.3,,
44414,36219.81,34529.7,,
44415,37286.31,#N/A N/A,,
44416,37187.2,#N/A N/A,,
44417,38708,36219.81,,
44418,38944.9,38708,,
44419,39478.11,38944.9,,
44420,37942.81,39478.11,,
44421,40333,37942.81,,
44422,39583.61,#N/A N/A,,
44423,39619,#N/A N/A,,
44424,39155.11,40333,,
44425,38421.9,39155.11,,
44426,38084,38421.9,,
44427,39865.81,38084,,
44428,41622,39865.81,,
44429,42007.9,#N/A N/A,,
44430,41416.31,#N/A N/A,,
44431,42158.4,41622,,
44432,41147.5,42158.4,,
44433,41388.81,41147.5,,
44434,40029.61,41388.81,,
44435,41484.4,40029.61,,
44436,41322.2,#N/A N/A,,
44437,41489.11,#N/A N/A,,
44438,41207.4,41484.4,,
44439,39811.11,41207.4,,
44440,40764,39811.11,,
44441,41729.81,40764,,
44442,42235.01,41729.81,,
44443,42239.9,#N/A N/A,,
44444,43442.9,#N/A N/A,,
44445,43777.9,42235.01,,
44446,39591.2,43777.9,,
44447,39003.31,39591.2,,
44448,39144.9,39003.31,,
44449,38193.2,39144.9,,
44450,38413.11,#N/A N/A,,
44451,38179,#N/A N/A,,
44452,38249.2,38193.2,,
44453,39669.7,38249.2,,
44454,40576.5,39669.7,,
44455,40063.31,40576.5,,
44456,40105,40063.31,,
44457,40942.31,#N/A N/A,,
44458,40597.9,#N/A N/A,,
44459,37139.9,40105,,
44460,34899.8,37139.9,,
44461,37211.7,34899.8,,
44462,38096.7,37211.7,,
44463,36682,38096.7,,
44464,36439.81,#N/A N/A,,
44465,37210.31,#N/A N/A,,
44466,36634,36682,,
44467,35771.81,36634,,
44468,35454.81,35771.81,,
44469,37517.81,35454.81,,
44470,41470,37517.81,,
44471,41315.31,#N/A N/A,,
44472,41748.7,#N/A N/A,,
44473,42128.01,41470,,
44474,44350.81,42128.01,,
44475,47400.01,44350.81,,
44476,46855.31,47400.01,,
44477,46657.2,46855.31,,
44478,47185.2,#N/A N/A,,
44479,47874.2,#N/A N/A,,
44480,49629.71,46657.2,,
44481,48027.31,49629.71,,
44482,49131.01,48027.31,,
44483,49509.81,49131.01,,
44484,53788.81,49509.81,,
44485,52394.4,#N/A N/A,,
44486,51250.01,#N/A N/A,,
44487,52854.11,53788.81,,
44488,55060.11,52854.11,,
44489,56547.01,55060.11,,
44490,53852.11,56547.01,,
44491,52165.4,53852.11,,
44492,52572.9,#N/A N/A,,
44493,52533.11,#N/A N/A,,
44494,53853.01,52165.4,,
44495,53556.51,53853.01,,
44496,50818.4,53556.51,,
44497,52566.81,50818.4,,
44498,53960.9,52566.81,,
44499,53389.9,#N/A N/A,,
44500,52852.01,#N/A N/A,,
44501,52319.71,53960.9,,
44502,54529.11,52319.71,,
44503,54085.11,54529.11,,
44504,53149.9,54085.11,,
44505,52781.4,53149.9,,
44506,53040.01,#N/A N/A,,
44507,54361.61,#N/A N/A,,
44508,57113.81,52781.4,,
44509,58450.01,57113.81,,
44510,56047.61,58450.01,,
44511,56855.31,56047.61,,
44512,56044.91,56855.31,,
44513,56217.61,#N/A N/A,,
44514,56264.41,#N/A N/A,,
44515,56253.31,56044.91,,
44516,53466.51,56253.31,,
44517,53108.31,53466.51,,
44518,50680.31,53108.31,,
44519,51334.31,50680.31,,
44520,52991.4,#N/A N/A,,
44521,52768.9,#N/A N/A,,
44522,50140.81,51334.31,,
44523,51304.01,50140.81,,
44524,51202.71,51304.01,,
44525,52530.71,51202.71,,
44526,47840.01,52530.71,,
44527,48300.61,#N/A N/A,,
44528,49893.11,#N/A N/A,,
44529,51643.81,47840.01,,
44530,50390.01,51643.81,,
44531,50388.71,50390.01,,
44532,50381.4,50388.71,,
44533,47537.31,50381.4,,
44534,43225.11,#N/A N/A,,
44535,43526.2,#N/A N/A,,
44536,44410.81,47537.31,,
44537,44844.51,44410.81,,
44538,44626.51,44844.51,,
44539,42519.61,44626.51,,
44540,42400.11,42519.61,,
44541,43222.7,#N/A N/A,,
44542,44163.9,#N/A N/A,,
44543,41490.5,42400.11,,
44544,42918.9,41490.5,,
44545,43527.11,42918.9,,
44546,42491.01,43527.11,,
44547,41690.9,42491.01,,
44548,41794,#N/A N/A,,
44549,41555,#N/A N/A,,
44550,41667.2,41690.9,,
44551,43482.9,41667.2,,
44552,43330.01,43482.9,,
44553,44896.01,43330.01,,
44554,45008.81,44896.01,,
44555,45121.11,#N/A N/A,,
44556,44928.11,#N/A N/A,,
44557,45004.61,45008.81,,
44558,42102.51,45004.61,,
44559,41617.2,42102.51,,
44560,41735.81,41617.2,,
44561,40777.11,41735.81,,
44562,41663.9,#N/A N/A,,
44563,41385.2,#N/A N/A,,
44564,40730.9,40777.11,,
44565,40962.5,40730.9,,
44566,38590.11,40962.5,,
44567,38199.11,38590.11,,
44568,36870.7,38199.11,,
44569,36852,#N/A N/A,,
44570,37317.9,#N/A N/A,,
44571,36853.61,36870.7,,
44572,37597.61,36853.61,,
44573,38338.31,37597.61,,
44574,37430.61,38338.31,,
44575,37950.5,37430.61,,
44576,38000,#N/A N/A,,
44577,37659.2,#N/A N/A,,
44578,36620.81,37950.5,,
44579,37432,36620.81,,
44580,36788.9,37432,,
44581,36555.11,36788.9,,
44582,32365.7,36555.11,,
44583,31244.6,#N/A N/A,,
44584,31195.6,#N/A N/A,,
44585,32553.4,32365.7,,
44586,32377.2,32553.4,,
44587,32356,32377.2,,
44588,32476.8,32356,,
44589,33916.61,32476.8,,
44590,34460.3,#N/A N/A,,
44591,33887,#N/A N/A,,
44592,34230,33916.61,,
44593,34461.4,34230,,
44594,32743.9,34461.4,,
44595,32325.1,32743.9,,
44596,35470,32325.1,,
44597,36420.11,#N/A N/A,,
44598,36386.7,#N/A N/A,,
44599,38541.61,35470,,
44600,38800.11,38541.61,,
44601,38965.11,38800.11,,
44602,38325.2,38965.11,,
44603,37479.9,38325.2,,
44604,36956.81,#N/A N/A,,
44605,37250.11,#N/A N/A,,
44606,37390.9,37479.9,,
44607,38736.7,37390.9,,
44608,38783.81,38736.7,,
44609,35848.11,38783.81,,
44610,35318.4,35848.11,,
44611,35265.61,#N/A N/A,,
44612,33770.4,#N/A N/A,,
44613,32754.9,35318.4,,
44614,33454.7,32754.9,,
44615,33188.11,33454.7,,
44616,34272.3,33188.11,,
44617,34602.11,34272.3,,
44618,35058.61,#N/A N/A,,
44619,33583,#N/A N/A,,
44620,37140.81,34602.11,,
44621,39455,37140.81,,
44622,39637.7,39455,,
44623,38007,39637.7,,
44624,36020.11,38007,,
44625,36049.9,#N/A N/A,,
44626,35699.61,#N/A N/A,,
44627,34872.3,36020.11,,
44628,35333.9,34872.3,,
44629,37809.81,35333.9,,
44630,35798.9,37809.81,,
44631,35614.11,35798.9,,
44632,35865.4,#N/A N/A,,
44633,35426.11,#N/A N/A,,
44634,35410.61,35614.11,,
44635,35995.61,35410.61,,
44636,37385.11,35995.61,,
44637,36720,37385.11,,
44638,37750,36720,,
44639,38203,#N/A N/A,,
44640,37362.31,#N/A N/A,,
44641,37359.31,37750,,
44642,38625.31,37359.31,,
44643,38471.2,38625.31,,
44644,39899,38471.2,,
44645,40594.31,39899,,
44646,40579.2,#N/A N/A,,
44647,41919.61,#N/A N/A,,
44648,43657.81,40594.31,,
44649,42830.31,43657.81,,
44650,42350.51,42830.31,,
44651,41350.11,42350.51,,
44652,41811.2,41350.11,,
44653,41825.31,#N/A N/A,,
44654,42026.51,#N/A N/A,,
44655,42210.7,41811.2,,
44656,42029.81,42210.7,,
44657,40303.9,42029.81,,
44658,40068.5,40303.9,,
44659,39398,40068.5,,
44660,39081.7,#N/A N/A,,
44661,39529.9,#N/A N/A,,
44662,36631.9,39398,,
44663,36524.7,36631.9,,
44664,37887.11,36524.7,,
44665,36855,37887.11,,
44666,37383.31,36855,,
44667,37338.5,#N/A N/A,,
44668,37289.7,#N/A N/A,,
44669,37735.5,37383.31,,
44670,38297.11,37735.5,,
44671,38169,38297.11,,
44672,37485.11,38169,,
44673,36703.81,37485.11,,
44674,36900.7,#N/A N/A,,
44675,36542.9,#N/A N/A,,
44676,37494.61,36703.81,,
44677,35858.4,37494.61,,
44678,37015.9,35858.4,,
44679,37973.2,37015.9,,
44680,36569.7,37973.2,,
44681,36385.2,#N/A N/A,,
44682,36300.5,#N/A N/A,,
44683,36455.4,36569.7,,
44684,35945.81,36455.4,,
44685,37474.9,35945.81,,
44686,34596,37474.9,,
44687,34205.7,34596,,
44688,33950,#N/A N/A,,
44689,32457.1,#N/A N/A,,
44690,29322.3,34205.7,,
44691,29441.4,29322.3,,
44692,27000,29441.4,,
44693,27487.9,27000,,
44694,28591,27487.9,,
44695,28223.9,#N/A N/A,,
44696,29798.4,#N/A N/A,,
44697,28656.7,28591,,
44698,28499.2,28656.7,,
44699,27894,28499.2,,
44700,28537.3,27894,,
44701,27573.6,28537.3,,
44702,27804.5,#N/A N/A,,
44703,28322,#N/A N/A,,
44704,27414.9,27573.6,,
44705,27427.7,27414.9,,
44706,27873.1,27427.7,,
44707,27435,27873.1,,
44708,26763.3,27435,,
44709,27015.9,#N/A N/A,,
44710,27142.5,#N/A N/A,,
44711,28991,26763.3,,
44712,29592.5,28991,,
44713,27826.6,29592.5,,
44714,28129.9,27826.6,,
44715,27670.6,28129.9,,
44716,27753.9,#N/A N/A,,
44717,27937.1,#N/A N/A,,
44718,29396.2,27670.6,,
44719,29252.2,29396.2,,
44720,28165.2,29252.2,,
44721,28384.9,28165.2,,
44722,27740.9,28384.9,,
44723,27006.4,#N/A N/A,,
44724,26007.3,#N/A N/A,,
44725,22308.8,27740.9,,
44726,21085.1,22308.8,,
44727,20709.7,21085.1,,
44728,19591.7,20709.7,,
44729,19665.4,19591.7,,
44730,16949.8,#N/A N/A,,
44731,19649.6,#N/A N/A,,
44732,19436.8,19665.4,,
44733,19777.4,19436.8,,
44734,18800.1,19777.4,,
44735,19763.4,18800.1,,
44736,20070.4,19763.4,,
44737,20122,#N/A N/A,,
44738,20280.4,#N/A N/A,,
44739,19755.7,20070.4,,
44740,19255.9,19755.7,,
44741,19329.4,19255.9,,
44742,17871.9,19329.4,,
44743,18620.2,17871.9,,
44744,18459.5,#N/A N/A,,
44745,18632.4,#N/A N/A,,
44746,18950.4,18620.2,,
44747,19898.6,18950.4,,
44748,20019,19898.6,,
44749,21250,20019,,
44750,21451.1,21250,,
44751,21299.2,#N/A N/A,,
44752,20594.2,#N/A N/A,,
44753,20315.5,21451.1,,
44754,19374.3,20315.5,,
44755,19548.4,19374.3,,
44756,20630.3,19548.4,,
44757,20740.8,20630.3,,
44758,21028.6,#N/A N/A,,
44759,20765.8,#N/A N/A,,
44760,21187.2,20740.8,,
44761,22792.9,21187.2,,
44762,22860,22792.9,,
44763,22608,22860,,
44764,22135.9,22608,,
44765,21884.5,#N/A N/A,,
44766,22270,#N/A N/A,,
44767,21690.4,22135.9,,
44768,20746.2,21690.4,,
44769,22336.6,20746.2,,
44770,23570.4,22336.6,,
44771,23418.9,23570.4,,
44772,23452,#N/A N/A,,
44773,23312.4,#N/A N/A,,
44774,22539,23418.9,,
44775,22650,22539,,
44776,22941.9,22650,,
44777,21977.8,22941.9,,
44778,22585.8,21977.8,,
44779,22768.9,#N/A N/A,,
44780,22855.3,#N/A N/A,,
44781,23621.5,22585.8,,
44782,22675.6,23621.5,,
44783,23215.6,22675.6,,
44784,23467.9,23215.6,,
44785,23629.3,23467.9,,
44786,23895,#N/A N/A,,
44787,23717.5,#N/A N/A,,
44788,23693.2,23629.3,,
44789,23576.4,23693.2,,
44790,23002.9,23576.4,,
44791,23212.1,23002.9,,
44792,21201.1,23212.1,,
44793,20731.5,#N/A N/A,,
44794,21400.2,#N/A N/A,,
44795,21244.5,21201.1,,
44796,21550.2,21244.5,,
44797,21759.1,21550.2,,
44798,21698.7,21759.1,,
44799,20733.1,21698.7,,
44800,20101.5,#N/A N/A,,
44801,20066.8,#N/A N/A,,
44802,20190.3,20733.1,,
44803,19948.8,20190.3,,
44804,20087.4,19948.8,,
44805,20179.2,20087.4,,
44806,20057.5,20179.2,,
44807,19837.5,#N/A N/A,,
44808,20018.7,#N/A N/A,,
44809,19878.2,20057.5,,
44810,19160.8,19878.2,,
44811,19383.9,19160.8,,
44812,19381.1,19383.9,,
44813,21179.9,19381.1,,
44814,21300.7,#N/A N/A,,
44815,21431.2,#N/A N/A,,
44816,22110.9,21179.9,,
44817,20310,22110.9,,
44818,19989.8,20310,,
44819,19857,19989.8,,
44820,19712.6,19857,,
44821,20062.6,#N/A N/A,,
44822,19695.4,#N/A N/A,,
44823,19478.1,19712.6,,
44824,19030.4,19478.1,,
44825,19228.7,19030.4,,
44826,19557.7,19228.7,,
44827,19456.1,19557.7,,
44828,19730.1,#N/A N/A,,
44829,19517.1,#N/A N/A,,
44830,19881.8,19456.1,,
44831,19865.4,19881.8,,
44832,20089.1,19865.4,,
44833,19887.5,20089.1,,
44834,19819.7,19887.5,,
44835,19650.2,#N/A N/A,,
44836,19634.6,#N/A N/A,,
44837,19942.4,19819.7,,
44838,20371.7,19942.4,,
44839,20226.7,20371.7,,
44840,20478.9,20226.7,,
44841,20070.9,20478.9,,
44842,19970.6,#N/A N/A,,
44843,19998.2,#N/A N/A,,
44844,19828.1,20070.9,,
44845,19596.9,19828.1,,
44846,19742,19596.9,,
44847,19830.6,19742,,
44848,19720.7,19830.6,,
44849,19651.5,#N/A N/A,,
44850,19880.1,#N/A N/A,,
44851,19840.2,19720.7,,
44852,19645,19840.2,,
44853,19643.7,19645,,
44854,19446.2,19643.7,,
44855,19446.7,19446.2,,
44856,19497.6,#N/A N/A,,
44857,19751.3,#N/A N/A,,
44858,19615,19446.7,,
44859,20239.5,19615,,
44860,20580.8,20239.5,,
44861,20475.2,20580.8,,
44862,20703.2,20475.2,,
44863,20918.5,#N/A N/A,,
44864,20763.8,#N/A N/A,,
44865,20641.8,20703.2,,
44866,20742.8,20641.8,,
44867,20553.5,20742.8,,
44868,20748.9,20553.5,,
44869,21224.3,20748.9,,
44870,21435.2,#N/A N/A,,
44871,21319.7,#N/A N/A,,
44872,20644.1,21224.3,,
44873,18624,20644.1,,
44874,15709.6,18624,,
44875,17432,15709.6,,
44876,16179.2,17432,,
44877,16188.2,#N/A N/A,,
44878,15775,#N/A N/A,,
44879,15867.2,16179.2,,
44880,16324.9,15867.2,,
44881,15904.9,16324.9,,
44882,16083.5,15904.9,,
44883,16113,16083.5,,
44884,16132.3,#N/A N/A,,
44885,15738.4,#N/A N/A,,
44886,15260.5,16113,,
44887,15656.2,15260.5,,
44888,15843.9,15656.2,,
44889,15870.6,15843.9,,
44890,15852.8,15870.6,,
44891,15870.2,#N/A N/A,,
44892,15940.9,#N/A N/A,,
44893,15660.1,15852.8,,
44894,15929,15660.1,,
44895,16431.9,15929,,
44896,16085,16431.9,,
44897,16156.2,16085,,
44898,16092.9,#N/A N/A,,
44899,16206.1,#N/A N/A,,
44900,16173.4,16156.2,,
44901,16216.3,16173.4,,
44902,16018.9,16216.3,,
44903,16265.1,16018.9,,
44904,16242.2,16265.1,,
44905,16244.2,#N/A N/A,,
44906,16238.1,#N/A N/A,,
44907,16275.2,16242.2,,
44908,16701.8,16275.2,,
44909,16695.2,16701.8,,
44910,16349.9,16695.2,,
44911,15890.3,16349.9,,
44912,15782.9,#N/A N/A,,
44913,15809.9,#N/A N/A,,
44914,15631.5,15890.3,,
44915,15886.1,15631.5,,
44916,15819.9,15886.1,,
44917,15837.5,15819.9,,
44918,15830.3,15837.5,,
44919,15831.4,#N/A N/A,,
44920,15833.1,#N/A N/A,,
44921,15808.9,15830.3,,
44922,15689.4,15808.9,,
44923,15557.4,15689.4,,
44924,15556.5,15557.4,,
44925,15480.1,15556.5,,
44926,15430.9,#N/A N/A,,
44927,15500.8,#N/A N/A,,
44928,15678.7,15480.1,,
44929,15777,15678.7,,
44930,15865.4,15777,,
44931,16008.8,15865.4,,
44932,15905.6,16008.8,,
44933,15916.8,#N/A N/A,,
44934,15920.6,#N/A N/A,,
44935,16004.9,15905.6,,
44936,16272.3,16004.9,,
44937,16322.6,16272.3,,
44938,17353.4,16322.6,,
44939,18300.1,17353.4,,
44940,19270.7,#N/A N/A,,
44941,19288.4,#N/A N/A,,
44942,19522.4,18300.1,,
44943,19764,19522.4,,
44944,19250.3,19764,,
44945,19338.4,19250.3,,
44946,20570,19338.4,,
44947,21374,#N/A N/A,,
44948,20794.2,#N/A N/A,,
44949,21167.4,20570,,
44950,21040.4,21167.4,,
44951,21612.8,21040.4,,
44952,21172,21612.8,,
44953,21252.3,21172,,
44954,21180.6,#N/A N/A,,
44955,21900.8,#N/A N/A,,
44956,20951,21252.3,,
44957,21118,20951,,
44958,21560.3,21118,,
44959,21498.7,21560.3,,
44960,21659.6,21498.7,,
44961,21680.5,#N/A N/A,,
44962,21214.1,#N/A N/A,,
44963,21366.6,21659.6,,
44964,21620.9,21366.6,,
44965,21433.7,21620.9,,
44966,20342.4,21433.7,,
44967,20182.3,20342.4,,
44968,20457.9,#N/A N/A,,
44969,20354.6,#N/A N/A,,
44970,20158.4,20182.3,,
44971,20723.8,20158.4,,
44972,22601,20723.8,,
44973,22988.6,22601,,
44974,22901.2,22988.6,,
44975,23005.8,#N/A N/A,,
44976,22958.7,#N/A N/A,,
44977,23168.4,22901.2,,
44978,22737.6,23168.4,,
44979,22447.9,22737.6,,
44980,22531,22447.9,,
44981,21918.4,22531,,
44982,21778.5,#N/A N/A,,
44983,22348.5,#N/A N/A,,
44984,22043.4,21918.4,,
44985,21886.8,22043.4,,
44986,22083.8,21886.8,,
44987,22091.8,22083.8,,
44988,20910.1,22091.8,,
44989,20896,#N/A N/A,,
44990,21151.6,#N/A N/A,,
44991,20979.4,20910.1,,
44992,20894.4,20979.4,,
44993,20857.5,20894.4,,
44994,19125.2,20857.5,,
44995,18884.1,19125.2,,
44996,18953.9,#N/A N/A,,
44997,19913.8,#N/A N/A,,
44998,22130.9,18884.1,,
44999,22849.7,22130.9,,
45000,22985.1,22849.7,,
45001,23286.8,22985.1,,
45002,25104.9,23286.8,,
45003,25625.5,#N/A N/A,,
45004,26139.5,#N/A N/A,,
45005,26175,25104.9,,
45006,26150.1,26175,,
45007,25242.5,26150.1,,
45008,26151.2,25242.5,,
45009,25684.3,26151.2,,
45010,25470.7,#N/A N/A,,
45011,25831.1,#N/A N/A,,
45012,25043.6,25684.3,,
45013,25183.3,25043.6,,
45014,26169,25183.3,,
45015,25836.5,26169,,
45016,26188.9,25836.5,,
45017,26253.9,#N/A N/A,,
45018,25910.2,#N/A N/A,,
45019,25304.3,26188.9,,
45020,25805.2,25304.3,,
45021,25830,25805.2,,
45022,25642.5,25830,,
45023,25583.2,25642.5,,
45024,25631.1,#N/A N/A,,
45025,25815.7,#N/A N/A,,
45026,26799.9,25583.2,,
45027,27644.9,26799.9,,
45028,27260.4,27644.9,,
45029,27438.3,27260.4,,
45030,27725.9,27438.3,,
45031,27561.5,#N/A N/A,,
45032,27607.3,#N/A N/A,,
45033,26963.3,27725.9,,
45034,27704.4,26963.3,,
45035,26718,27704.4,,
45036,25712.9,26718,,
45037,24813.4,25712.9,,
45038,25231.2,#N/A N/A,,
45039,25050.5,#N/A N/A,,
45040,24860.1,24813.4,,
45041,25515.5,24860.1,,
45042,25750,25515.5,,
45043,26865.2,25750,,
45044,26652.8,26865.2,,
45045,26538.7,#N/A N/A,,
45046,26629.1,#N/A N/A,,
45047,25219,26652.8,,
45048,26076.2,25219,,
45049,25796.7,26076.2,,
45050,26231.6,25796.7,,
45051,26809,26231.6,,
45052,26200.1,#N/A N/A,,
45053,26265,#N/A N/A,,
45054,25052.3,26809,,
45055,25230.9,25052.3,,
45056,25386.4,25230.9,,
45057,24745,25386.4,,
45058,24392,24745,,
45059,24828.8,#N/A N/A,,
45060,24822.3,#N/A N/A,,
45061,25147.1,24392,,
45062,24807.4,25147.1,,
45063,25218.1,24807.4,,
45064,24810.4,25218.1,,
45065,24839.9,24810.4,,
45066,25000.8,#N/A N/A,,
45067,24834.3,#N/A N/A,,
45068,24865,24839.9,,
45069,25251.1,24865,,
45070,24554.2,25251.1,,
45071,24690.4,24554.2,,
45072,24942.1,24690.4,,
45073,24945,#N/A N/A,,
45074,25679.9,#N/A N/A,,
45075,25842.4,24942.1,,
45076,25867.5,25842.4,,
45077,25377.4,25867.5,,
45078,24969.1,25377.4,,
45079,25408.3,24969.1,,
45080,25278.7,#N/A N/A,,
45081,25440.6,#N/A N/A,,
45082,23950,25408.3,,
45083,25189.9,23950,,
45084,24609.7,25189.9,,
45085,24705.8,24609.7,,
45086,24604.3,24705.8,,
45087,24030.1,#N/A N/A,,
45088,24321.9,#N/A N/A,,
45089,24057.4,24604.3,,
45090,23947,24057.4,,
45091,23017.5,23947,,
45092,23336.3,23017.5,,
45093,24123,23336.3,,
45094,24255.2,#N/A N/A,,
45095,24200.1,#N/A N/A,,
45096,24456.4,24123,,
45097,25787.8,24456.4,,
45098,27249,25787.8,,
45099,27497.7,27249,,
45100,28378,27497.7,,
45101,28000.1,#N/A N/A,,
45102,27833.8,#N/A N/A,,
45103,27642.9,28378,,
45104,27970.5,27642.9,,
45105,27598.4,27970.5,,
45106,27975.3,27598.4,,
45107,27834,27975.3,,
45108,28021.7,#N/A N/A,,
45109,28013,#N/A N/A,,
45110,28505.7,27834,,
45111,28306.4,28505.7,,
45112,28067,28306.4,,
45113,27834.8,28067,,
45114,27617.6,27834.8,,
45115,27527.7,#N/A N/A,,
45116,27560.3,#N/A N/A,,
45117,27983.2,27617.6,,
45118,27795.1,27983.2,,
45119,27275.1,27795.1,,
45120,27935.9,27275.1,,
45121,26910.1,27935.9,,
45122,27035.2,#N/A N/A,,
45123,26996.2,#N/A N/A,,
45124,26648.9,26910.1,,
45125,26546.4,26648.9,,
45126,26768.1,26546.4,,
45127,26705.9,26768.1,,
45128,26865.7,26705.9,,
45129,26831.9,#N/A N/A,,
45130,27100,#N/A N/A,,
45131,26337.1,26865.7,,
45132,26434.5,26337.1,,
45133,26700.1,26434.5,,
45134,26528.4,26700.1,,
45135,26593.9,26528.4,,
45136,26625.2,#N/A N/A,,
45137,26490.6,#N/A N/A,,
45138,26506.7,26593.9,,
45139,26547.4,26506.7,,
45140,26601.1,26547.4,,
45141,26735.7,26601.1,,
45142,26289.1,26735.7,,
45143,26382,#N/A N/A,,
45144,26420.4,#N/A N/A,,
45145,26448,26289.1,,
45146,27318.3,26448,,
45147,26834.9,27318.3,,
45148,26782.8,26834.9,,
45149,26829.4,26782.8,,
45150,26868.1,#N/A N/A,,
45151,26846.3,#N/A N/A,,
45152,26890.7,26829.4,,
45153,26715.6,26890.7,,
45154,26566.1,26715.6,,
45155,25411.4,26566.1,,
45156,23988.6,25411.4,,
45157,24019.9,#N/A N/A,,
45158,24143.2,#N/A N/A,,
45159,23962.1,23988.6,,
45160,23837.6,23962.1,,
45161,24488.4,23837.6,,
45162,24056,24488.4,,
45163,24125.4,24056,,
45164,24111.7,#N/A N/A,,
45165,24157.2,#N/A N/A,,
45166,23980.5,24125.4,,
45167,25315.6,23980.5,,
45168,24930.6,25315.6,,
45169,23971.1,24930.6,,
45170,23895.6,23971.1,,
45171,23988.1,#N/A N/A,,
45172,24153.7,#N/A N/A,,
45173,23904.2,23895.6,,
45174,23976.1,23904.2,,
45175,23924.6,23976.1,,
45176,24308,23924.6,,
45177,24203.7,24308,,
45178,24176.6,#N/A N/A,,
45179,24123.8,#N/A N/A,,
45180,23342.1,24203.7,,
45181,24240.2,23342.1,,
45182,24450.3,24240.2,,
45183,24957.9,24450.3,,
45184,24768.9,24957.9,,
45185,24860.7,#N/A N/A,,
45186,24776.8,#N/A N/A,,
45187,25022.7,24768.9,,
45188,25477.2,25022.7,,
45189,25460.7,25477.2,,
45190,24919.2,25460.7,,
45191,24965.6,24919.2,,
45192,24980.9,#N/A N/A,,
45193,24653.8,#N/A N/A,,
45194,24809.5,24965.6,,
45195,24788.9,24809.5,,
45196,25072.3,24788.9,,
45197,25574.4,25072.3,,
45198,25451.5,25574.4,,
45199,25506.9,#N/A N/A,,
45200,26454,#N/A N/A,,
45201,26240.1,25451.5,,
45202,26197.9,26240.1,,
45203,26456.9,26197.9,,
45204,25995.7,26456.9,,
45205,26404.7,25995.7,,
45206,26435.7,#N/A N/A,,
45207,26437.2,#N/A N/A,,
45208,26078.3,26404.7,,
45209,25832.5,26078.3,,
45210,25301.9,25832.5,,
45211,25388.5,25301.9,,
45212,25569.5,25388.5,,
45213,25570.7,#N/A N/A,,
45214,25815.8,#N/A N/A,,
45215,27009.7,25569.5,,
45216,26868.8,27009.7,,
45217,26889.6,26868.8,,
45218,27147.8,26889.6,,
45219,28010.8,27147.8,,
45220,28227.3,#N/A N/A,,
45221,28313.7,#N/A N/A,,
45222,30994.3,28010.8,,
45223,32009,30994.3,,
45224,32666.3,32009,,
45225,32337.6,32666.3,,
45226,32085.5,32337.6,,
45227,32290.1,#N/A N/A,,
45228,32704.4,#N/A N/A,,
45229,32502.9,32085.5,,
45230,32767.9,32502.9,,
45231,33481.8,32767.9,,
45232,32927.3,33481.8,,
45233,32392.7,32927.3,,
45234,32733.3,#N/A N/A,,
45235,32681.6,#N/A N/A,,
45236,32704.2,32392.7,,
45237,33131.8,32704.2,,
45238,33284.61,33131.8,,
45239,34424.7,33284.61,,
45240,34938.5,34424.7,,
45241,34806.5,#N/A N/A,,
45242,34710.7,#N/A N/A,,
45243,34100,34938.5,,
45244,32700,34100,,
45245,34917.7,32700,,
45246,33331.3,34917.7,,
45247,33589.8,33331.3,,
45248,33580.61,#N/A N/A,,
45249,34293.3,#N/A N/A,,
45250,34256.7,33589.8,,
45251,32766,34256.7,,
45252,34367.7,32766,,
45253,34220.2,34367.7,,
45254,34489.11,34220.2,,
45255,34570.4,#N/A N/A,,
45256,34253.5,#N/A N/A,,
45257,33996,34489.11,,
45258,34382.5,33996,,
45259,34520.4,34382.5,,
45260,34645.61,34520.4,,
45261,35564.4,34645.61,,
45262,36250,#N/A N/A,,
45263,36722,#N/A N/A,,
45264,38742.5,35564.4,,
45265,40825.9,38742.5,,
45266,40662.11,40825.9,,
45267,40130.2,40662.11,,
45268,41073.7,40130.2,,
45269,40659,#N/A N/A,,
45270,40692.4,#N/A N/A,,
45271,38322.81,41073.7,,
45272,38408.61,38322.81,,
45273,39427.4,38408.61,,
45274,39153.9,39427.4,,
45275,38515.61,39153.9,,
45276,38818.2,#N/A N/A,,
45277,37967.5,#N/A N/A,,
45278,39058.81,38515.61,,
45279,38500.7,39058.81,,
45280,39875.4,38500.7,,
45281,39870.4,39875.4,,
45282,39986.11,39870.4,,
45283,39799.31,#N/A N/A,,
45284,39192.31,#N/A N/A,,
45285,39574.11,39986.11,,
45286,38521.31,39574.11,,
45287,39149.5,38521.31,,
45288,38538.31,39149.5,,
45289,38224.4,38538.31,,
45290,38283,#N/A N/A,,
45291,38404.5,#N/A N/A,,
45292,40064,38224.4,,
45293,41118,40064,,
45294,39303.2,41118,,
45295,40396.31,39303.2,,
45296,40423.61,40396.31,,
45297,40253.11,#N/A N/A,,
45298,40194,#N/A N/A,,
45299,42884.01,40423.61,,
45300,42229.11,42884.01,,
45301,42558.11,42229.11,,
45302,42239.9,42558.11,,
45303,39180,42239.9,,
45304,39194.61,#N/A N/A,,
45305,38150.11,#N/A N/A,,
45306,38869.61,39180,,
45307,39685,38869.61,,
45308,39276.31,39685,,
45309,37974.61,39276.31,,
45310,38238.4,37974.61,,
45311,38277.81,#N/A N/A,,
45312,38171.9,#N/A N/A,,
45313,36315,38238.4,,
45314,36739.9,36315,,
45315,36828.31,36739.9,,
45316,36851,36828.31,,
45317,38571.81,36851,,
45318,38854.5,#N/A N/A,,
45319,38775.5,#N/A N/A,,
45320,39979.4,38571.81,,
45321,39628.5,39979.4,,
45322,39405.7,39628.5,,
45323,39617.4,39405.7,,
45324,39994.9,39617.4,,
45325,39833.4,#N/A N/A,,
45326,39492,#N/A N/A,,
45327,39726.7,39994.9,,
45328,40052.2,39726.7,,
45329,41124.9,40052.2,,
45330,42036.11,41124.9,,
45331,43660.2,42036.11,,
45332,44138.81,#N/A N/A,,
45333,44568.9,#N/A N/A,,
45334,46344.2,43660.2,,
45335,46436.7,46344.2,,
45336,48268.01,46436.7,,
45337,48213.31,48268.01,,
45338,48425.01,48213.31,,
45339,47944.31,#N/A N/A,,
45340,48356.81,#N/A N/A,,
45341,48053.51,48425.01,,
45342,48349.31,48053.51,,
45343,47930.31,48349.31,,
45344,47370.01,47930.31,,
45345,46873.7,47370.01,,
45346,47622.01,#N/A N/A,,
45347,47786.2,#N/A N/A,,
45348,49926.9,46873.7,,
45349,52621.9,49926.9,,
45350,57615.41,52621.9,,
45351,56565.91,57615.41,,
45352,57565.41,56565.91,,
45353,57223.21,#N/A N/A,,
45354,58230.11,#N/A N/A,,
45355,62877.21,57565.41,,
45356,58788.11,62877.21,,
45357,60642.51,58788.11,,
45358,61130.11,60642.51,,
45359,62415.51,61130.11,,
45360,62613.11,#N/A N/A,,
45361,63074.31,#N/A N/A,,
45362,65860.01,62415.51,,
45363,65428.91,65860.01,,
45364,66765.61,65428.91,,
45365,65666.41,66765.61,,
45366,63800.01,65666.41,,
45367,59885.21,#N/A N/A,,
45368,62820.01,#N/A N/A,,
45369,62162.91,63800.01,,
45370,56998.51,62162.91,,
45371,62092.71,56998.51,,
45372,60300.61,62092.71,,
45373,59094.91,60300.61,,
45374,59274.11,#N/A N/A,,
45375,62214.81,#N/A N/A,,
45376,64486.11,59094.91,,
45377,64605.01,64486.11,,
45378,64213.91,64605.01,,
45379,65583.11,64213.91,,
45380,64784.01,65583.11,,
45381,64602.41,#N/A N/A,,
45382,66129.91,#N/A N/A,,
45383,64902.91,64784.01,,
45384,60831.61,64902.91,,
45385,60960.11,60831.61,,
45386,63250.01,60960.11,,
45387,62617.21,63250.01,,
45388,63600.01,#N/A N/A,,
45389,64047.51,#N/A N/A,,
45390,65918.3,62617.21,,
45391,63699.11,65918.3,,
45392,65703.8,63699.11,,
45393,65293.81,65703.8,,
45394,63412.11,65293.81,,
45395,61100.51,#N/A N/A,,
45396,61864.31,#N/A N/A,,
45397,59743.01,63412.11,,
45398,60110.01,59743.01,,
45399,57500.11,60110.01,,
45400,59707.61,57500.11,,
45401,59974.41,59707.61,,
45402,61070.01,#N/A N/A,,
45403,60985.41,#N/A N/A,,
45404,62744.51,59974.41,,
45405,62069.71,62744.51,,
45406,60078.41,62069.71,,
45407,60120.11,60078.41,,
45408,59643.91,60120.11,,
45409,59350.01,#N/A N/A,,
45410,58948.01,#N/A N/A,,
45411,59541.11,59643.91,,
45412,56833.51,59541.11,,
45413,54336.51,56833.51,,
45414,55122.61,54336.51,,
45415,58479.61,55122.61,,
45416,59385.21,#N/A N/A,,
45417,59500.11,#N/A N/A,,
45418,58674.81,58479.61,,
45419,57982.41,58674.81,,
45420,56937.61,57982.41,,
45421,58507.51,56937.61,,
45422,56514.91,58507.51,,
45423,56506.11,#N/A N/A,,
45424,57067.11,#N/A N/A,,
45425,58289.91,56514.91,,
45426,56907.91,58289.91,,
45427,60785.21,56907.91,,
45428,60000.11,60785.21,,
45429,61677.61,60000.11,,
45430,61574.71,#N/A N/A,,
45431,60944.01,#N/A N/A,,
45432,65485.61,61677.61,,
45433,64437.91,65485.61,,
45434,63808.61,64437.91,,
45435,62821.91,63808.61,,
45436,63261.81,62821.91,,
45437,63864.11,#N/A N/A,,
45438,63131.61,#N/A N/A,,
45439,63878.71,63261.81,,
45440,62946.31,63878.71,,
45441,62555.71,62946.31,,
45442,63124.61,62555.71,,
45443,62241.71,63124.61,,
45444,62406.91,#N/A N/A,,
45445,62452.21,#N/A N/A,,
45446,63067.01,62241.71,,
45447,64796.51,63067.01,,
45448,65347.21,64796.51,,
45449,64983.41,65347.21,,
45450,64270.91,64983.41,,
45451,64257.01,#N/A N/A,,
45452,64651.31,#N/A N/A,,
45453,64546.71,64270.91,,
45454,62739.31,64546.71,,
45455,63141.01,62739.31,,
45456,62196.71,63141.01,,
45457,61733.71,62196.71,,
45458,61827.51,#N/A N/A,,
45459,62247.81,#N/A N/A,,
45460,61899.41,61733.71,,
45461,60670.01,61899.41,,
45462,60448.91,60670.01,,
45463,60568.31,60448.91,,
45464,59977.61,60568.31,,
45465,59974.71,#N/A N/A,,
45466,59085.91,#N/A N/A,,
45467,56156.91,59977.61,,
45468,57728.11,56156.91,,
45469,56910.81,57728.11,,
45470,57535.21,56910.81,,
45471,56310.01,57535.21,,
45472,56875.01,#N/A N/A,,
45473,58393.01,#N/A N/A,,
45474,58543.71,56310.01,,
45475,57720.81,58543.71,,
45476,55750.11,57720.81,,
45477,52772.71,55750.11,,
45478,52257.4,52772.71,,
45479,53702.81,#N/A N/A,,
45480,51590.4,#N/A N/A,,
45481,52314.71,52257.4,,
45482,53623.4,52314.71,,
45483,53320.61,53623.4,,
45484,52735.31,53320.61,,
45485,53088.11,52735.31,,
45486,54290.71,#N/A N/A,,
45487,55871.71,#N/A N/A,,
45488,59441.11,53088.11,,
45489,59740.41,59441.11,,
45490,58604.01,59740.41,,
45491,58710.01,58604.01,,
45492,61333.11,58710.01,,
45493,61636.51,#N/A N/A,,
45494,62505.61,#N/A N/A,,
45495,62019.41,61333.11,,
45496,60671.41,62019.41,,
45497,60322.41,60671.41,,
45498,60642.91,60322.41,,
45499,62554.21,60642.91,,
45500,62429.01,#N/A N/A,,
45501,62831.01,#N/A N/A,,
45502,61765.81,62554.21,,
45503,61188.01,61765.81,,
45504,59725.11,61188.01,,
45505,60554.61,59725.11,,
45506,56325.51,60554.61,,
45507,55706.51,#N/A N/A,,
45508,53328.71,#N/A N/A,,
45509,49385.61,56325.51,,
45510,51386.01,49385.61,,
45511,50449.9,51386.01,,
45512,56538.61,50449.9,,
45513,55787.81,56538.61,,
45514,55868.51,#N/A N/A,,
45515,53850.01,#N/A N/A,,
45516,54297.31,55787.81,,
45517,55150.01,54297.31,,
45518,53320.61,55150.01,,
45519,52479.81,53320.61,,
45520,53465.71,52479.81,,
45521,53999.9,#N/A N/A,,
45522,53073.11,#N/A N/A,,
45523,53674.21,53465.71,,
45524,53053.71,53674.21,,
45525,54845.51,53053.71,,
45526,54333.71,54845.51,,
45527,57293.51,54333.71,,
45528,57247.41,#N/A N/A,,
45529,57407.01,#N/A N/A,,
45530,56301.01,57293.51,,
45531,53235.9,56301.01,,
45532,53073.01,53235.9,,
45533,53603.11,53073.01,,
45534,53545.81,53603.11,,
45535,53380.01,#N/A N/A,,
45536,51920.01,#N/A N/A,,
45537,53424.9,53545.81,,
45538,52035.11,53424.9,,
45539,52301.51,52035.11,,
45540,50550.11,52301.51,,
45541,48750.01,50550.11,,
45542,48912.31,#N/A N/A,,
45543,49515.81,#N/A N/A,,
45544,51720.11,48750.01,,
45545,52283.01,51720.11,,
45546,52098.4,52283.01,,
45547,52489.21,52098.4,,
45548,54654.71,52489.21,,
45549,54139.51,#N/A N/A,,
45550,53345.21,#N/A N/A,,
45551,52290.11,54654.71,,
45552,54227.71,52290.11,,
45553,55541.41,54227.71,,
45554,56388.31,55541.41,,
45555,56635.41,56388.31,,
45556,56760.81,#N/A N/A,,
45557,56972.61,#N/A N/A,,
45558,56994.61,56635.41,,
45559,57418.01,56994.61,,
45560,56734.71,57418.01,,
45561,58300.01,56734.71,,
45562,58942.31,58300.01,,
45563,58985.91,#N/A N/A,,
45564,58746.81,#N/A N/A,,
45565,56874.61,58942.31,,
45566,54961.9,56874.61,,
45567,54901.51,54961.9,,
45568,55044.61,54901.51,,
45569,56542.41,55044.61,,
45570,56484.41,#N/A N/A,,
45571,57228.11,#N/A N/A,,
45572,56710.01,56542.41,,
45573,56607.91,56710.01,,
45574,55380.51,56607.91,,
45575,55143.31,55380.51,,
45576,57100.01,55143.31,,
45577,57715.21,#N/A N/A,,
45578,57508.41,#N/A N/A,,
45579,60452.01,57100.01,,
45580,61519.91,60452.01,,
45581,62260.11,61519.91,,
45582,62184.01,62260.11,,
45583,62958.71,62184.01,,
45584,62838.31,#N/A N/A,,
45585,63405.91,#N/A N/A,,
45586,62232.21,62958.71,,
45587,62397.21,62232.21,,
45588,61800.11,62397.21,,
45589,62957.91,61800.11,,
45590,61785.31,62957.91,,
45591,62129.01,#N/A N/A,,
45592,62915.91,#N/A N/A,,
45593,64551.51,61785.31,,
45594,67124.21,64551.51,,
45595,66600.3,67124.21,,
45596,64531.91,66600.3,,
45597,64170.51,64531.91,,
45598,64040.01,#N/A N/A,,
45599,63309.91,#N/A N/A,,
45600,62364.01,64170.51,,
45601,63482.71,62364.01,,
45602,70390.01,63482.71,,
45603,70301.11,70390.01,,
45604,71456.51,70301.11,,
45605,71565.61,#N/A N/A,,
45606,74864.81,#N/A N/A,,
45607,82187.91,71456.51,,
45608,82488.01,82187.91,,
45609,85446.01,82488.01,,
45610,82884.81,85446.01,,
45611,86291.41,82884.81,,
45612,85643.21,#N/A N/A,,
45613,85101.01,#N/A N/A,,
45614,85430.91,86291.41,,
45615,87063.11,85430.91,,
45616,89111.61,87063.11,,
45617,93654.61,89111.61,,
45618,94812.31,93654.61,,
45619,93311.21,#N/A N/A,,
45620,93396.01,#N/A N/A,,
45621,88997.31,94812.31,,
45622,87586.81,88997.31,,
45623,90828.11,87586.81,,
45624,90557.51,90828.11,,
45625,92169.31,90557.51,,
45626,91134.51,#N/A N/A,,
45627,92133.01,#N/A N/A,,
45628,91261.71,92169.31,,
45629,91239.31,91261.71,,
45630,93734.91,91239.31,,
45631,91721.51,93734.91,,
45632,94414.31,91721.51,,
45633,94367.31,#N/A N/A,,
45634,95578.51,#N/A N/A,,
45635,92350.51,94414.31,,
45636,91882.61,92350.51,,
45637,96240.71,91882.61,,
45638,95485.11,96240.71,,
45639,96600.91,95485.11,,
45640,96510.91,#N/A N/A,,
45641,98902.11,#N/A N/A,,
45642,100539.81,96600.91,,
45643,101091.51,100539.81,,
45644,96776.91,101091.51,,
45645,94050.01,96776.91,,
45646,93844.01,94050.01,,
45647,93378.51,#N/A N/A,,
45648,91182.71,#N/A N/A,,
45649,91100.01,93844.01,,
45650,94853.31,91100.01,,
45651,95526.11,94853.31,,
45652,91791.61,95526.11,,
45653,90372.01,91791.61,,
45654,91224.81,#N/A N/A,,
45655,89712.01,#N/A N/A,,
45656,89089.91,90372.01,,
45657,90106.41,89089.91,,
45658,91186.01,90106.41,,
45659,94390.81,91186.01,,
45660,95225.51,94390.81,,
45661,95293.31,#N/A N/A,,
45662,95431.71,#N/A N/A,,
45663,98412.51,95225.51,,
45664,93801.21,98412.51,,
45665,92219.01,93801.21,,
45666,89936.71,92219.01,,
45667,92503.31,89936.71,,
45668,92251.31,#N/A N/A,,
45669,92249.51,#N/A N/A,,
45670,92100.91,92503.31,,
45671,93689.91,92100.91,,
45672,97499.91,93689.91,,
45673,96994.31,97499.91,,
45674,101164.11,96994.31,,
45675,101466.61,#N/A N/A,,
45676,98550.11,#N/A N/A,,
45677,98011.01,101164.11,,
45678,102008.22,98011.01,,
45679,99650.72,102008.22,,
45680,99803.91,99650.72,,
45681,99954.51,99803.91,,
45682,99857.81,#N/A N/A,,
45683,98048.11,#N/A N/A,,
45684,97753.91,99954.51,,
45685,97170.91,97753.91,,
45686,99490.31,97170.91,,
45687,100709.01,99490.31,,
45688,98888.81,100709.01,,
45689,97362.11,#N/A N/A,,
45690,95400.41,#N/A N/A,,
45691,98267.51,98888.81,,
45692,94329.81,98267.51,,
45693,92950.01,94329.81,,
45694,93047.51,92950.01,,
45695,93545.41,93047.51,,
45696,93537.61,#N/A N/A,,
45697,93600.11,#N/A N/A,,
45698,94589.01,93545.41,,
45699,92453.01,94589.01,,
45700,94172.81,92453.01,,
45701,92358.81,94172.81,,
45702,92952.01,92358.81,,
45703,93085.11,#N/A N/A,,
45704,91751.11,#N/A N/A,,
45705,91367.81,92952.01,,
45706,91449.41,91367.81,,
45707,92670.81,91449.41,,
45708,93673.11,92670.81,,
45709,91974.31,93673.11,,
45710,92342.21,#N/A N/A,,
45711,91900.11,#N/A N/A,,
45712,87524.91,91974.31,,
45713,84316.11,87524.91,,
45714,80139.91,84316.11,,
45715,81355.81,80139.91,,
45716,81334.01,81355.81,,
45717,83020.31,#N/A N/A,,
45718,90595.91,#N/A N/A,,
45719,82141.81,81334.01,,
45720,82148.11,82141.81,,
45721,83986.71,82148.11,,
45722,83398.71,83986.71,,
45723,80098.01,83398.71,,
45724,79613.11,#N/A N/A,,
45725,74311.21,#N/A N/A,,
45726,72461.61,80098.01,,
45727,75996.81,72461.61,,
45728,76354.71,75996.81,,
45729,74058.51,76354.71,,
45730,77403.91,74058.51,,
45731,77600.01,#N/A N/A,,
45732,76514.71,#N/A N/A,,
45733,76868.31,77403.91,,
45734,74921.71,76868.31,,
45735,78300.11,74921.71,,
45736,77878.51,78300.11,,
45737,77841.51,77878.51,,
45738,77637.81,#N/A N/A,,
45739,78654.21,#N/A N/A,,
45740,81355.11,77841.51,,
45741,81431.91,81355.11,,
45742,81132.01,81431.91,,
45743,80801.01,81132.01,,
45744,77383.51,80801.01,,
45745,76233.61,#N/A N/A,,
45746,76252.11,#N/A N/A,,
45747,76183.01,77383.51,,
45748,78997.11,76183.01,,
45749,78905.51,78997.11,,
45750,74489.01,78905.51,,
45751,76804.61,74489.01,,
45752,75765.81,#N/A N/A,,
45753,71988.51,#N/A N/A,,
45754,72387.61,76804.61,,
45755,70302.61,72387.61,,
45756,76000.01,70302.61,,
45757,71388.41,76000.01,,
45758,73846.71,71388.41,,
45759,75346.71,#N/A N/A,,
45760,73729.31,#N/A N/A,,
45761,74751.01,73846.71,,
45762,74490.81,74751.01,,
45763,73960.11,74490.81,,
45764,74908.11,73960.11,,
45765,74170.31,74908.11,,
45766,74810.81,#N/A N/A,,
45767,74700.71,#N/A N/A,,
45768,75850.01,74170.31,,
45769,79800.01,75850.01,,
45770,82825.41,79800.01,,
45771,82107.01,82825.41,,
45772,83560.41,82107.01,,
45773,82864.91,#N/A N/A,,
45774,83010.11,#N/A N/A,,
45775,82785.91,83560.41,,
45776,83331.51,82785.91,,
45777,83500.11,83331.51,,
45778,85428.61,83500.11,,
45779,85876.61,85428.61,,
45780,85343.51,#N/A N/A,,
45781,84737.91,#N/A N/A,,
45782,83259.01,85876.61,,
45783,83285.31,83259.01,,
45784,85586.01,83285.31,,
45785,91310.11,85586.01,,
45786,91689.51,91310.11,,
45787,91650.11,#N/A N/A,,
45788,92960.11,#N/A N/A,,
45789,92565.01,91689.51,,
45790,93499.01,92565.01,,
45791,92669.71,93499.01,,
45792,92497.81,92669.71,,
45793,92875.21,92497.81,,
45794,92563.91,#N/A N/A,,
45795,92436.51,#N/A N/A,,
45796,93747.01,92875.21,,
45797,94739.91,93747.01,,
45798,95496.21,94739.91,,
45799,98405.91,95496.21,,
45800,95300.11,98405.91,,
45801,95851.81,#N/A N/A,,
45802,94796.01,#N/A N/A,,
45803,96277.71,95300.11,,
45804,96705.51,96277.71,,
45805,95096.71,96705.51,,
45806,93432.21,95096.71,,
45807,92189.11,93432.21,,
45808,92400.01,#N/A N/A,,
45809,92533.01,#N/A N/A,,
45810,91732.81,92189.11,,
45811,93065.61,91732.81,,
45812,91587.61,93065.61,,
45813,87825.41,91587.61,,
45814,91760.11,87825.41,,
45815,92915.41,#N/A N/A,,
45816,93166.51,#N/A N/A,,
45817,95214.51,91760.11,,
45818,96238.01,95214.51,,
45819,94793.91,96238.01,,
45820,91526.51,94793.91,,
45821,91333.41,91526.51,,
45822,90899.31,#N/A N/A,,
45823,90754.01,#N/A N/A,,
45824,94121.51,91333.41,,
45825,90926.11,94121.51,,
45826,91339.21,90926.11,,
45827,90697.11,91339.21,,
45828,90060.21,90697.11,,
45829,89235.91,#N/A N/A,,
45830,86617.51,#N/A N/A,,
45831,89690.31,90060.21,,
45832,91399.91,89690.31,,
45833,92489.81,91399.91,,
45834,92120.91,92489.81,,
45835,91472.31,92120.91,,
45836,91500.11,#N/A N/A,,
45837,91650.11,#N/A N/A,,
45838,91256.61,91472.31,,
45839,89800.01,91256.61,,
45840,92555.01,89800.01,,
45841,93540.01,92555.01,,
45842,91534.51,93540.01,,
45843,91856.11,#N/A N/A,,
45844,92350.11,#N/A N/A,,
45845,92175.11,91534.51,,
45846,92700.01,92175.11,,
45847,94401.71,92700.01,,
45848,96985.61,94401.71,,
45849,100367.72,96985.61,,
45850,99534.81,#N/A N/A,,
45851,101547.41,#N/A N/A,,
45852,102861.61,100367.72,,
45853,100297.51,102861.61,,
45854,102971.81,100297.51,,
45855,102883.31,102971.81,,
45856,101003.61,102883.31,,
45857,101269.31,#N/A N/A,,
45858,101406.31,#N/A N/A,,
45859,100005.91,101003.61,,
45860,101875.91,100005.91,,
45861,100180.91,101875.91,,
45862,101086.61,100180.91,,
45863,99725.22,101086.61,,
45864,100434.51,#N/A N/A,,
45865,100988.81,#N/A N/A,,
45866,101832.11,99725.22,,
45867,101746.22,101832.11,,
45868,102691.41,101746.22,,
45869,102073.31,102691.41,,
45870,98395.11,102073.31,,
45871,97398.01,#N/A N/A,,
45872,98890.71,#N/A N/A,,
45873,99280.11,98395.11,,
45874,98202.01,99280.11,,
45875,98731.71,98202.01,,
45876,100488.91,98731.71,,
45877,100344.41,100488.91,,
45878,99945.41,#N/A N/A,,
45879,101531.22,#N/A N/A,,
45880,102284.31,100344.41,,
45881,102880.11,102284.31,,
45882,104622.61,102880.11,,
45883,101257.11,104622.61,,
45884,100349.41,101257.11,,
45885,100746.31,#N/A N/A,,
45886,100500.11,#N/A N/A,,
45887,99900.01,100349.41,,
45888,97498.01,99900.01,,
45889,98149.01,97498.01,,
45890,96844.61,98149.01,,
45891,99691.91,96844.61,,
45892,97883.31,#N/A N/A,,
45893,96102.21,#N/A N/A,,
45894,94355.71,99691.91,,
45895,95673.71,94355.71,,
45896,96589.51,95673.71,,
45897,95859.61,96589.51,,
45898,92288.71,95859.61,,
45899,93091.11,#N/A N/A,,
45900,93298.91,#N/A N/A,,
45901,92970.51,92288.71,,
45902,95672.71,92970.51,,
45903,96249.41,95672.71,,
45904,94726.71,96249.41,,
45905,95284.81,94726.71,,
45906,94089.31,#N/A N/A,,
45907,95000.01,#N/A N/A,,
45908,95199.91,95284.81,,
45909,95270.81,95199.91,,
45910,97133.51,95270.81,,
45911,97548.71,97133.51,,
45912,99050.31,97548.71,,
45913,98526.91,#N/A N/A,,
45914,98450.01,#N/A N/A,,
45915,98103.71,99050.31,,
45916,98523.21,98103.71,,
45917,97904.01,98523.21,,
45918,99743.72,97904.01,,
45919,98288.31,99743.72,,
45920,98698.61,#N/A N/A,,
45921,98252.61,#N/A N/A,,
45922,95660.11,98288.31,,
45923,94836.31,95660.11,,
45924,96803.11,94836.31,,
45925,93600.11,96803.11,,
45926,93520.41,93600.11,,
45927,93624.81,#N/A N/A,,
45928,94782.11,#N/A N/A,,
45929,97490.01,93520.41,,
45930,97716.11,97490.01,,
45931,100173.01,97716.11,,
45932,102932.11,100173.01,,
45933,104201.01,102932.11,,
45934,103530.01,#N/A N/A,,
45935,104350.01,#N/A N/A,,
45936,106636.31,104201.01,,
45937,104720.81,106636.31,,
45938,105669.11,104720.81,,
45939,104760.11,105669.11,,
45940,98607.01,104760.11,,
45941,96263.71,#N/A N/A,,
45942,99600.11,#N/A N/A,,
45943,100179.91,98607.01,,
45944,97474.71,100179.91,,
45945,95460.91,97474.71,,
45946,92291.61,95460.91,,
45947,91925.11,92291.61,,
45948,92045.01,#N/A N/A,,
45949,93496.21,#N/A N/A,,
45950,95402.01,91925.11,,
45951,95592.51,95402.01,,
45952,92752.61,95592.51,,
45953,94326.41,92752.61,,
45954,95390.61,94326.41,,
45955,95813.11,#N/A N/A,,
45956,97361.11,#N/A N/A,,
45957,98300.01,95390.61,,
45958,96879.21,98300.01,,
45959,96051.01,96879.21,,
45960,93002.41,96051.01,,
45961,94841.31,93002.41,,
45962,95105.01,#N/A N/A,,
45963,95270.51,#N/A N/A,,
45964,92700.01,94841.31,,
45965,87235.31,92700.01,,
45966,90233.41,87235.31,,
45967,87553.41,90233.41,,
45968,89800.11,87553.41,,
45969,88390.11,#N/A N/A,,
45970,90414.41,#N/A N/A,,
45971,91328.31,89800.11,,
45972,88572.11,91328.31,,
45973,87954.01,88572.11,,
45974,84915.71,87954.01,,
45975,81719.21,84915.71,,
45976,81985.71,#N/A N/A,,
45977,80261.21,#N/A N/A,,
45978,79158.41,81719.21,,
45979,79801.31,79158.41,,
45980,78483.91,79801.31,,
45981,75677.21,78483.91,,
45982,73950.11,75677.21,,
45983,73318.91,#N/A N/A,,
45984,76550.11,#N/A N/A,,
45985,77069.11,73950.11,,
45986,75231.21,77069.11,,
45987,77815.71,75231.21,,
45988,78900.11,77815.71,,
45989,78403.91,78900.11,,
45990,78556.91,#N/A N/A,,
45991,78664.71,#N/A N/A,,
45992,74490.51,78403.91,,
45993,78800.01,74490.51,,
45994,80305.81,78800.01,,
45995,79160.91,80305.81,,
45996,76651.11,79160.91,,
45997,76927.51,#N/A N/A,,
45998,77499.81,#N/A N/A,,
45999,78497.81,76651.11,,
46000,79712.71,78497.81,,
46001,79021.21,79712.71,,
46002,79143.31,79021.21,,
46003,76887.71,79143.31,,
46004,76860.41,#N/A N/A,,
46005,75339.61,#N/A N/A,,
46006,73355.91,76887.71,,
46007,74700.01,73355.91,,
46008,73207.71,74700.01,,
46009,73013.71,73207.71,,
46010,74966.11,73013.71,,
46011,75303.91,#N/A N/A,,
46012,75200.01,#N/A N/A,,
46013,75034.21,74966.11,,
46014,74331.71,75034.21,,
46015,74401.21,74331.71,,
46016,74561.31,74401.21,,
46017,74270.41,74561.31,,
46018,74381.11,#N/A N/A,,
46019,74229.31,#N/A N/A,,
46020,74069.41,74270.41,,
46021,75048.51,74069.41,,
46022,74568.81,75048.51,,
46023,75188.01,74568.81,,
46024,76833.41,75188.01,,
46025,77287.21,#N/A N/A,,
46026,77883.91,#N/A N/A,,
46027,80282.01,76833.41,,
46028,79792.31,80282.01,,
46029,77972.11,79792.31,,
46030,78225.41,77972.11,,
46031,77740.71,78225.41,,
46032,77765.71,#N/A N/A,,
46033,77921.11,#N/A N/A,,
46034,77989.81,77740.71,,
46035,80780.01,77989.81,,
46036,83804.21,80780.01,,
46037,82317.51,83804.21,,
46038,82323.81,82317.51,,
46039,82228.61,#N/A N/A,,
46040,82325.01,#N/A N/A,,
46041,79852.31,82323.81,,
46042,76243.01,79852.31,,
46043,77180.71,76243.01,,
46044,75862.01,77180.71,,
46045,75470.61,75862.01,,
46046,75509.21,#N/A N/A,,
46047,72946.31,#N/A N/A,,
46048,74062.11,75470.61,,
46049,73887.01,74062.11,,
46050,74684.51,73887.01,,
46051,70511.51,74684.51,,
46052,71013.81,70511.51,,
46053,66178.51,#N/A N/A,,
46054,64500.31,#N/A N/A,,
46055,66569.01,71013.81,,
46056,64449.61,66569.01,,
46057,61527.61,64449.61,,
46058,53604.51,61527.61,,
46059,59596.21,53604.51,,
46060,58927.61,#N/A N/A,,
46061,59910.41,#N/A N/A,,
46062,59068.81,59596.21,,
46063,57708.31,59068.81,,
46064,57087.91,57708.31,,
46065,55438.71,57087.91,,
46066,58048.61,55438.71,,
46067,58976.81,#N/A N/A,,
46068,58042.91,#N/A N/A,,
46069,58100.81,58048.61,,
46070,57071.31,58100.81,,
46071,56289.51,57071.31,,
46072,56832.01,56289.51,,
46073,57538.51,56832.01,,
46074,58037.31,#N/A N/A,,
46075,57351.71,#N/A N/A,,
46076,54799.71,57538.51,,
46077,54411.31,54799.71,,
46078,58370.41,54411.31,,
46079,57189.61,58370.41,,
46080,55485.61,57189.61,,
46081,56569.41,#N/A N/A,,
46082,55749.01,#N/A N/A,,
46083,59385.71,55485.61,,
46084,58587.71,59385.71,,
46085,63038.31,58587.71,,
46086,61310.61,63038.31,,
46087,58816.51,61310.61,,
46088,58159.31,#N/A N/A,,
46089,58123.91,#N/A N/A,,
46090,59303.31,58816.51,,
46091,60512.81,59303.31,,
46092,61073.01,60512.81,,
46093,60975.01,61073.01,,
46094,62508.81,60975.01,,
46095,62090.01,#N/A N/A,,
46096,62865.71,#N/A N/A,,
46097,64534.91,62508.81,,
46098,64618.31,64534.91,,
46099,62231.01,64618.31,,
46100,60837.91,62231.01,,
46101,60558.91,60837.91,,
46102,60923.11,#N/A N/A,,
46103,59069.41,#N/A N/A,,
46104,61066.61,60558.91,,
46105,60375.71,61066.61,,
46106,61421.31,60375.71,,
46107,59835.11,61421.31,,
46108,57362.11,59835.11,,
46109,58200.01,#N/A N/A,,
46110,57880.71,#N/A N/A,,
46111,58117.11,57362.11,,
46112,59037.51,58117.11,,
46113,58848.71,59037.51,,
46114,58029.01,58848.71,,
46115,58029.31,58029.01,,
46116,58420.01,#N/A N/A,,
46117,58731.21,#N/A N/A,,
46118,60500.11,58029.31,,
46119,59780.51,60500.11,,
46120,61227.11,59780.51,,
46121,61926.21,61227.11,,
46122,62586.11,61926.21,,
46123,62569.31,#N/A N/A,,
46124,61083.81,#N/A N/A,,
46125,62263.71,62586.11,,
46126,62846.91,62263.71,,
46127,63459.81,62846.91,,
46128,63862.01,63459.81,,
46129,65782.51,63862.01,,
46130,64423.21,#N/A N/A,,
46131,63633.11,#N/A N/A,,
46132,64762.11,65782.51,,
46133,64509.71,64762.11,,
46134,67005.01,64509.71,,
46135,66676.41,67005.01,,
46136,66361.11,66676.41,,
46137,66166.71,#N/A N/A,,
46138,66850.41,#N/A N/A,,
46139,65689.21,66361.11,,
46140,65280.01,65689.21,,
46141,64832.71,65280.01,,
46142,65202.11,64832.71,,
46143,66449.91,65202.11,,
46144,66930.01,#N/A N/A,,
46145,67176.01,#N/A N/A,,
46146,68381.61,66449.91,,
46147,69845.71,68381.61,,