SX5E Index,,,,
40182,3017.8,2964.96,,
40183,3012.36,3017.8,,
40184,3009.66,3012.36,,
40185,3007.34,3009.66,,
40186,3017.85,3007.34,,
40189,3010.24,3017.85,,
40190,2976.89,3010.24,,
40191,2978.41,2976.89,,
40192,2989.71,2978.41,,
40193,2940.25,2989.71,,
40196,2957.87,2940.25,,
40197,2984.82,2957.87,,
40198,2914.6,2984.82,,
40199,2863.25,2914.6,,
40200,2836.8,2863.25,,
40203,2807.3,2836.8,,
40204,2827.74,2807.3,,
40205,2787.4,2827.74,,
40206,2737.33,2787.4,,
40207,2776.83,2737.33,,
40210,2793.29,2776.83,,
40211,2830.01,2793.29,,
40212,2804.61,2830.01,,
40213,2707.45,2804.61,,
40214,2631.64,2707.45,,
40217,2664.29,2631.64,,
40218,2668.43,2664.29,,
40219,2700.17,2668.43,,
40220,2680.25,2700.17,,
40221,2674.46,2680.25,,
40224,2683.83,2674.46,,
40225,2720.77,2683.83,,
40226,2762.25,2720.77,,
40227,2778.3,2762.25,,
40228,2793.37,2778.3,,
40231,2778.12,2793.37,,
40232,2730.57,2778.12,,
40233,2734.95,2730.57,,
40234,2684.42,2734.95,,
40235,2728.47,2684.42,,
40238,2772.7,2728.47,,
40239,2796.33,2772.7,,
40240,2822.59,2796.33,,
40241,2816.1,2822.59,,
40242,2877.44,2816.1,,
40245,2879.29,2877.44,,
40246,2880.71,2879.29,,
40247,2909.4,2880.71,,
40248,2895.74,2909.4,,
40249,2898.36,2895.74,,
40252,2870.55,2898.36,,
40253,2905.93,2870.55,,
40254,2931.31,2905.93,,
40255,2913.74,2931.31,,
40256,2897.95,2913.74,,
40259,2890.75,2897.95,,
40260,2910.52,2890.75,,
40261,2903.94,2910.52,,
40262,2948.09,2903.94,,
40263,2940.94,2948.09,,
40266,2947.49,2940.94,,
40267,2939.68,2947.49,,
40268,2931.16,2939.68,,
40269,2978.5,2931.16,,
40274,2989.49,2978.5,,
40275,2974.62,2989.49,,
40276,2942.31,2974.62,,
40277,2993.54,2942.31,,
40280,3002.23,2993.54,,
40281,2988.24,3002.23,,
40282,3008.03,2988.24,,
40283,3012.65,3008.03,,
40284,2949.65,3012.65,,
40287,2940.19,2949.65,,
40288,2983.91,2940.19,,
40289,2947.64,2983.91,,
40290,2897.59,2947.64,,
40291,2918.11,2897.59,,
40294,2947.04,2918.11,,
40295,2838.78,2947.04,,
40296,2788.54,2838.78,,
40297,2828.12,2788.54,,
40298,2816.86,2828.12,,
40301,2816.5,2816.86,,
40302,2708.12,2816.5,,
40303,2679.3,2708.12,,
40304,2611.41,2679.3,,
40305,2500.18,2611.41,,
40308,2758.89,2500.18,,
40309,2730.48,2758.89,,
40310,2764.31,2730.48,,
40311,2764.05,2764.31,,
40312,2633.92,2764.05,,
40315,2635.34,2633.92,,
40316,2698.21,2635.34,,
40317,2619.48,2698.21,,
40318,2569.58,2619.48,,
40319,2574.18,2569.58,,
40322,2558.27,2574.18,,
40323,2488.5,2558.27,,
40324,2530.34,2488.5,,
40325,2619.36,2530.34,,
40326,2614.06,2619.36,,
40329,2610.26,2614.06,,
40330,2606.58,2610.26,,
40331,2601.98,2606.58,,
40332,2634.16,2601.98,,
40333,2553.59,2634.16,,
40336,2529.97,2553.59,,
40337,2510.84,2529.97,,
40338,2556.68,2510.84,,
40339,2608.74,2556.68,,
40340,2638.31,2608.74,,
40343,2683.46,2638.31,,
40344,2716.3,2683.46,,
40345,2718.73,2716.3,,
40346,2728.12,2718.73,,
40347,2737.02,2728.12,,
40350,2768.27,2737.02,,
40351,2745.97,2768.27,,
40352,2704.8,2745.97,,
40353,2645.32,2704.8,,
40354,2629.25,2645.32,,
40357,2668.67,2629.25,,
40358,2556.34,2668.67,,
40359,2573.32,2556.34,,
40360,2518.65,2573.32,,
40361,2522.36,2518.65,,
40364,2507.83,2522.36,,
40365,2578.69,2507.83,,
40366,2634.39,2578.69,,
40367,2666.42,2634.39,,
40368,2681.2,2666.42,,
40371,2686.09,2681.2,,
40372,2737.59,2686.09,,
40373,2738.96,2737.59,,
40374,2702.81,2738.96,,
40375,2645.61,2702.81,,
40378,2634.6,2645.61,,
40379,2627.28,2634.6,,
40380,2639.52,2627.28,,
40381,2714.21,2639.52,,
40382,2719.13,2714.21,,
40385,2743.12,2719.13,,
40386,2769.31,2743.12,,
40387,2766.11,2769.31,,
40388,2752.93,2766.11,,
40389,2742.14,2752.93,,
40392,2822.17,2742.14,,
40393,2818.97,2822.17,,
40394,2825.08,2818.97,,
40395,2819.34,2825.08,,
40396,2779.34,2819.34,,
40399,2827.27,2779.34,,
40400,2800.02,2827.27,,
40401,2724.16,2800.02,,
40402,2720.85,2724.16,,
40403,2708.73,2720.85,,
40406,2698.29,2708.73,,
40407,2737.69,2698.29,,
40408,2728.66,2737.69,,
40409,2675.02,2728.66,,
40410,2643.98,2675.02,,
40413,2660.84,2643.98,,
40414,2614.54,2660.84,,
40415,2587.4,2614.54,,
40416,2606.89,2587.4,,
40417,2630.35,2606.89,,
40420,2616.57,2630.35,,
40421,2622.95,2616.57,,
40422,2715.27,2622.95,,
40423,2715.19,2715.27,,
40424,2746.23,2715.19,,
40427,2753.6,2746.23,,
40428,2727.16,2753.6,,
40429,2752.89,2727.16,,
40430,2782.43,2752.89,,
40431,2780.4,2782.43,,
40434,2805.06,2780.4,,
40435,2806.47,2805.06,,
40436,2794.36,2806.47,,
40437,2784.61,2794.36,,
40438,2757.37,2784.61,,
40441,2802.67,2757.37,,
40442,2794.55,2802.67,,
40443,2752.77,2794.55,,
40444,2738.61,2752.77,,
40445,2792.75,2738.61,,
40448,2776.33,2792.75,,
40449,2774.62,2776.33,,
40450,2752.71,2774.62,,
40451,2747.9,2752.71,,
40452,2732.91,2747.9,,
40455,2701.02,2732.91,,
40456,2758.56,2701.02,,
40457,2780,2758.56,,
40458,2786.88,2780,,
40459,2785.43,2786.88,,
40462,2789.72,2785.43,,
40463,2775.75,2789.72,,
40464,2840.55,2775.75,,
40465,2836.11,2840.55,,
40466,2841.65,2836.11,,
40469,2850.72,2841.65,,
40470,2837.33,2850.72,,
40471,2851.52,2837.33,,
40472,2882.29,2851.52,,
40473,2873.74,2882.29,,
40476,2871.48,2873.74,,
40477,2856.31,2871.48,,
40478,2829.42,2856.31,,
40479,2845.53,2829.42,,
40480,2844.99,2845.53,,
40483,2836.73,2844.99,,
40484,2861.01,2836.73,,
40485,2830.43,2861.01,,
40486,2884.21,2830.43,,
40487,2875.94,2884.21,,
40490,2867.96,2875.94,,
40491,2890.64,2867.96,,
40492,2845.93,2890.64,,
40493,2831.22,2845.93,,
40494,2822.43,2831.22,,
40497,2848.45,2822.43,,
40498,2781.77,2848.45,,
40499,2802.7,2781.77,,
40500,2855.23,2802.7,,
40501,2845.75,2855.23,,
40504,2811.43,2845.75,,
40505,2739.37,2811.43,,
40506,2758.02,2739.37,,
40507,2765.05,2758.02,,
40508,2736.96,2765.05,,
40511,2669.96,2736.96,,
40512,2650.99,2669.96,,
40513,2721.87,2650.99,,
40514,2781.39,2721.87,,
40515,2782.39,2781.39,,
40518,2769.96,2782.39,,
40519,2802.74,2769.96,,
40520,2818.95,2802.74,,
40521,2840.71,2818.95,,
40522,2839.53,2840.71,,
40525,2855.37,2839.53,,
40526,2861.67,2855.37,,
40527,2841.99,2861.67,,
40528,2845.78,2841.99,,
40529,2821.77,2845.78,,
40532,2839.22,2821.77,,
40533,2876.99,2839.22,,
40534,2869.63,2876.99,,
40535,2864.52,2869.63,,
40536,2861.94,2864.52,,
40539,2826.51,2861.94,,
40540,2824.3,2826.51,,
40541,2841.23,2824.3,,
40542,2807.04,2841.23,,
40543,2792.82,2807.04,,
40546,2839.43,2792.82,,
40547,2844.17,2839.43,,
40548,2833.74,2844.17,,
40549,2836.23,2833.74,,
40550,2808.25,2836.23,,
40553,2760.88,2808.25,,
40554,2796.6,2760.88,,
40555,2879.11,2796.6,,
40556,2915.62,2879.11,,
40557,2920.4,2915.62,,
40560,2910.63,2920.4,,
40561,2945.62,2910.63,,
40562,2923.76,2945.62,,
40563,2927.42,2923.76,,
40564,2970.56,2927.42,,
40567,2979.06,2970.56,,
40568,2957.78,2979.06,,
40569,2967.78,2957.78,,
40570,2989.75,2967.78,,
40571,2954.13,2989.75,,
40574,2953.63,2954.13,,
40575,3006.81,2953.63,,
40576,3012.7,3006.81,,
40577,2995.49,3012.7,,
40578,3003.19,2995.49,,
40581,3031.18,3003.19,,
40582,3042.5,3031.18,,
40583,3031.62,3042.5,,
40584,3025.68,3031.62,,
40585,3024.37,3025.68,,
40588,3018.38,3024.37,,
40589,3030.46,3018.38,,
40590,3061.92,3030.46,,
40591,3064.54,3061.92,,
40592,3068,3064.54,,
40595,3012.34,3068,,
40596,2983.33,3012.34,,
40597,2954.92,2983.33,,
40598,2949.13,2954.92,,
40599,2985.02,2949.13,,
40602,3013.09,2985.02,,
40603,2983.27,3013.09,,
40604,2958.8,2983.27,,
40605,2969.24,2958.8,,
40606,2949.18,2969.24,,
40609,2931.42,2949.18,,
40610,2945.42,2931.42,,
40611,2935.11,2945.42,,
40612,2909.73,2935.11,,
40613,2883.84,2909.73,,
40616,2852.11,2883.84,,
40617,2784.2,2852.11,,
40618,2721.24,2784.2,,
40619,2786.16,2721.24,,
40620,2792.61,2786.16,,
40623,2860.81,2792.61,,
40624,2854.79,2860.81,,
40625,2866.23,2854.79,,
40626,2909.78,2866.23,,
40627,2911.33,2909.78,,
40630,2914.76,2911.33,,
40631,2910.93,2914.76,,
40632,2936.44,2910.93,,
40633,2910.91,2936.44,,
40634,2962.92,2910.91,,
40637,2955.84,2962.92,,
40638,2950.96,2955.84,,
40639,2971.48,2950.96,,
40640,2963.69,2971.48,,
40641,2984.66,2963.69,,
40644,2974.58,2984.66,,
40645,2932.33,2974.58,,
40646,2949.98,2932.33,,
40647,2917.72,2949.98,,
40648,2919.05,2917.72,,
40651,2847.96,2919.05,,
40652,2857.61,2847.96,,
40653,2921.43,2857.61,,
40654,2936.3,2921.43,,
40659,2955.36,2936.3,,
40660,2977.59,2955.36,,
40661,3005.33,2977.59,,
40662,3011.25,3005.33,,
40665,3008.89,3011.25,,
40666,3000.39,3008.89,,
40667,2952.02,3000.39,,
40668,2926.54,2952.02,,
40669,2952.9,2926.54,,
40672,2902.4,2952.9,,
40673,2939.02,2902.4,,
40674,2942.43,2939.02,,
40675,2917.05,2942.43,,
40676,2894.6,2917.05,,
40679,2881.31,2894.6,,
40680,2849.6,2881.31,,
40681,2867.3,2849.6,,
40682,2890.6,2867.3,,
40683,2853.98,2890.6,,
40686,2794.26,2853.98,,
40687,2801.27,2794.26,,
40688,2816.84,2801.27,,
40689,2799.82,2816.84,,
40690,2819.4,2799.82,,
40693,2814.34,2819.4,,
40694,2861.92,2814.34,,
40695,2827.66,2861.92,,
40696,2782.57,2827.66,,
40697,2789.11,2782.57,,
40700,2765.33,2789.11,,
40701,2774.5,2765.33,,
40702,2752.06,2774.5,,
40703,2778.12,2752.06,,
40704,2732.54,2778.12,,
40707,2733.95,2732.54,,
40708,2779.94,2733.95,,
40709,2731.5,2779.94,,
40710,2730.62,2731.5,,
40711,2770.12,2730.62,,
40714,2748.01,2770.12,,
40715,2801.99,2748.01,,
40716,2795.07,2801.99,,
40717,2730.86,2795.07,,
40718,2715.88,2730.86,,
40721,2723.93,2715.88,,
40722,2750.49,2723.93,,
40723,2802.55,2750.49,,
40724,2848.53,2802.55,,
40725,2875.67,2848.53,,
40728,2870.19,2875.67,,
40729,2850.51,2870.19,,
40730,2832.63,2850.51,,
40731,2844.51,2832.63,,
40732,2790.09,2844.51,,
40735,2709.14,2790.09,,
40736,2693.53,2709.14,,
40737,2715.05,2693.53,,
40738,2695.29,2715.05,,
40739,2675.38,2695.29,,
40742,2622.36,2675.38,,
40743,2657.45,2622.36,,
40744,2705.75,2657.45,,
40745,2763.34,2705.75,,
40746,2772.6,2763.34,,
40749,2742.7,2772.6,,
40750,2739.65,2742.7,,
40751,2693.71,2739.65,,
40752,2692.76,2693.71,,
40753,2670.37,2692.76,,
40756,2593.34,2670.37,,
40757,2544.89,2593.34,,
40758,2497.83,2544.89,,
40759,2412.29,2497.83,,
40760,2375.15,2412.29,,
40763,2286.91,2375.15,,
40764,2294.24,2286.91,,
40765,2153.77,2294.24,,
40766,2215.45,2153.77,,
40767,2307.33,2215.45,,
40770,2324.48,2307.33,,
40771,2323.67,2324.48,,
40772,2331.12,2323.67,,
40773,2206.61,2331.12,,
40774,2159.07,2206.61,,
40777,2183.39,2159.07,,
40778,2199.98,2183.39,,
40779,2238.7,2199.98,,
40780,2216.7,2238.7,,
40781,2190.44,2216.7,,
40784,2239.3,2190.44,,
40785,2239.14,2239.3,,
40786,2302.08,2239.14,,
40787,2305.75,2302.08,,
40788,2220.72,2305.75,,
40791,2107.27,2220.72,,
40792,2080.1,2107.27,,
40793,2151.16,2080.1,,
40794,2163.4,2151.16,,
40795,2073.67,2163.4,,
40798,1995.01,2073.67,,
40799,2036.64,1995.01,,
40800,2083.38,2036.64,,
40801,2155.62,2083.38,,
40802,2159.28,2155.62,,
40805,2096.1,2159.28,,
40806,2140.41,2096.1,,
40807,2098.49,2140.41,,
40808,1995.75,2098.49,,
40809,2026.03,1995.75,,
40812,2083.35,2026.03,,
40813,2194.03,2083.35,,
40814,2176.64,2194.03,,
40815,2212.44,2176.64,,
40816,2179.66,2212.44,,
40819,2138.24,2179.66,,
40820,2091.09,2138.24,,
40821,2179.42,2091.09,,
40822,2248.78,2179.42,,
40823,2269.19,2248.78,,
40826,2320.8,2269.19,,
40827,2315.97,2320.8,,
40828,2372.15,2315.97,,
40829,2332.52,2372.15,,
40830,2355.48,2332.52,,
40833,2315.89,2355.48,,
40834,2306.81,2315.89,,
40835,2330.08,2306.81,,
40836,2271.77,2330.08,,
40837,2337.51,2271.77,,
40840,2369.07,2337.51,,
40841,2343.96,2369.07,,
40842,2335.06,2343.96,,
40843,2476.92,2335.06,,
40844,2462.36,2476.92,,
40847,2385.22,2462.36,,
40848,2259.73,2385.22,,
40849,2291.89,2259.73,,
40850,2347.94,2291.89,,
40851,2291.47,2347.94,,
40854,2275.92,2291.47,,
40855,2303.2,2275.92,,
40856,2249.39,2303.2,,
40857,2254.92,2249.39,,
40858,2324.81,2254.92,,
40861,2288.32,2324.81,,
40862,2254,2288.32,,
40863,2267.96,2254,,
40864,2242.78,2267.96,,
40865,2236.68,2242.78,,
40868,2160.28,2236.68,,
40869,2136.81,2160.28,,
40870,2096.79,2136.81,,
40871,2090.25,2096.79,,
40872,2111.26,2090.25,,
40875,2221.76,2111.26,,
40876,2234.17,2221.76,,
40877,2330.43,2234.17,,
40878,2313.84,2330.43,,
40879,2342.5,2313.84,,
40882,2369.39,2342.5,,
40883,2356.71,2369.39,,
40884,2344.92,2356.71,,
40885,2288.05,2344.92,,
40886,2342.59,2288.05,,
40889,2269.46,2342.59,,
40890,2260.98,2269.46,,
40891,2205.91,2260.98,,
40892,2224.89,2205.91,,
40893,2202.72,2224.89,,
40896,2202.95,2202.72,,
40897,2262.39,2202.95,,
40898,2244.35,2262.39,,
40899,2273.02,2244.35,,
40900,2290.37,2273.02,,
40904,2290.31,2290.37,,
40905,2255.03,2290.31,,
40906,2292.28,2255.03,,
40907,2316.55,2292.28,,
40910,2370.2,2316.55,,
40911,2389.91,2370.2,,
40912,2349.89,2389.91,,
40913,2315.75,2349.89,,
40914,2298.65,2315.75,,
40917,2286.45,2298.65,,
40918,2347.47,2286.45,,
40919,2339.51,2347.47,,
40920,2345.85,2339.51,,
40921,2338.01,2345.85,,
40924,2361.56,2338.01,,
40925,2396.63,2361.56,,
40926,2390.64,2396.63,,
40927,2435.04,2390.64,,
40928,2426.96,2435.04,,
40931,2441.44,2426.96,,
40932,2432.07,2441.44,,
40933,2421.12,2432.07,,
40934,2460.4,2421.12,,
40935,2436.62,2460.4,,
40938,2404.62,2436.62,,
40939,2416.66,2404.62,,
40940,2470.79,2416.66,,
40941,2478.15,2470.79,,
40942,2515.15,2478.15,,
40945,2507.89,2515.15,,
40946,2514.12,2507.89,,
40947,2512.92,2514.12,,
40948,2522.34,2512.92,,
40949,2480.76,2522.34,,
40952,2491.54,2480.76,,
40953,2488.29,2491.54,,
40954,2493.96,2488.29,,
40955,2489.35,2493.96,,
40956,2520.31,2489.35,,
40959,2550.28,2520.31,,
40960,2541.6,2550.28,,
40961,2519,2541.6,,
40962,2508.08,2519,,
40963,2523.69,2508.08,,
40966,2513.06,2523.69,,
40967,2519.72,2513.06,,
40968,2512.11,2519.72,,
40969,2548.66,2512.11,,
40970,2546.16,2548.66,,
40973,2529.86,2546.16,,
40974,2443.52,2529.86,,
40975,2460.77,2443.52,,
40976,2514.22,2460.77,,
40977,2515.95,2514.22,,
40980,2514.97,2515.95,,
40981,2556.82,2514.97,,
40982,2574.79,2556.82,,
40983,2593.97,2574.79,,
40984,2608.3,2593.97,,
40987,2608.42,2608.3,,
40988,2576.61,2608.42,,
40989,2567.58,2576.61,,
40990,2530.22,2567.58,,
40991,2525.43,2530.22,,
40994,2539.87,2525.43,,
40995,2525.21,2539.87,,
40996,2496.68,2525.21,,
40997,2452.74,2496.68,,
40998,2477.28,2452.74,,
41001,2501.18,2477.28,,
41002,2458.98,2501.18,,
41003,2398.46,2458.98,,
41004,2392.54,2398.46,,
41009,2321.53,2392.54,,
41010,2341.36,2321.53,,
41011,2352.24,2341.36,,
41012,2291.51,2352.24,,
41015,2301.19,2291.51,,
41016,2367.05,2301.19,,
41017,2327.84,2367.05,,
41018,2284.67,2327.84,,
41019,2311.27,2284.67,,
41022,2244.83,2311.27,,
41023,2284.08,2244.83,,
41024,2322.91,2284.08,,
41025,2322.69,2322.91,,
41026,2344.02,2322.69,,
41029,2306.43,2344.02,,
41030,2306.69,2306.43,,
41031,2290.31,2306.69,,
41032,2287.1,2290.31,,
41033,2248.34,2287.1,,
41036,2283.09,2248.34,,
41037,2236.11,2283.09,,
41038,2225.63,2236.11,,
41039,2247.38,2225.63,,
41040,2254.54,2247.38,,
41043,2201.95,2254.54,,
41044,2178.67,2201.95,,
41045,2175.34,2178.67,,
41046,2146.91,2175.34,,
41047,2144.69,2146.91,,
41050,2150.16,2144.69,,
41051,2192.85,2150.16,,
41052,2134.05,2192.85,,
41053,2156.52,2134.05,,
41054,2161.87,2156.52,,
41057,2147.92,2161.87,,
41058,2160.31,2147.92,,
41059,2116.18,2160.31,,
41060,2118.94,2116.18,,
41061,2068.66,2118.94,,
41064,2078.96,2068.66,,
41065,2087.31,2078.96,,
41066,2137.73,2087.31,,
41067,2143.08,2137.73,,
41068,2143.9,2143.08,,
41071,2137.7,2143.9,,
41072,2143.38,2137.7,,
41073,2143.5,2143.38,,
41074,2148.21,2143.5,,
41075,2181.23,2148.21,,
41078,2155.64,2181.23,,
41079,2198.01,2155.64,,
41080,2207.49,2198.01,,
41081,2199.42,2207.49,,
41082,2186.81,2199.42,,
41085,2130.71,2186.81,,
41086,2127.95,2130.71,,
41087,2165.61,2127.95,,
41088,2157.62,2165.61,,
41089,2264.72,2157.62,,
41092,2292.08,2264.72,,
41093,2320.43,2292.08,,
41094,2312.41,2320.43,,
41095,2284.92,2312.41,,
41096,2235.51,2284.92,,
41099,2227.91,2235.51,,
41100,2241.85,2227.91,,
41101,2246.23,2241.85,,
41102,2228.01,2246.23,,
41103,2259.09,2228.01,,
41106,2251.96,2259.09,,
41107,2250.75,2251.96,,
41108,2284.7,2250.75,,
41109,2302.45,2284.7,,
41110,2237.33,2302.45,,
41113,2179.31,2237.33,,
41114,2151.54,2179.31,,
41115,2159.09,2151.54,,
41116,2251.05,2159.09,,
41117,2301.23,2251.05,,
41120,2340.31,2301.23,,
41121,2325.72,2340.31,,
41122,2333.38,2325.72,,
41123,2263.36,2333.38,,
41124,2372.58,2263.36,,
41127,2399.32,2372.58,,
41128,2440.24,2399.32,,
41129,2432.28,2440.24,,
41130,2437.04,2432.28,,
41131,2423.22,2437.04,,
41134,2415.96,2423.22,,
41135,2432.29,2415.96,,
41136,2430.39,2432.29,,
41137,2456.53,2430.39,,
41138,2471.53,2456.53,,
41141,2466.32,2471.53,,
41142,2490.27,2466.32,,
41143,2452.73,2490.27,,
41144,2429.17,2452.73,,
41145,2434.23,2429.17,,
41148,2461.82,2434.23,,
41149,2442.12,2461.82,,
41150,2434.23,2442.12,,
41151,2403.8,2434.23,,
41152,2440.71,2403.8,,
41155,2463.17,2440.71,,
41156,2436.54,2463.17,,
41157,2441.81,2436.54,,
41158,2524.95,2441.81,,
41159,2538.6,2524.95,,
41162,2528.53,2538.6,,
41163,2557.65,2528.53,,
41164,2564.8,2557.65,,
41165,2543.22,2564.8,,
41166,2594.56,2543.22,,
41169,2583.57,2594.56,,
41170,2553.4,2583.57,,
41171,2567.67,2553.4,,
41172,2553.03,2567.67,,
41173,2577.08,2553.03,,
41176,2557.89,2577.08,,
41177,2568.48,2557.89,,
41178,2498.52,2568.48,,
41179,2506.06,2498.52,,
41180,2454.26,2506.06,,
41183,2498.81,2454.26,,
41184,2493.59,2498.81,,
41185,2492.48,2493.59,,
41186,2485.75,2492.48,,
41187,2531.21,2485.75,,
41190,2496.09,2531.21,,
41191,2472.23,2496.09,,
41192,2456.54,2472.23,,
41193,2487.08,2456.54,,
41194,2469.09,2487.08,,
41197,2485.12,2469.09,,
41198,2547.9,2485.12,,
41199,2569.83,2547.9,,
41200,2574.19,2569.83,,
41201,2542.24,2574.19,,
41204,2531.1,2542.24,,
41205,2477.92,2531.1,,
41206,2490.58,2477.92,,
41207,2483.43,2490.58,,
41208,2496.1,2483.43,,
41211,2478.84,2496.1,,
41212,2515.99,2478.84,,
41213,2503.64,2515.99,,
41214,2533.87,2503.64,,
41215,2547.15,2533.87,,
41218,2517.67,2547.15,,
41219,2535.94,2517.67,,
41220,2479.1,2535.94,,
41221,2479.13,2479.1,,
41222,2479.82,2479.13,,
41225,2473.52,2479.82,,
41226,2493.14,2473.52,,
41227,2472.84,2493.14,,
41228,2461.77,2472.84,,
41229,2427.32,2461.77,,
41232,2495.21,2427.32,,
41233,2509.62,2495.21,,
41234,2519.68,2509.62,,
41235,2535.09,2519.68,,
41236,2557.03,2535.09,,
41239,2542.52,2557.03,,
41240,2543.45,2542.52,,
41241,2546.84,2543.45,,
41242,2581.69,2546.84,,
41243,2575.25,2581.69,,
41246,2582.36,2575.25,,
41247,2590.83,2582.36,,
41248,2592.09,2590.83,,
41249,2603.41,2592.09,,
41250,2601.37,2603.41,,
41253,2596.02,2601.37,,
41254,2624.03,2596.02,,
41255,2630.34,2624.03,,
41256,2627.66,2630.34,,
41257,2630.54,2627.66,,
41260,2628.01,2630.54,,
41261,2643.5,2628.01,,
41262,2654.69,2643.5,,
41263,2658.3,2654.69,,
41264,2651.09,2658.3,,
41267,2648.53,2651.09,,
41270,2659.95,2648.53,,
41271,2626.85,2659.95,,
41274,2635.93,2626.85,,
41276,2711.25,2635.93,,
41277,2701.22,2711.25,,
41278,2709.35,2701.22,,
41281,2695.56,2709.35,,
41282,2691.45,2695.56,,
41283,2706.39,2691.45,,
41284,2708.27,2706.39,,
41285,2717.79,2708.27,,
41288,2715.16,2717.79,,
41289,2701.59,2715.16,,
41290,2702.54,2701.59,,
41291,2718.93,2702.54,,
41292,2709.59,2718.93,,
41295,2726.63,2709.59,,
41296,2716.7,2726.63,,
41297,2708.28,2716.7,,
41298,2722.96,2708.28,,
41299,2744.18,2722.96,,
41302,2744.5,2744.18,,
41303,2749.27,2744.5,,
41304,2732.12,2749.27,,
41305,2702.98,2732.12,,
41306,2710.08,2702.98,,
41309,2625.17,2710.08,,
41310,2651.21,2625.17,,
41311,2617.35,2651.21,,
41312,2597.92,2617.35,,
41313,2630.3,2597.92,,
41316,2622.61,2630.3,,
41317,2648.83,2622.61,,
41318,2656.86,2648.83,,
41319,2635.35,2656.86,,
41320,2615.26,2635.35,,
41323,2616.65,2615.26,,
41324,2662.37,2616.65,,
41325,2640.35,2662.37,,
41326,2579.76,2640.35,,
41327,2630.05,2579.76,,
41330,2651.86,2630.05,,
41331,2570.52,2651.86,,
41332,2611.89,2570.52,,
41333,2633.55,2611.89,,
41334,2616.75,2633.55,,
41337,2619.78,2616.75,,
41338,2683.02,2619.78,,
41339,2679.89,2683.02,,
41340,2690.85,2679.89,,
41341,2728.78,2690.85,,
41344,2718.71,2728.78,,
41345,2711.85,2718.71,,
41346,2704.73,2711.85,,
41347,2744.7,2704.73,,
41348,2725.72,2744.7,,
41351,2705.47,2725.72,,
41352,2671.96,2705.47,,
41353,2708.9,2671.96,,
41354,2683.92,2708.9,,
41355,2681.67,2683.92,,
41358,2649.28,2681.67,,
41359,2641.12,2649.28,,
41360,2612.46,2641.12,,
41361,2624.02,2612.46,,
41366,2679.8,2624.02,,
41367,2639.01,2679.8,,
41368,2621.43,2639.01,,
41369,2585.28,2621.43,,
41372,2589.25,2585.28,,
41373,2595.13,2589.25,,
41374,2661.62,2595.13,,
41375,2674.33,2661.62,,
41376,2633.47,2674.33,,
41379,2624.71,2633.47,,
41380,2609.3,2624.71,,
41381,2553.49,2609.3,,
41382,2555.5,2553.49,,
41383,2575.16,2555.5,,
41386,2583.62,2575.16,,
41387,2662.88,2583.62,,
41388,2702.05,2662.88,,
41389,2704.41,2702.05,,
41390,2683.43,2704.41,,
41393,2717.38,2683.43,,
41394,2712,2717.38,,
41395,2711.74,2712,,
41396,2718.9,2711.74,,
41397,2763.68,2718.9,,
41400,2750.52,2763.68,,
41401,2769.08,2750.52,,
41402,2784.62,2769.08,,
41403,2773.16,2784.62,,
41404,2785.24,2773.16,,
41407,2777.39,2785.24,,
41408,2795.63,2777.39,,
41409,2809.58,2795.63,,
41410,2806.7,2809.58,,
41411,2817.99,2806.7,,
41414,2824.5,2817.99,,
41415,2821.65,2824.5,,
41416,2835.01,2821.65,,
41417,2776.78,2835.01,,
41418,2764.29,2776.78,,
41421,2795,2764.29,,
41422,2835.87,2795,,
41423,2786.54,2835.87,,
41424,2799.2,2786.54,,
41425,2769.64,2799.2,,
41428,2747.74,2769.64,,
41429,2755.7,2747.74,,
41430,2709.33,2755.7,,
41431,2676.21,2709.33,,
41432,2724.08,2676.21,,
41435,2719.4,2724.08,,
41436,2683.2,2719.4,,
41437,2666.52,2683.2,,
41438,2661.71,2666.52,,
41439,2667.32,2661.71,,
41442,2702.69,2667.32,,
41443,2700.93,2702.69,,
41444,2683.98,2700.93,,
41445,2586.45,2683.98,,
41446,2549.48,2586.45,,
41449,2511.83,2549.48,,
41450,2543.37,2511.83,,
41451,2602.81,2543.37,,
41452,2619.86,2602.81,,
41453,2602.59,2619.86,,
41456,2622.62,2602.59,,
41457,2603.2,2622.62,,
41458,2570.76,2603.2,,
41459,2646.54,2570.76,,
41460,2596.01,2646.54,,
41463,2650.85,2596.01,,
41464,2664.14,2650.85,,
41465,2659.71,2664.14,,
41466,2681.32,2659.71,,
41467,2674.87,2681.32,,
41470,2686.69,2674.87,,
41471,2665.61,2686.69,,
41472,2681.88,2665.61,,
41473,2717.99,2681.88,,
41474,2716.17,2717.99,,
41477,2725.4,2716.17,,
41478,2722.9,2725.4,,
41479,2752.25,2722.9,,
41480,2740.29,2752.25,,
41481,2741.96,2740.29,,
41484,2741.73,2741.96,,
41485,2759.21,2741.73,,
41486,2768.15,2759.21,,
41487,2808.64,2768.15,,
41488,2811,2808.64,,
41491,2809.08,2811,,
41492,2790.78,2809.08,,
41493,2794.44,2790.78,,
41494,2816.88,2794.44,,
41495,2825.62,2816.88,,
41498,2827.15,2825.62,,
41499,2841.61,2827.15,,
41500,2852.08,2841.61,,
41501,2835.86,2852.08,,
41502,2854.27,2835.86,,
41505,2823.35,2854.27,,
41506,2787.98,2823.35,,
41507,2774.58,2787.98,,
41508,2812.32,2774.58,,
41509,2826.05,2812.32,,
41512,2821.45,2826.05,,
41513,2749.27,2821.45,,
41514,2742.61,2749.27,,
41515,2758.31,2742.61,,
41516,2721.37,2758.31,,
41519,2774.09,2721.37,,
41520,2753.35,2774.09,,
41521,2758.29,2753.35,,
41522,2774.2,2758.29,,
41523,2803.42,2774.2,,
41526,2798.31,2803.42,,
41527,2851.4,2798.31,,
41528,2863.44,2851.4,,
41529,2862.07,2863.44,,
41530,2867.11,2862.07,,
41533,2894.64,2867.11,,
41534,2890.95,2894.64,,
41535,2908.92,2890.95,,
41536,2936.2,2908.92,,
41537,2927.19,2936.2,,
41540,2906.35,2927.19,,
41541,2922.93,2906.35,,
41542,2927.35,2922.93,,
41543,2922.99,2927.35,,
41544,2919.34,2922.99,,
41547,2893.15,2919.34,,
41548,2933.02,2893.15,,
41549,2918.31,2933.02,,
41550,2902.12,2918.31,,
41551,2928.31,2902.12,,
41554,2923.04,2928.31,,
41555,2903.35,2923.04,,
41556,2904.73,2903.35,,
41557,2969.41,2904.73,,
41558,2974.28,2969.41,,
41561,2977.69,2974.28,,
41562,3004.56,2977.69,,
41563,3015.4,3004.56,,
41564,3010.39,3015.4,,
41565,3033.31,3010.39,,
41568,3028.65,3033.31,,
41569,3045.77,3028.65,,
41570,3017.16,3045.77,,
41571,3038.96,3017.16,,
41572,3034.5,3038.96,,
41575,3022.04,3034.5,,
41576,3050.64,3022.04,,
41577,3040.69,3050.64,,
41578,3067.95,3040.69,,
41579,3052.14,3067.95,,
41582,3061.18,3052.14,,
41583,3035.92,3061.18,,
41584,3056.4,3035.92,,
41585,3042.98,3056.4,,
41586,3034.91,3042.98,,
41589,3052.83,3034.91,,
41590,3034.68,3052.83,,
41591,3021.17,3034.68,,
41592,3053.69,3021.17,,
41593,3054.53,3053.69,,
41596,3081.3,3054.53,,
41597,3049.17,3081.3,,
41598,3047.32,3049.17,,
41599,3044.34,3047.32,,
41600,3055.98,3044.34,,
41603,3072.75,3055.98,,
41604,3062.62,3072.75,,
41605,3082.65,3062.62,,
41606,3092.42,3082.65,,
41607,3086.64,3092.42,,
41610,3077.23,3086.64,,
41611,3013.88,3077.23,,
41612,2991.76,3013.88,,
41613,2953.17,2991.76,,
41614,2979.94,2953.17,,
41617,2988.67,2979.94,,
41618,2960.86,2988.67,,
41619,2947.31,2960.86,,
41620,2928.12,2947.31,,
41621,2921.92,2928.12,,
41624,2978.77,2921.92,,
41625,2941.76,2978.77,,
41626,2975.09,2941.76,,
41627,3031.05,2975.09,,
41628,3049.35,3031.05,,
41631,3070.91,3049.35,,
41632,3072.88,3070.91,,
41635,3111.37,3072.88,,
41638,3100.93,3111.37,,
41639,3109,3100.93,,
41641,3059.93,3109,,
41642,3074.43,3059.93,,
41645,3069.16,3074.43,,
41646,3110.96,3069.16,,
41647,3110.66,3110.96,,
41648,3090.26,3110.66,,
41649,3104.15,3090.26,,
41652,3111.94,3104.15,,
41653,3119.53,3111.94,,
41654,3168.76,3119.53,,
41655,3150.2,3168.76,,
41656,3154.1,3150.2,,
41659,3153.17,3154.1,,
41660,3153.08,3153.17,,
41661,3151.27,3153.08,,
41662,3117.08,3151.27,,
41663,3028.2,3117.08,,
41666,3014.62,3028.2,,
41667,3038.6,3014.62,,
41668,3011.45,3038.6,,
41669,3027.3,3011.45,,
41670,3013.96,3027.3,,
41673,2963.96,3013.96,,
41674,2962.49,2963.96,,
41675,2962.51,2962.49,,
41676,3010.79,2962.51,,
41677,3038.49,3010.79,,
41680,3032.53,3038.49,,
41681,3077.08,3032.53,,
41682,3094.89,3077.08,,
41683,3097.95,3094.89,,
41684,3119.06,3097.95,,
41687,3118.91,3119.06,,
41688,3117.44,3118.91,,
41689,3120.8,3117.44,,
41690,3121.59,3120.8,,
41691,3131.67,3121.59,,
41694,3157.31,3131.67,,
41695,3157.48,3157.31,,
41696,3148.19,3157.48,,
41697,3134.94,3148.19,,
41698,3149.23,3134.94,,
41701,3053.99,3149.23,,
41702,3136.33,3053.99,,
41703,3135.97,3136.33,,
41704,3144.53,3135.97,,
41705,3095.31,3144.53,,
41708,3092.79,3095.31,,
41709,3092.55,3092.79,,
41710,3065.46,3092.55,,
41711,3019.54,3065.46,,
41712,3004.64,3019.54,,
41715,3049.19,3004.64,,
41716,3073.75,3049.19,,
41717,3076.36,3073.75,,
41718,3088.9,3076.36,,
41719,3096.49,3088.9,,
41722,3052.91,3096.49,,
41723,3096.64,3052.91,,
41724,3130.17,3096.64,,
41725,3133.75,3130.17,,
41726,3172.43,3133.75,,
41729,3161.6,3172.43,,
41730,3186.34,3161.6,,
41731,3187.45,3186.34,,
41732,3206.76,3187.45,,
41733,3230.33,3206.76,,
41736,3185.97,3230.33,,
41737,3177.66,3185.97,,
41738,3182.79,3177.66,,
41739,3152.86,3182.79,,
41740,3116.54,3152.86,,
41743,3131.57,3116.54,,
41744,3091.52,3131.57,,
41745,3139.26,3091.52,,
41746,3155.81,3139.26,,
41751,3199.69,3155.81,,
41752,3175.97,3199.69,,
41753,3189.81,3175.97,,
41754,3147.4,3189.81,,
41757,3165.84,3147.4,,
41758,3208.68,3165.84,,
41759,3198.39,3208.68,,
41760,3198.66,3198.39,,
41761,3177.89,3198.66,,
41764,3171.29,3177.89,,
41765,3149.79,3171.29,,
41766,3159.67,3149.79,,
41767,3204.3,3159.67,,
41768,3184.09,3204.3,,
41771,3206.97,3184.09,,
41772,3211.78,3206.97,,
41773,3210.42,3211.78,,
41774,3163.22,3210.42,,
41775,3172.72,3163.22,,
41778,3169.9,3172.72,,
41779,3163.93,3169.9,,
41780,3187.08,3163.93,,
41781,3187.63,3187.08,,
41782,3203.28,3187.63,,
41785,3240.39,3203.28,,
41786,3244.28,3240.39,,
41787,3246.24,3244.28,,
41788,3244.66,3246.24,,
41789,3244.6,3244.66,,
41792,3247.8,3244.6,,
41793,3241.04,3247.8,,
41794,3237.93,3241.04,,
41795,3267.05,3237.93,,
41796,3294.28,3267.05,,
41799,3305.26,3294.28,,
41800,3313.8,3305.26,,
41801,3289.09,3313.8,,
41802,3284.28,3289.09,,
41803,3282.84,3284.28,,
41806,3261.42,3282.84,,
41807,3275.33,3261.42,,
41808,3279.2,3275.33,,
41809,3314.8,3279.2,,
41810,3302.36,3314.8,,
41813,3282.58,3302.36,,
41814,3284.81,3282.58,,
41815,3252.31,3284.81,,
41816,3233.19,3252.31,,
41817,3227.85,3233.19,,
41820,3228.24,3227.85,,
41821,3258.71,3228.24,,
41822,3252.25,3258.71,,
41823,3289.75,3252.25,,
41824,3270.47,3289.75,,
41827,3230.92,3270.47,,
41828,3184.38,3230.92,,
41829,3203.1,3184.38,,
41830,3150.59,3203.1,,
41831,3157.05,3150.59,,
41834,3185.86,3157.05,,
41835,3153.75,3185.86,,
41836,3202.94,3153.75,,
41837,3157.82,3202.94,,
41838,3164.21,3157.82,,
41841,3137.06,3164.21,,
41842,3189.22,3137.06,,
41843,3193.13,3189.22,,
41844,3220.07,3193.13,,
41845,3174.99,3220.07,,
41848,3171.55,3174.99,,
41849,3190.54,3171.55,,
41850,3169.23,3190.54,,
41851,3115.51,3169.23,,
41852,3072.57,3115.51,,
41855,3070.46,3072.57,,
41856,3072.2,3070.46,,
41857,3050.37,3072.2,,
41858,3012.88,3050.37,,
41859,3006.83,3012.88,,
41862,3047.56,3006.83,,
41863,3023.77,3047.56,,
41864,3056.17,3023.77,,
41865,3058.16,3056.17,,
41866,3033.52,3058.16,,
41869,3073.45,3033.52,,
41870,3091.11,3073.45,,
41871,3083.5,3091.11,,
41872,3124.56,3083.5,,
41873,3098.5,3124.56,,
41876,3165.47,3098.5,,
41877,3197.54,3165.47,,
41878,3194.45,3197.54,,
41879,3164.44,3194.45,,
41880,3172.63,3164.44,,
41883,3175.05,3172.63,,
41884,3180.29,3175.05,,
41885,3218.84,3180.29,,
41886,3277.25,3218.84,,
41887,3275.25,3277.25,,
41890,3267.54,3275.25,,
41891,3245.43,3267.54,,
41892,3244.16,3245.43,,
41893,3237.76,3244.16,,
41894,3235.07,3237.76,,
41897,3231.7,3235.07,,
41898,3221.73,3231.7,,
41899,3237.44,3221.73,,
41900,3271.37,3237.44,,
41901,3273.25,3271.37,,
41904,3257.48,3273.25,,
41905,3205.93,3257.48,,
41906,3244.01,3205.93,,
41907,3202.31,3244.01,,
41908,3219.58,3202.31,,
41911,3186.95,3219.58,,
41912,3225.93,3186.95,,
41913,3195.08,3225.93,,
41914,3106.42,3195.08,,
41915,3133.37,3106.42,,
41918,3138.67,3133.37,,
41919,3082.1,3138.67,,
41920,3053.31,3082.1,,
41921,3042.45,3053.31,,
41922,2991.5,3042.45,,
41925,2998.32,2991.5,,
41926,3000.99,2998.32,,
41927,2892.55,3000.99,,
41928,2874.65,2892.55,,
41929,2962.24,2874.65,,
41932,2927.3,2962.24,,
41933,2991.46,2927.3,,
41934,3008.53,2991.46,,
41935,3044.3,3008.53,,
41936,3030.37,3044.3,,
41939,2998.84,3030.37,,
41940,3036.15,2998.84,,
41941,3022.42,3036.15,,
41942,3035.9,3022.42,,
41943,3113.32,3035.9,,
41946,3082.32,3113.32,,
41947,3034.24,3082.32,,
41948,3091.54,3034.24,,
41949,3102.07,3091.54,,
41950,3064.92,3102.07,,
41953,3094.6,3064.92,,
41954,3104.59,3094.6,,
41955,3047.3,3104.59,,
41956,3056.8,3047.3,,
41957,3059.99,3056.8,,
41960,3084.79,3059.99,,
41961,3120.42,3084.79,,
41962,3123.12,3120.42,,
41963,3102.21,3123.12,,
41964,3194.22,3102.21,,
41967,3211.7,3194.22,,
41968,3226.15,3211.7,,
41969,3226.08,3226.15,,
41970,3244.92,3226.08,,
41971,3250.93,3244.92,,
41974,3232.91,3250.93,,
41975,3238.35,3232.91,,
41976,3247.72,3238.35,,
41977,3191.25,3247.72,,
41978,3277.38,3191.25,,
41981,3247.99,3277.38,,
41982,3162.77,3247.99,,
41983,3150.95,3162.77,,
41984,3159.11,3150.95,,
41985,3067.32,3159.11,,
41988,2982.9,3067.32,,
41989,3049.99,2982.9,,
41990,3051.99,3049.99,,
41991,3153.77,3051.99,,
41992,3141.28,3153.77,,
41995,3154.91,3141.28,,
41996,3192.47,3154.91,,
41997,3184.66,3192.47,,
42002,3185.17,3184.66,,
42003,3135.95,3185.17,,
42004,3146.43,3135.95,,
42006,3139.44,3146.43,,
42009,3023.14,3139.44,,
42010,3007.91,3023.14,,
42011,3026.79,3007.91,,
42012,3135.08,3026.79,,
42013,3042.9,3135.08,,
42016,3084.18,3042.9,,
42017,3133.86,3084.18,,
42018,3089.67,3133.86,,
42019,3157.36,3089.67,,
42020,3202.24,3157.36,,
42023,3220.9,3202.24,,
42024,3244.92,3220.9,,
42025,3269.73,3244.92,,
42026,3322.65,3269.73,,
42027,3382.55,3322.65,,
42030,3414.28,3382.55,,
42031,3372.58,3414.28,,
42032,3358.96,3372.58,,
42033,3371.83,3358.96,,
42034,3351.44,3371.83,,
42037,3370.11,3351.44,,
42038,3414.18,3370.11,,
42039,3415.53,3414.18,,
42040,3408.96,3415.53,,
42041,3398.16,3408.96,,
42044,3347.75,3398.16,,
42045,3383.13,3347.75,,
42046,3374.14,3383.13,,
42047,3417.61,3374.14,,
42048,3447.59,3417.61,,
42051,3433.3,3447.59,,
42052,3438.44,3433.3,,
42053,3465.8,3438.44,,
42054,3488.08,3465.8,,
42055,3490.53,3488.08,,
42058,3519.58,3490.53,,
42059,3547.1,3519.58,,
42060,3541.78,3547.1,,
42061,3574.94,3541.78,,
42062,3599,3574.94,,
42065,3591.09,3599,,
42066,3549.11,3591.09,,
42067,3583.44,3549.11,,
42068,3618.21,3583.44,,
42069,3617.62,3618.21,,
42072,3610.28,3617.62,,
42073,3567.25,3610.28,,
42074,3649.54,3567.25,,
42075,3641.32,3649.54,,
42076,3656.21,3641.32,,
42079,3706.75,3656.21,,
42080,3672.16,3706.75,,
42081,3668.52,3672.16,,
42082,3670.73,3668.52,,
42083,3726.07,3670.73,,
42086,3699.04,3726.07,,
42087,3731.35,3699.04,,
42088,3684.04,3731.35,,
42089,3669.79,3684.04,,
42090,3679.03,3669.79,,
42093,3727.8,3679.03,,
42094,3697.38,3727.8,,
42095,3714.89,3697.38,,
42096,3715.27,3714.89,,
42101,3768.72,3715.27,,
42102,3742.63,3768.72,,
42103,3781.79,3742.63,,
42104,3816.76,3781.79,,
42107,3828.78,3816.76,,
42108,3784.53,3828.78,,
42109,3803.55,3784.53,,
42110,3751.72,3803.55,,
42111,3674.05,3751.72,,
42114,3718.04,3674.05,,
42115,3719.38,3718.04,,
42116,3724.49,3719.38,,
42117,3697.88,3724.49,,
42118,3713.96,3697.88,,
42121,3771.45,3713.96,,
42122,3715.42,3771.45,,
42123,3617.11,3715.42,,
42124,3615.59,3617.11,,
42125,3615.59,3615.59,,
42128,3632.94,3615.59,,
42129,3546.56,3632.94,,
42130,3558.03,3546.56,,
42131,3556.21,3558.03,,
42132,3649.48,3556.21,,
42135,3624.41,3649.48,,
42136,3573.1,3624.41,,
42137,3553.42,3573.1,,
42138,3602.22,3553.42,,
42139,3573.07,3602.22,,
42142,3589.22,3573.07,,
42143,3670.52,3589.22,,
42144,3683.48,3670.52,,
42145,3688.72,3683.48,,
42146,3679.14,3688.72,,
42149,3655.41,3679.14,,
42150,3619.3,3655.41,,
42151,3682.87,3619.3,,
42152,3650.71,3682.87,,
42153,3570.78,3650.71,,
42156,3575.04,3570.78,,
42157,3561.89,3575.04,,
42158,3583.82,3561.89,,
42159,3556.38,3583.82,,
42160,3510.01,3556.38,,
42163,3468.31,3510.01,,
42164,3456.79,3468.31,,
42165,3526.48,3456.79,,
42166,3551.91,3526.48,,
42167,3502.77,3551.91,,
42170,3438.07,3502.77,,
42171,3454.09,3438.07,,
42172,3428.76,3454.09,,
42173,3450.45,3428.76,,
42174,3455.8,3450.45,,
42177,3596.07,3455.8,,
42178,3625.97,3596.07,,
42179,3610.95,3625.97,,
42180,3610.91,3610.95,,
42181,3621.37,3610.91,,
42184,3468.9,3621.37,,
42185,3424.3,3468.9,,
42186,3496.28,3424.3,,
42187,3463.25,3496.28,,
42188,3441.76,3463.25,,
42191,3365.2,3441.76,,
42192,3294.19,3365.2,,
42193,3327.5,3294.19,,
42194,3420.03,3327.5,,
42195,3528.81,3420.03,,
42198,3590.43,3528.81,,
42199,3607.19,3590.43,,
42200,3623.87,3607.19,,
42201,3676.41,3623.87,,
42202,3670.34,3676.41,,
42205,3686.58,3670.34,,
42206,3647.96,3686.58,,
42207,3635.58,3647.96,,
42208,3634.64,3635.58,,
42209,3600,3634.64,,
42212,3513.1,3600,,
42213,3554.11,3513.1,,
42214,3575.53,3554.11,,
42215,3583.79,3575.53,,
42216,3600.69,3583.79,,
42219,3635.4,3600.69,,
42220,3619.31,3635.4,,
42221,3676.75,3619.31,,
42222,3668.47,3676.75,,
42223,3637.8,3668.47,,
42226,3674.94,3637.8,,
42227,3605.28,3674.94,,
42228,3484.41,3605.28,,
42229,3516.15,3484.41,,
42230,3491.03,3516.15,,
42233,3497.9,3491.03,,
42234,3495.38,3497.9,,
42235,3429.84,3495.38,,
42236,3353.48,3429.84,,
42237,3247.26,3353.48,,
42240,3073.39,3247.26,,
42241,3218.01,3073.39,,
42242,3170.73,3218.01,,
42243,3280.78,3170.73,,
42244,3286.59,3280.78,,
42247,3269.63,3286.59,,
42248,3188.73,3269.63,,
42249,3198.86,3188.73,,
42250,3270.09,3198.86,,
42251,3180.25,3270.09,,
42254,3197.97,3180.25,,
42255,3233.84,3197.97,,
42256,3269.98,3233.84,,
42257,3221.14,3269.98,,
42258,3187.94,3221.14,,
42261,3175.62,3187.94,,
42262,3207.6,3175.62,,
42263,3251.79,3207.6,,
42264,3255.79,3251.79,,
42265,3157.3,3255.79,,
42268,3184.72,3157.3,,
42269,3076.05,3184.72,,
42270,3079.99,3076.05,,
42271,3019.34,3079.99,,
42272,3113.16,3019.34,,
42275,3039.44,3113.16,,
42276,3029.86,3039.44,,
42277,3100.67,3029.86,,
42278,3069.05,3100.67,,
42279,3088.18,3069.05,,
42282,3190.39,3088.18,,
42283,3220.09,3190.39,,
42284,3226.4,3220.09,,
42285,3224.96,3226.4,,
42286,3250.31,3224.96,,
42289,3247.33,3250.31,,
42290,3221.28,3247.33,,
42291,3191.57,3221.28,,
42292,3238.81,3191.57,,
42293,3264.93,3238.81,,
42296,3272.04,3264.93,,
42297,3255.72,3272.04,,
42298,3272.23,3255.72,,
42299,3353.11,3272.23,,
42300,3425.81,3353.11,,
42303,3414.6,3425.81,,
42304,3381.01,3414.6,,
42305,3421.09,3381.01,,
42306,3413.39,3421.09,,
42307,3418.23,3413.39,,
42310,3434.5,3418.23,,
42311,3442.68,3434.5,,
42312,3439.16,3442.68,,
42313,3447.49,3439.16,,
42314,3468.21,3447.49,,
42317,3418.36,3468.21,,
42318,3425.4,3418.36,,
42319,3448.42,3425.4,,
42320,3387.7,3448.42,,
42321,3360.65,3387.7,,
42324,3362.23,3360.65,,
42325,3451.94,3362.23,,
42326,3431.92,3451.94,,
42327,3448.93,3431.92,,
42328,3452.45,3448.93,,
42331,3445.26,3452.45,,
42332,3409.6,3445.26,,
42333,3462.06,3409.6,,
42334,3498.62,3462.06,,
42335,3488.99,3498.62,,
42338,3506.45,3488.99,,
42339,3479.64,3506.45,,
42340,3468.66,3479.64,,
42341,3343.34,3468.66,,
42342,3330.75,3343.34,,
42345,3360.21,3330.75,,
42346,3297.46,3360.21,,
42347,3277.21,3297.46,,
42348,3269.97,3277.21,,
42349,3203.21,3269.97,,
42352,3139.24,3203.21,,
42353,3241.51,3139.24,,
42354,3246.78,3241.51,,
42355,3306.47,3246.78,,
42356,3260.72,3306.47,,
42359,3213.01,3260.72,,
42360,3214.32,3213.01,,
42361,3286.68,3214.32,,
42362,3284.47,3286.68,,
42366,3256.49,3284.47,,
42367,3314.28,3256.49,,
42368,3287.98,3314.28,,
42369,3267.52,3287.98,,
42373,3164.76,3267.52,,
42374,3178.01,3164.76,,
42375,3139.32,3178.01,,
42376,3084.68,3139.32,,
42377,3033.47,3084.68,,
42380,3027.49,3033.47,,
42381,3064.66,3027.49,,
42382,3073.02,3064.66,,
42383,3024,3073.02,,
42384,2952.48,3024,,
42387,2935.39,2952.48,,
42388,2980.49,2935.39,,
42389,2882.59,2980.49,,
42390,2943.92,2882.59,,
42391,3023.21,2943.92,,
42394,3001.78,3023.21,,
42395,3032.84,3001.78,,
42396,3043.47,3032.84,,
42397,2979.42,3043.47,,
42398,3045.09,2979.42,,
42401,3021.01,3045.09,,
42402,2951.85,3021.01,,
42403,2896.63,2951.85,,
42404,2905.3,2896.63,,
42405,2879.39,2905.3,,
42408,2785.17,2879.39,,
42409,2736.5,2785.17,,
42410,2789.05,2736.5,,
42411,2680.35,2789.05,,
42412,2756.16,2680.35,,
42415,2833.87,2756.16,,
42416,2821.26,2833.87,,
42417,2897.72,2821.26,,
42418,2895.15,2897.72,,
42419,2871.05,2895.15,,
42422,2933.91,2871.05,,
42423,2887.38,2933.91,,
42424,2820.24,2887.38,,
42425,2877.42,2820.24,,
42426,2929.16,2877.42,,
42429,2945.75,2929.16,,
42430,2996.39,2945.75,,
42431,3022.14,2996.39,,
42432,3012.87,3022.14,,
42433,3037.35,3012.87,,
42436,3021.09,3037.35,,
42437,3002.01,3021.09,,
42438,3016.18,3002.01,,
42439,2970.78,3016.18,,
42440,3073.8,2970.78,,
42443,3091.98,3073.8,,
42444,3067.21,3091.98,,
42445,3062.05,3067.21,,
42446,3043.1,3062.05,,
42447,3059.77,3043.1,,
42450,3048.77,3059.77,,
42451,3051.23,3048.77,,
42452,3042.42,3051.23,,
42453,2986.73,3042.42,,
42458,3004.87,2986.73,,
42459,3044.1,3004.87,,
42460,3004.93,3044.1,,
42461,2953.28,3004.93,,
42464,2962.28,2953.28,,
42465,2890.35,2962.28,,
42466,2909.36,2890.35,,
42467,2871.57,2909.36,,
42468,2911.98,2871.57,,
42471,2924.23,2911.98,,
42472,2942.09,2924.23,,
42473,3039.19,2942.09,,
42474,3060.86,3039.19,,
42475,3054.34,3060.86,,
42478,3064.03,3054.34,,
42479,3112.99,3064.03,,
42480,3142.52,3112.99,,
42481,3151.69,3142.52,,
42482,3141.12,3151.69,,
42485,3117.62,3141.12,,
42486,3121.29,3117.62,,
42487,3130.43,3121.29,,
42488,3125.43,3130.43,,
42489,3028.21,3125.43,,
42492,3032.6,3028.21,,
42493,2974.2,3032.6,,
42494,2938.75,2974.2,,
42495,2940.35,2938.75,,
42496,2936.84,2940.35,,
42499,2955.83,2936.84,,
42500,2978.97,2955.83,,
42501,2956.71,2978.97,,
42502,2935.46,2956.71,,
42503,2956.63,2935.46,,
42506,2951.39,2956.63,,
42507,2938.09,2951.39,,
42508,2956.43,2938.09,,
42509,2919.22,2956.43,,
42510,2962.16,2919.22,,
42513,2932.93,2962.16,,
42514,3010.12,2932.93,,
42515,3061.6,3010.12,,
42516,3071.21,3061.6,,
42517,3078.48,3071.21,,
42520,3090.01,3078.48,,
42521,3063.48,3090.01,,
42522,3038.77,3063.48,,
42523,3033.86,3038.77,,
42524,2997.55,3033.86,,
42527,3001.9,2997.55,,
42528,3040.69,3001.9,,
42529,3019.76,3040.69,,
42530,2989.03,3019.76,,
42531,2911.11,2989.03,,
42534,2853.52,2911.11,,
42535,2797.18,2853.52,,
42536,2830.3,2797.18,,
42537,2819.3,2830.3,,
42538,2849.17,2819.3,,
42541,2942.88,2849.17,,
42542,2967.34,2942.88,,
42543,2978.31,2967.34,,
42544,3037.86,2978.31,,
42545,2776.09,3037.86,,
42548,2697.44,2776.09,,
42549,2758.67,2697.44,,
42550,2832.18,2758.67,,
42551,2864.74,2832.18,,
42552,2883.06,2864.74,,
42555,2862.21,2883.06,,
42556,2812.88,2862.21,,
42557,2761.37,2812.88,,
42558,2780.1,2761.37,,
42559,2838.01,2780.1,,
42562,2885.32,2838.01,,
42563,2933.44,2885.32,,
42564,2926.14,2933.44,,
42565,2963.07,2926.14,,
42566,2958.65,2963.07,,
42569,2949.17,2958.65,,
42570,2931.1,2949.17,,
42571,2966.95,2931.1,,
42572,2968.49,2966.95,,
42573,2972.23,2968.49,,
42576,2973.22,2972.23,,
42577,2978.9,2973.22,,
42578,2999.48,2978.9,,
42579,2966.1,2999.48,,
42580,2990.76,2966.1,,
42583,2967.31,2990.76,,
42584,2906.98,2967.31,,
42585,2911.06,2906.98,,
42586,2932.34,2911.06,,
42587,2973.71,2932.34,,
42590,2982.92,2973.71,,
42591,3029.18,2982.92,,
42592,3018.46,3029.18,,
42593,3049.03,3018.46,,
42594,3044.94,3049.03,,
42597,3046.65,3044.94,,
42598,3016.19,3046.65,,
42599,2980.54,3016.19,,
42600,2995.3,2980.54,,
42601,2968.2,2995.3,,
42604,2960.37,2968.2,,
42605,2993.73,2960.37,,
42606,3008.59,2993.73,,
42607,2987.69,3008.59,,
42608,3010.36,2987.69,,
42611,2998.5,3010.36,,
42612,3030.75,2998.5,,
42613,3023.13,3030.75,,
42614,3017.49,3023.13,,
42615,3079.74,3017.49,,
42618,3077.66,3079.74,,
42619,3070.16,3077.66,,
42620,3091.66,3070.16,,
42621,3083.54,3091.66,,
42622,3053.2,3083.54,,
42625,3012.88,3053.2,,
42626,2974.8,3012.88,,
42627,2964.9,2974.8,,
42628,2973.77,2964.9,,
42629,2935.25,2973.77,,
42632,2968.31,2935.25,,
42633,2964.86,2968.31,,
42634,2982.18,2964.86,,
42635,3051.69,2982.18,,
42636,3032.31,3051.69,,
42639,2975.88,3032.31,,
42640,2970.84,2975.88,,
42641,2991.11,2970.84,,
42642,2991.58,2991.11,,
42643,3002.24,2991.58,,
42646,2998.5,3002.24,,
42647,3029.5,2998.5,,
42648,3026.28,3029.5,,
42649,3021.58,3026.28,,
42650,3000.57,3021.58,,
42653,3035.76,3000.57,,
42654,3020.69,3035.76,,
42655,3008.03,3020.69,,
42656,2975.04,3008.03,,
42657,3025.19,2975.04,,
42660,3008.72,3025.19,,
42661,3046.99,3008.72,,
42662,3055.94,3046.99,,
42663,3076.63,3055.94,,
42664,3077.65,3076.63,,
42667,3093.86,3077.65,,
42668,3087.41,3093.86,,
42669,3080.98,3087.41,,
42670,3085.17,3080.98,,
42671,3079.24,3085.17,,
42674,3055.25,3079.24,,
42675,3023.15,3055.25,,
42676,2980.17,3023.15,,
42677,2973.49,2980.17,,
42678,2954.53,2973.49,,
42681,3009.28,2954.53,,
42682,3023.43,3009.28,,
42683,3056.29,3023.43,,
42684,3046.59,3056.29,,
42685,3030.02,3046.59,,
42688,3039.8,3030.02,,
42689,3049.72,3039.8,,
42690,3026.36,3049.72,,
42691,3041.79,3026.36,,
42692,3020.83,3041.79,,
42695,3032.97,3020.83,,
42696,3044.33,3032.97,,
42697,3032.14,3044.33,,
42698,3040.6,3032.14,,
42699,3048.38,3040.6,,
42702,3016.8,3048.38,,
42703,3038.42,3016.8,,
42704,3051.61,3038.42,,
42705,3030.98,3051.61,,
42706,3015.13,3030.98,,
42709,3052.75,3015.13,,
42710,3100.76,3052.75,,
42711,3142.24,3100.76,,
42712,3185.79,3142.24,,
42713,3197.54,3185.79,,
42716,3199.11,3197.54,,
42717,3236.71,3199.11,,
42718,3211.71,3236.71,,
42719,3249.74,3211.71,,
42720,3259.24,3249.74,,
42723,3257.85,3259.24,,
42724,3279.41,3257.85,,
42725,3270.75,3279.41,,
42726,3269.51,3270.75,,
42727,3273.97,3269.51,,
42731,3278.53,3273.97,,
42732,3278.72,3278.53,,
42733,3271.76,3278.72,,
42734,3290.52,3271.76,,
42737,3308.67,3290.52,,
42738,3315.02,3308.67,,
42739,3317.52,3315.02,,
42740,3316.47,3317.52,,
42741,3321.17,3316.47,,
42744,3308.97,3321.17,,
42745,3306.21,3308.97,,
42746,3307.94,3306.21,,
42747,3286.7,3307.94,,
42748,3324.34,3286.7,,
42751,3294.53,3324.34,,
42752,3285.04,3294.53,,
42753,3294,3285.04,,
42754,3290.33,3294,,
42755,3299.44,3290.33,,
42758,3273.04,3299.44,,
42759,3281.53,3273.04,,
42760,3326.15,3281.53,,
42761,3319.13,3326.15,,
42762,3303.33,3319.13,,
42765,3262.72,3303.33,,
42766,3230.68,3262.72,,
42767,3258.92,3230.68,,
42768,3253.61,3258.92,,
42769,3273.11,3253.61,,
42772,3238.31,3273.11,,
42773,3235.71,3238.31,,
42774,3238.04,3235.71,,
42775,3277.79,3238.04,,
42776,3270.83,3277.79,,
42779,3305.23,3270.83,,
42780,3308.89,3305.23,,
42781,3323.71,3308.89,,
42782,3311.04,3323.71,,
42783,3308.81,3311.04,,
42786,3312.39,3308.81,,
42787,3339.33,3312.39,,
42788,3339.27,3339.33,,
42789,3333.96,3339.27,,
42790,3304.09,3333.96,,
42793,3309.3,3304.09,,
42794,3319.61,3309.3,,
42795,3390.2,3319.61,,
42796,3384.71,3390.2,,
42797,3403.39,3384.71,,
42800,3387.46,3403.39,,
42801,3385.12,3387.46,,
42802,3389.62,3385.12,,
42803,3409.89,3389.62,,
42804,3416.27,3409.89,,
42807,3415.49,3416.27,,
42808,3399.43,3415.49,,
42809,3409.32,3399.43,,
42810,3439.96,3409.32,,
42811,3448.41,3439.96,,
42814,3437.48,3448.41,,
42815,3429.62,3437.48,,
42816,3420.7,3429.62,,
42817,3452.18,3420.7,,
42818,3444.15,3452.18,,
42821,3437.14,3444.15,,
42822,3465.07,3437.14,,
42823,3475.27,3465.07,,
42824,3481.58,3475.27,,
42825,3500.93,3481.58,,
42828,3472.94,3500.93,,
42829,3481.66,3472.94,,
42830,3472.58,3481.66,,
42831,3489.57,3472.58,,
42832,3495.8,3489.57,,
42835,3480.44,3495.8,,
42836,3470.04,3480.44,,
42837,3468.51,3470.04,,
42838,3448.26,3468.51,,
42843,3409.78,3448.26,,
42844,3420.99,3409.78,,
42845,3440.03,3420.99,,
42846,3440.27,3440.03,,
42849,3577.38,3440.27,,
42850,3583.16,3577.38,,
42851,3578.71,3583.16,,
42852,3563.29,3578.71,,
42853,3559.59,3563.29,,
42856,3559.59,3559.59,,
42857,3578.21,3559.59,,
42858,3586.25,3578.21,,
42859,3627.88,3586.25,,
42860,3658.79,3627.88,,
42863,3642.11,3658.79,,
42864,3649.08,3642.11,,
42865,3645.74,3649.08,,
42866,3623.55,3645.74,,
42867,3637.52,3623.55,,
42870,3641.88,3637.52,,
42871,3641.89,3641.88,,
42872,3584.83,3641.89,,
42873,3562.22,3584.83,,
42874,3587.01,3562.22,,
42877,3576.53,3587.01,,
42878,3595.03,3576.53,,
42879,3586.62,3595.03,,
42880,3584.55,3586.62,,
42881,3579.02,3584.55,,
42884,3578.95,3579.02,,
42885,3561.22,3578.95,,
42886,3554.59,3561.22,,
42887,3567.02,3554.59,,
42888,3591.82,3567.02,,
42891,3579.55,3591.82,,
42892,3554.18,3579.55,,
42893,3548.84,3554.18,,
42894,3563.88,3548.84,,
42895,3586.07,3563.88,,
42898,3543.95,3586.07,,
42899,3557.87,3543.95,,
42900,3547.15,3557.87,,
42901,3525.46,3547.15,,
42902,3543.88,3525.46,,
42905,3579.58,3543.88,,
42906,3560.66,3579.58,,
42907,3554.35,3560.66,,
42908,3555.76,3554.35,,
42909,3543.68,3555.76,,
42912,3561.76,3543.68,,
42913,3538.32,3561.76,,
42914,3535.7,3538.32,,
42915,3471.33,3535.7,,
42916,3441.88,3471.33,,
42919,3491.81,3441.88,,
42920,3479.47,3491.81,,
42921,3478.41,3479.47,,
42922,3462.06,3478.41,,
42923,3463.84,3462.06,,
42926,3478.06,3463.84,,
42927,3464.48,3478.06,,
42928,3515.23,3464.48,,
42929,3527.83,3515.23,,
42930,3525.94,3527.83,,
42933,3516.35,3525.94,,
42934,3478.68,3516.35,,
42935,3500.28,3478.68,,
42936,3499.49,3500.28,,
42937,3451.71,3499.49,,
42940,3453.17,3451.71,,
42941,3473.54,3453.17,,
42942,3491.19,3473.54,,
42943,3493.14,3491.19,,
42944,3467.73,3493.14,,
42947,3449.36,3467.73,,
42948,3477.39,3449.36,,
42949,3459.32,3477.39,,
42950,3466.37,3459.32,,
42951,3507.41,3466.37,,
42954,3505.8,3507.41,,
42955,3515.63,3505.8,,
42956,3468.45,3515.63,,
42957,3433.54,3468.45,,
42958,3406.34,3433.54,,
42961,3450.66,3406.34,,
42962,3461.91,3450.66,,
42963,3484.57,3461.91,,
42964,3461.97,3484.57,,
42965,3446.03,3461.97,,
42968,3423.53,3446.03,,
42969,3455.59,3423.53,,
42970,3438.63,3455.59,,
42971,3444.73,3438.63,,
42972,3438.55,3444.73,,
42975,3421.03,3438.55,,
42976,3388.22,3421.03,,
42977,3403.71,3388.22,,
42978,3421.47,3403.71,,
42979,3443.88,3421.47,,
42982,3429.98,3443.88,,
42983,3420.86,3429.98,,
42984,3433.8,3420.86,,
42985,3447.66,3433.8,,
42986,3447.69,3447.66,,
42989,3495.19,3447.69,,
42990,3512.56,3495.19,,
42991,3523.14,3512.56,,
42992,3526.48,3523.14,,
42993,3515.55,3526.48,,
42996,3526.74,3515.55,,
42997,3531.18,3526.74,,
42998,3525.55,3531.18,,
42999,3539.59,3525.55,,
43000,3541.42,3539.59,,
43003,3537.81,3541.42,,
43004,3536.38,3537.81,,
43005,3555.17,3536.38,,
43006,3563.64,3555.17,,
43007,3594.85,3563.64,,
43010,3602.69,3594.85,,
43011,3605.73,3602.69,,
43012,3594.91,3605.73,,
43013,3613.54,3594.91,,
43014,3603.32,3613.54,,
43017,3610.5,3603.32,,
43018,3598.79,3610.5,,
43019,3607.39,3598.79,,
43020,3605.54,3607.39,,
43021,3604.55,3605.54,,
43024,3606.27,3604.55,,
43025,3607.77,3606.27,,
43026,3619.65,3607.77,,
43027,3602.08,3619.65,,
43028,3605.09,3602.08,,
43031,3608.87,3605.09,,
43032,3610.69,3608.87,,
43033,3591.46,3610.69,,
43034,3637.2,3591.46,,
43035,3652.23,3637.2,,
43038,3662.18,3652.23,,
43039,3673.95,3662.18,,
43040,3697.4,3673.95,,
43041,3688.8,3697.4,,
43042,3689.96,3688.8,,
43045,3682.36,3689.96,,
43046,3658.77,3682.36,,
43047,3655.04,3658.77,,
43048,3612.5,3655.04,,
43049,3593.76,3612.5,,
43052,3574.52,3593.76,,
43053,3556.38,3574.52,,
43054,3545.72,3556.38,,
43055,3564.8,3545.72,,
43056,3547.46,3564.8,,
43059,3561.41,3547.46,,
43060,3579.32,3561.41,,
43061,3562.65,3579.32,,
43062,3572.07,3562.65,,
43063,3581.23,3572.07,,
43066,3564.02,3581.23,,
43067,3583.49,3564.02,,
43068,3589.91,3583.49,,
43069,3569.93,3589.91,,
43070,3527.55,3569.93,,
43073,3576.22,3527.55,,
43074,3570.57,3576.22,,
43075,3561.57,3570.57,,
43076,3573.13,3561.57,,
43077,3591.45,3573.13,,
43080,3582.21,3591.45,,
43081,3600.35,3582.21,,
43082,3581.75,3600.35,,
43083,3556.22,3581.75,,
43084,3560.53,3556.22,,
43087,3609.42,3560.53,,
43088,3582.22,3609.42,,
43089,3552.65,3582.22,,
43090,3570.78,3552.65,,
43091,3553.39,3570.78,,
43096,3550.17,3553.39,,
43097,3524.31,3550.17,,
43098,3503.96,3524.31,,
43102,3490.19,3503.96,,
43103,3509.88,3490.19,,
43104,3568.88,3509.88,,
43105,3607.63,3568.88,,
43108,3616.45,3607.63,,
43109,3622.87,3616.45,,
43110,3609.83,3622.87,,
43111,3595.24,3609.83,,
43112,3612.61,3595.24,,
43115,3611.81,3612.61,,
43116,3622.01,3611.81,,
43117,3612.78,3622.01,,
43118,3620.91,3612.78,,
43119,3649.07,3620.91,,
43122,3665.28,3649.07,,
43123,3672.29,3665.28,,
43124,3643.22,3672.29,,
43125,3630.15,3643.22,,
43126,3647.41,3630.15,,
43129,3643.04,3647.41,,
43130,3606.75,3643.04,,
43131,3609.29,3606.75,,
43132,3577.35,3609.29,,
43133,3523.28,3577.35,,
43136,3478.77,3523.28,,
43137,3394.92,3478.77,,
43138,3454.52,3394.92,,
43139,3377.3,3454.52,,
43140,3325.99,3377.3,,
43143,3368.25,3325.99,,
43144,3340.93,3368.25,,
43145,3369.83,3340.93,,
43146,3389.63,3369.83,,
43147,3426.8,3389.63,,
43150,3407.79,3426.8,,
43151,3435.08,3407.79,,
43152,3430.16,3435.08,,
43153,3431.99,3430.16,,
43154,3441.46,3431.99,,
43157,3463.18,3441.46,,
43158,3458.03,3463.18,,
43159,3438.96,3458.03,,
43160,3399.16,3438.96,,
43161,3324.75,3399.16,,
43164,3355.32,3324.75,,
43165,3357.86,3355.32,,
43166,3377.36,3357.86,,
43167,3413.28,3377.36,,
43168,3420.54,3413.28,,
43171,3429.48,3420.54,,
43172,3397.35,3429.48,,
43173,3390.98,3397.35,,
43174,3414.13,3390.98,,
43175,3437.4,3414.13,,
43178,3394.79,3437.4,,
43179,3412.08,3394.79,,
43180,3401.04,3412.08,,
43181,3348.19,3401.04,,
43182,3298.07,3348.19,,
43185,3278.72,3298.07,,
43186,3316.95,3278.72,,
43187,3331.25,3316.95,,
43188,3361.5,3331.25,,
43193,3346.93,3361.5,,
43194,3340.35,3346.93,,
43195,3429.95,3340.35,,
43196,3408.1,3429.95,,
43199,3414.85,3408.1,,
43200,3438.78,3414.85,,
43201,3419.71,3438.78,,
43202,3443.97,3419.71,,
43203,3448,3443.97,,
43206,3441.04,3448,,
43207,3477.91,3441.04,,
43208,3490.89,3477.91,,
43209,3486.6,3490.89,,
43210,3494.2,3486.6,,
43213,3513.06,3494.2,,
43214,3510.88,3513.06,,
43215,3485.83,3510.88,,
43216,3506.03,3485.83,,
43217,3518.78,3506.03,,
43220,3536.52,3518.78,,
43221,3536.26,3536.52,,
43222,3553.79,3536.26,,
43223,3529.12,3553.79,,
43224,3550.59,3529.12,,
43227,3564.19,3550.59,,
43228,3557.88,3564.19,,
43229,3569.74,3557.88,,
43230,3569.71,3569.74,,
43231,3565.52,3569.71,,
43234,3565.74,3565.52,,
43235,3564.29,3565.74,,
43236,3562.85,3564.29,,
43237,3592.18,3562.85,,
43238,3573.76,3592.18,,
43241,3572.57,3573.76,,
43242,3587.25,3572.57,,
43243,3541.82,3587.25,,
43244,3521.76,3541.82,,
43245,3515.36,3521.76,,
43248,3482.64,3515.36,,
43249,3428.14,3482.64,,
43250,3441.19,3428.14,,
43251,3406.65,3441.19,,
43252,3453.54,3406.65,,
43255,3469.57,3453.54,,
43256,3456.79,3469.57,,
43257,3460.82,3456.79,,
43258,3459.77,3460.82,,
43259,3447.3,3459.77,,
43262,3480.22,3447.3,,
43263,3475.58,3480.22,,
43264,3479.56,3475.58,,
43265,3527.11,3479.56,,
43266,3505.02,3527.11,,
43269,3466.65,3505.02,,
43270,3435.3,3466.65,,
43271,3439.6,3435.3,,
43272,3403.51,3439.6,,
43273,3441.6,3403.51,,
43276,3369.21,3441.6,,
43277,3368.72,3369.21,,
43278,3397.13,3368.72,,
43279,3365.52,3397.13,,
43280,3395.6,3365.52,,
43283,3372.21,3395.6,,
43284,3406.34,3372.21,,
43285,3412.03,3406.34,,
43286,3440.92,3412.03,,
43287,3448.49,3440.92,,
43290,3460.44,3448.49,,
43291,3473.31,3460.44,,
43292,3422.35,3473.31,,
43293,3445.49,3422.35,,
43294,3454.54,3445.49,,
43297,3449.08,3454.54,,
43298,3457.5,3449.08,,
43299,3485.08,3457.5,,
43300,3471.64,3485.08,,
43301,3460.03,3471.64,,
43304,3454.05,3460.03,,
43305,3483.31,3454.05,,
43306,3468.45,3483.31,,
43307,3509.26,3468.45,,
43308,3527.18,3509.26,,
43311,3512.31,3527.18,,
43312,3525.49,3512.31,,
43313,3509.23,3525.49,,
43314,3469.21,3509.23,,
43315,3482.4,3469.21,,
43318,3483.3,3482.4,,
43319,3504.37,3483.3,,
43320,3493.6,3504.37,,
43321,3494.13,3493.6,,
43322,3426.28,3494.13,,
43325,3409.68,3426.28,,
43326,3409.44,3409.68,,
43327,3359.08,3409.44,,
43328,3377.56,3359.08,,
43329,3372.94,3377.56,,
43332,3393.67,3372.94,,
43333,3411.66,3393.67,,
43334,3420.18,3411.66,,
43335,3419.26,3420.18,,
43336,3427.44,3419.26,,
43339,3456.01,3427.44,,
43340,3447.57,3456.01,,
43341,3456.13,3447.57,,
43342,3430.99,3456.13,,
43343,3392.9,3430.99,,
43346,3394.99,3392.9,,
43347,3359.36,3394.99,,
43348,3315.62,3359.36,,
43349,3295.95,3315.62,,
43350,3293.36,3295.95,,
43353,3309.28,3293.36,,
43354,3311.66,3309.28,,
43355,3326.6,3311.66,,
43356,3333.68,3326.6,,
43357,3344.63,3333.68,,
43360,3346.11,3344.63,,
43361,3358.46,3346.11,,
43362,3368.56,3358.46,,
43363,3403.12,3368.56,,
43364,3430.81,3403.12,,
43367,3410.44,3430.81,,
43368,3419.78,3410.44,,
43369,3433.15,3419.78,,
43370,3449.79,3433.15,,
43371,3399.2,3449.79,,
43374,3414.16,3399.2,,
43375,3388.99,3414.16,,
43376,3405.48,3388.99,,
43377,3375.08,3405.48,,
43378,3345.51,3375.08,,
43381,3309.72,3345.51,,
43382,3321.79,3309.72,,
43383,3266.9,3321.79,,
43384,3209.19,3266.9,,
43385,3194.41,3209.19,,
43388,3210.37,3194.41,,
43389,3257.34,3210.37,,
43390,3243.08,3257.34,,
43391,3211.59,3243.08,,
43392,3210.82,3211.59,,
43395,3190.09,3210.82,,
43396,3140.94,3190.09,,
43397,3130.33,3140.94,,
43398,3164.4,3130.33,,
43399,3134.89,3164.4,,
43402,3154.93,3134.89,,
43403,3147.13,3154.93,,
43404,3197.51,3147.13,,
43405,3204.21,3197.51,,
43406,3214.41,3204.21,,
43409,3217.37,3214.41,,
43410,3207.42,3217.37,,
43411,3246.16,3207.42,,
43412,3237.6,3246.16,,
43413,3229.49,3237.6,,
43416,3194.08,3229.49,,
43417,3224.82,3194.08,,
43418,3205.36,3224.82,,
43419,3190.31,3205.36,,
43420,3180.74,3190.31,,
43423,3160.33,3180.74,,
43424,3116.07,3160.33,,
43425,3153.91,3116.07,,
43426,3126.67,3153.91,,
43427,3137.21,3126.67,,
43430,3172.71,3137.21,,
43431,3166.42,3172.71,,
43432,3168.29,3166.42,,
43433,3174.16,3168.29,,
43434,3173.13,3174.16,,
43437,3214.99,3173.13,,
43438,3189.25,3214.99,,
43439,3150.27,3189.25,,
43440,3045.94,3150.27,,
43441,3058.53,3045.94,,
43444,3016.99,3058.53,,
43445,3055.32,3016.99,,
43446,3107.97,3055.32,,
43447,3112.17,3107.97,,
43448,3092.6,3112.17,,
43451,3063.65,3092.6,,
43452,3040.13,3063.65,,
43453,3051.38,3040.13,,
43454,3000.06,3051.38,,
43455,3000.61,3000.06,,
43458,2973.78,3000.61,,
43461,2937.36,2973.78,,
43462,2986.53,2937.36,,
43465,3001.42,2986.53,,
43467,2993.18,3001.42,,
43468,2954.66,2993.18,,
43469,3041.85,2954.66,,
43472,3033.64,3041.85,,
43473,3054.94,3033.64,,
43474,3070.24,3054.94,,
43475,3075.73,3070.24,,
43476,3070.04,3075.73,,
43479,3055.18,3070.04,,
43480,3068.05,3055.18,,
43481,3077.22,3068.05,,
43482,3069.35,3077.22,,
43483,3134.92,3069.35,,
43486,3125.07,3134.92,,
43487,3112.8,3125.07,,
43488,3112.13,3112.8,,
43489,3126.31,3112.13,,
43490,3163.24,3126.31,,
43493,3137.27,3163.24,,
43494,3153.42,3137.27,,
43495,3161.74,3153.42,,
43496,3159.43,3161.74,,
43497,3171.12,3159.43,,
43500,3165.2,3171.12,,
43501,3215.04,3165.2,,
43502,3212.75,3215.04,,
43503,3150.76,3212.75,,
43504,3135.62,3150.76,,
43507,3165.61,3135.62,,
43508,3190.75,3165.61,,
43509,3202.37,3190.75,,
43510,3182.66,3202.37,,
43511,3241.25,3182.66,,
43514,3244.79,3241.25,,
43515,3239.41,3244.79,,
43516,3259.49,3239.41,,
43517,3263.7,3259.49,,
43518,3270.55,3263.7,,
43521,3280.01,3270.55,,
43522,3289.32,3280.01,,
43523,3282.77,3289.32,,
43524,3298.26,3282.77,,
43525,3312.1,3298.26,,
43528,3317.12,3312.1,,
43529,3327.19,3317.12,,
43530,3324.67,3327.19,,
43531,3308.85,3324.67,,
43532,3283.6,3308.85,,
43535,3304.44,3283.6,,
43536,3303.95,3304.44,,
43537,3323.45,3303.95,,
43538,3342.03,3323.45,,
43539,3386.08,3342.03,,
43542,3387.94,3386.08,,
43543,3409,3387.94,,
43544,3372.38,3409,,
43545,3367.4,3372.38,,
43546,3305.73,3367.4,,
43549,3300.48,3305.73,,
43550,3319.53,3300.48,,
43551,3322.04,3319.53,,
43552,3320.29,3322.04,,
43553,3351.71,3320.29,,
43556,3385.38,3351.71,,
43557,3395.7,3385.38,,
43558,3435.56,3395.7,,
43559,3441.93,3435.56,,
43560,3447.47,3441.93,,
43563,3438.06,3447.47,,
43564,3417.22,3438.06,,
43565,3424.65,3417.22,,
43566,3435.34,3424.65,,
43567,3447.83,3435.34,,
43570,3450.46,3447.83,,
43571,3463.36,3450.46,,
43572,3477.73,3463.36,,
43573,3499.23,3477.73,,
43578,3503.85,3499.23,,
43579,3502.63,3503.85,,
43580,3491.92,3502.63,,
43581,3500.41,3491.92,,
43584,3501.94,3500.41,,
43585,3514.62,3501.94,,
43586,3514.62,3514.62,,
43587,3488.93,3514.62,,
43588,3502.48,3488.93,,
43591,3462.95,3502.48,,
43592,3401.16,3462.95,,
43593,3417.26,3401.16,,
43594,3350.71,3417.26,,
43595,3361.05,3350.71,,
43598,3320.78,3361.05,,
43599,3364.38,3320.78,,
43600,3385.78,3364.38,,
43601,3438.56,3385.78,,
43602,3425.64,3438.56,,
43605,3369.78,3425.64,,
43606,3386.51,3369.78,,
43607,3386.72,3386.51,,
43608,3327.2,3386.72,,
43609,3350.7,3327.2,,
43612,3364.04,3350.7,,
43613,3348.86,3364.04,,
43614,3297.81,3348.86,,
43615,3318.15,3297.81,,
43616,3280.43,3318.15,,
43619,3300.22,3280.43,,
43620,3333.49,3300.22,,
43621,3339.95,3333.49,,
43622,3338.41,3339.95,,
43623,3378.38,3338.41,,
43626,3386.45,3378.38,,
43627,3401.1,3386.45,,
43628,3386.63,3401.1,,
43629,3390.5,3386.63,,
43630,3379.19,3390.5,,
43633,3383.21,3379.19,,
43634,3452.89,3383.21,,
43635,3454.7,3452.89,,
43636,3468.08,3454.7,,
43637,3466.92,3468.08,,
43640,3455.57,3466.92,,
43641,3444.36,3455.57,,
43642,3442.95,3444.36,,
43643,3442.38,3442.95,,
43644,3473.69,3442.38,,
43647,3497.59,3473.69,,
43648,3507.98,3497.59,,
43649,3540.63,3507.98,,
43650,3544.15,3540.63,,
43651,3527.98,3544.15,,
43654,3523.76,3527.98,,
43655,3509.75,3523.76,,
43656,3501.52,3509.75,,
43657,3496.73,3501.52,,
43658,3497.63,3496.73,,
43661,3502.22,3497.63,,
43662,3521.36,3502.22,,
43663,3501.58,3521.36,,
43664,3482.83,3501.58,,
43665,3480.18,3482.83,,
43668,3489.92,3480.18,,
43669,3532.87,3489.92,,
43670,3532.9,3532.87,,
43671,3510.15,3532.9,,
43672,3524.47,3510.15,,
43675,3523.58,3524.47,,
43676,3462.85,3523.58,,
43677,3466.85,3462.85,,
43678,3490.03,3466.85,,
43679,3376.12,3490.03,,
43682,3310.93,3376.12,,
43683,3291.66,3310.93,,
43684,3309.99,3291.66,,
43685,3375.38,3309.99,,
43686,3333.74,3375.38,,
43689,3326.55,3333.74,,
43690,3357.16,3326.55,,
43691,3288.7,3357.16,,
43692,3282.78,3288.7,,
43693,3329.08,3282.78,,
43696,3369.19,3329.08,,
43697,3350.23,3369.19,,
43698,3394.89,3350.23,,
43699,3373.67,3394.89,,
43700,3334.25,3373.67,,
43703,3348.84,3334.25,,
43704,3370.47,3348.84,,
43705,3365.38,3370.47,,
43706,3411.33,3365.38,,
43707,3426.76,3411.33,,
43710,3432.54,3426.76,,
43711,3420.74,3432.54,,
43712,3450.83,3420.74,,
43713,3484.7,3450.83,,
43714,3495.19,3484.7,,
43717,3495.02,3495.19,,
43718,3498.99,3495.02,,
43719,3516.82,3498.99,,
43720,3538.86,3516.82,,
43721,3550.11,3538.86,,
43724,3518.45,3550.11,,
43725,3521.26,3518.45,,
43726,3528.04,3521.26,,
43727,3552.65,3528.04,,
43728,3571.39,3552.65,,
43731,3536.97,3571.39,,
43732,3532.05,3536.97,,
43733,3513.03,3532.05,,
43734,3532.18,3513.03,,
43735,3545.88,3532.18,,
43738,3569.45,3545.88,,
43739,3518.25,3569.45,,
43740,3413.31,3518.25,,
43741,3417.37,3413.31,,
43742,3446.71,3417.37,,
43745,3471.24,3446.71,,
43746,3432.76,3471.24,,
43747,3462.11,3432.76,,
43748,3493.96,3462.11,,
43749,3569.92,3493.96,,
43752,3556.26,3569.92,,
43753,3598.65,3556.26,,
43754,3599.25,3598.65,,
43755,3588.62,3599.25,,
43756,3579.41,3588.62,,
43759,3600.08,3579.41,,
43760,3604.82,3600.08,,
43761,3606.89,3604.82,,
43762,3621.37,3606.89,,
43763,3624.68,3621.37,,
43766,3625.69,3624.68,,
43767,3622.09,3625.69,,
43768,3620.29,3622.09,,
43769,3604.41,3620.29,,
43770,3623.74,3604.41,,
43773,3665.21,3623.74,,
43774,3676.52,3665.21,,
43775,3688.74,3676.52,,
43776,3706.68,3688.74,,
43777,3699.65,3706.68,,
43780,3696.82,3699.65,,
43781,3712.2,3696.82,,
43782,3699.5,3712.2,,
43783,3688.81,3699.5,,
43784,3711.61,3688.81,,
43787,3704.92,3711.61,,
43788,3696.56,3704.92,,
43789,3683.88,3696.56,,
43790,3679.66,3683.88,,
43791,3687.32,3679.66,,
43794,3707.68,3687.32,,
43795,3705.55,3707.68,,
43796,3712.85,3705.55,,
43797,3704.48,3712.85,,
43798,3703.58,3704.48,,
43801,3626.66,3703.58,,
43802,3610.99,3626.66,,
43803,3660.02,3610.99,,
43804,3648.13,3660.02,,
43805,3692.34,3648.13,,
43808,3672.18,3692.34,,
43809,3671.78,3672.18,,
43810,3687.45,3671.78,,
43811,3706.35,3687.45,,
43812,3731.07,3706.35,,
43815,3772.74,3731.07,,
43816,3745.28,3772.74,,
43817,3739,3745.28,,
43818,3739.17,3739,,
43819,3776.56,3739.17,,
43822,3776.66,3776.56,,
43823,3774.39,3776.66,,
43826,3782.27,3774.39,,
43829,3748.47,3782.27,,
43830,3745.15,3748.47,,
43832,3793.24,3745.15,,
43833,3773.37,3793.24,,
43836,3752.52,3773.37,,
43837,3759.25,3752.52,,
43838,3772.56,3759.25,,
43839,3795.88,3772.56,,
43840,3789.52,3795.88,,
43843,3779.68,3789.52,,
43844,3774.88,3779.68,,
43845,3768.96,3774.88,,
43846,3774.14,3768.96,,
43847,3808.26,3774.14,,
43850,3799.03,3808.26,,
43851,3789.12,3799.03,,
43852,3769.79,3789.12,,
43853,3736.85,3769.79,,
43854,3779.16,3736.85,,
43857,3677.84,3779.16,,
43858,3719.22,3677.84,,
43859,3736.36,3719.22,,
43860,3690.78,3736.36,,
43861,3640.91,3690.78,,
43864,3661.27,3640.91,,
43865,3732.28,3661.27,,
43866,3777.84,3732.28,,
43867,3805.52,3777.84,,
43868,3798.49,3805.52,,
43871,3793.18,3798.49,,
43872,3825.84,3793.18,,
43873,3854.43,3825.84,,
43874,3846.74,3854.43,,
43875,3840.97,3846.74,,
43878,3853.27,3840.97,,
43879,3836.54,3853.27,,
43880,3865.18,3836.54,,
43881,3822.98,3865.18,,
43882,3800.38,3822.98,,
43885,3647.98,3800.38,,
43886,3572.51,3647.98,,
43887,3577.68,3572.51,,
43888,3455.92,3577.68,,
43889,3329.49,3455.92,,
43892,3338.83,3329.49,,
43893,3371.97,3338.83,,
43894,3420.56,3371.97,,
43895,3363.58,3420.56,,
43896,3232.07,3363.58,,
43899,2959.07,3232.07,,
43900,2910.02,2959.07,,
43901,2905.56,2910.02,,
43902,2545.23,2905.56,,
43903,2586.02,2545.23,,
43906,2450.37,2586.02,,
43907,2530.5,2450.37,,
43908,2385.82,2530.5,,
43909,2454.08,2385.82,,
43910,2548.5,2454.08,,
43913,2485.54,2548.5,,
43914,2715.11,2485.54,,
43915,2800.14,2715.11,,
43916,2847.78,2800.14,,
43917,2728.65,2847.78,,
43920,2765.62,2728.65,,
43921,2786.9,2765.62,,
43922,2680.3,2786.9,,
43923,2688.49,2680.3,,
43924,2662.99,2688.49,,
43927,2795.97,2662.99,,
43928,2857.67,2795.97,,
43929,2851.27,2857.67,,
43930,2892.79,2851.27,,
43935,2917.74,2892.79,,
43936,2808.2,2917.74,,
43937,2812.35,2808.2,,
43938,2888.3,2812.35,,
43941,2909.5,2888.3,,
43942,2791.34,2909.5,,
43943,2834.9,2791.34,,
43944,2852.46,2834.9,,
43945,2809.07,2852.46,,
43948,2882.09,2809.07,,
43949,2932.06,2882.09,,
43950,2996.08,2932.06,,
43951,2927.93,2996.08,,
43952,2927.93,2927.93,,
43955,2816.48,2927.93,,
43956,2875.91,2816.48,,
43957,2843.76,2875.91,,
43958,2880.6,2843.76,,
43959,2908.11,2880.6,,
43962,2883.75,2908.11,,
43963,2884.2,2883.75,,
43964,2810.55,2884.2,,
43965,2760.23,2810.55,,
43966,2770.7,2760.23,,
43969,2911.88,2770.7,,
43970,2902.58,2911.88,,
43971,2942.39,2902.58,,
43972,2904.98,2942.39,,
43973,2905.47,2904.98,,
43976,2971.35,2905.47,,
43977,2999.22,2971.35,,
43978,3051.08,2999.22,,
43979,3094.47,3051.08,,
43980,3050.2,3094.47,,
43983,3077.92,3050.2,,
43984,3159.02,3077.92,,
43985,3269.59,3159.02,,
43986,3261.67,3269.59,,
43987,3384.29,3261.67,,
43990,3366.29,3384.29,,
43991,3320.71,3366.29,,
43992,3293.71,3320.71,,
43993,3144.57,3293.71,,
43994,3153.74,3144.57,,
43997,3136.4,3153.74,,
43998,3242.65,3136.4,,
43999,3267.26,3242.65,,
44000,3249.9,3267.26,,
44001,3269.1,3249.9,,
44004,3241.69,3269.1,,
44005,3298.83,3241.69,,
44006,3196.12,3298.83,,
44007,3218.91,3196.12,,
44008,3204.17,3218.91,,
44011,3232.02,3204.17,,
44012,3234.07,3232.02,,
44013,3228.45,3234.07,,
44014,3320.09,3228.45,,
44015,3294.38,3320.09,,
44018,3350.03,3294.38,,
44019,3321.56,3350.03,,
44020,3286.09,3321.56,,
44021,3261.17,3286.09,,
44022,3296.22,3261.17,,
44025,3350,3296.22,,
44026,3321.39,3350,,
44027,3378.21,3321.39,,
44028,3365.35,3378.21,,
44029,3365.6,3365.35,,
44032,3388.34,3365.6,,
44033,3405.35,3388.34,,
44034,3370.76,3405.35,,
44035,3371.74,3370.76,,
44036,3310.89,3371.74,,
44039,3302.84,3310.89,,
44040,3303.56,3302.84,,
44041,3300.16,3303.56,,
44042,3208.2,3300.16,,
44043,3174.32,3208.2,,
44046,3248.28,3174.32,,
44047,3254.29,3248.28,,
44048,3268.38,3254.29,,
44049,3240.39,3268.38,,
44050,3252.65,3240.39,,
44053,3259.71,3252.65,,
44054,3332.12,3259.71,,
44055,3363.18,3332.12,,
44056,3342.85,3363.18,,
44057,3305.05,3342.85,,
44060,3305.85,3305.05,,
44061,3289.64,3305.85,,
44062,3317.62,3289.64,,
44063,3273.98,3317.62,,
44064,3259.75,3273.98,,
44067,3331.74,3259.75,,
44068,3329.71,3331.74,,
44069,3356.76,3329.71,,
44070,3331.04,3356.76,,
44071,3315.54,3331.04,,
44074,3272.51,3315.54,,
44075,3277.58,3272.51,,
44076,3337.77,3277.58,,
44077,3304.22,3337.77,,
44078,3260.59,3304.22,,
44081,3314.07,3260.59,,
44082,3267.37,3314.07,,
44083,3324.83,3267.37,,
44084,3312.77,3324.83,,
44085,3315.81,3312.77,,
44088,3316.79,3315.81,,
44089,3332.26,3316.79,,
44090,3338.84,3332.26,,
44091,3316.57,3338.84,,
44092,3283.69,3316.57,,
44095,3160.95,3283.69,,
44096,3164.13,3160.95,,
44097,3180.11,3164.13,,
44098,3159.64,3180.11,,
44099,3137.06,3159.64,,
44102,3223.19,3137.06,,
44103,3214.3,3223.19,,
44104,3193.61,3214.3,,
44105,3194.09,3193.61,,
44106,3190.93,3194.09,,
44109,3220.22,3190.93,,
44110,3233.3,3220.22,,
44111,3233.43,3233.3,,
44112,3255.76,3233.43,,
44113,3273.12,3255.76,,
44116,3298.12,3273.12,,
44117,3279.19,3298.12,,
44118,3273.28,3279.19,,
44119,3192.69,3273.28,,
44120,3245.47,3192.69,,
44123,3242.51,3245.47,,
44124,3227.87,3242.51,,
44125,3180.7,3227.87,,
44126,3171.41,3180.7,,
44127,3198.86,3171.41,,
44130,3105.25,3198.86,,
44131,3070.6,3105.25,,
44132,2963.54,3070.6,,
44133,2960.03,2963.54,,
44134,2958.21,2960.03,,
44137,3019.54,2958.21,,
44138,3098.72,3019.54,,
44139,3161.07,3098.72,,
44140,3215.56,3161.07,,
44141,3204.05,3215.56,,
44144,3407.91,3204.05,,
44145,3442.62,3407.91,,
44146,3467.3,3442.62,,
44147,3428.2,3467.3,,
44148,3432.07,3428.2,,
44151,3466.21,3432.07,,
44152,3468.48,3466.21,,
44153,3482.17,3468.48,,
44154,3451.97,3482.17,,
44155,3467.6,3451.97,,
44158,3463.04,3467.6,,
44159,3507.98,3463.04,,
44160,3511.9,3507.98,,
44161,3510.94,3511.9,,
44162,3527.79,3510.94,,
44165,3492.54,3527.79,,
44166,3525.24,3492.54,,
44167,3521.32,3525.24,,
44168,3517.1,3521.32,,
44169,3539.27,3517.1,,
44172,3530.08,3539.27,,
44173,3525.87,3530.08,,
44174,3529.02,3525.87,,
44175,3522.31,3529.02,,
44176,3485.84,3522.31,,
44179,3503.96,3485.84,,
44180,3521.5,3503.96,,
44181,3543,3521.5,,
44182,3560.87,3543,,
44183,3545.74,3560.87,,
44186,3448.68,3545.74,,
44187,3497.49,3448.68,,
44188,3539.26,3497.49,,
44189,3543.28,3539.26,,
44193,3575.41,3543.28,,
44194,3581.37,3575.41,,
44195,3571.59,3581.37,,
44196,3552.64,3571.59,,
44200,3564.39,3552.64,,
44201,3547.85,3564.39,,
44202,3611.08,3547.85,,
44203,3622.42,3611.08,,
44204,3645.05,3622.42,,
44207,3620.62,3645.05,,
44208,3612.13,3620.62,,
44209,3616.51,3612.13,,
44210,3641.37,3616.51,,
44211,3599.55,3641.37,,
44214,3602.67,3599.55,,
44215,3595.42,3602.67,,
44216,3624.04,3595.42,,
44217,3618.35,3624.04,,
44218,3602.41,3618.35,,
44221,3553.14,3602.41,,
44222,3592.83,3553.14,,
44223,3536.38,3592.83,,
44224,3557.04,3536.38,,
44225,3481.44,3557.04,,
44228,3530.85,3481.44,,
44229,3590.46,3530.85,,
44230,3609.75,3590.46,,
44231,3642.12,3609.75,,
44232,3655.77,3642.12,,
44235,3665.51,3655.77,,
44236,3661.13,3665.51,,
44237,3648.37,3661.13,,
44238,3671.68,3648.37,,
44239,3695.61,3671.68,,
44242,3734.2,3695.61,,
44243,3726.4,3734.2,,
44244,3699.85,3726.4,,
44245,3681.04,3699.85,,
44246,3713.46,3681.04,,
44249,3699.85,3713.46,,
44250,3689.1,3699.85,,
44251,3705.99,3689.1,,
44252,3685.28,3705.99,,
44253,3636.44,3685.28,,
44256,3706.62,3636.44,,
44257,3707.72,3706.62,,
44258,3712.78,3707.72,,
44259,3704.85,3712.78,,
44260,3669.54,3704.85,,
44263,3763.24,3669.54,,
44264,3786.05,3763.24,,
44265,3819.92,3786.05,,
44266,3845.64,3819.92,,
44267,3833.36,3845.64,,
44270,3829.84,3833.36,,
44271,3850.96,3829.84,,
44272,3849.74,3850.96,,
44273,3867.54,3849.74,,
44274,3837.02,3867.54,,
44277,3833.84,3837.02,,
44278,3827.02,3833.84,,
44279,3832.55,3827.02,,
44280,3832.57,3832.55,,
44281,3866.68,3832.57,,
44284,3882.87,3866.68,,
44285,3926.2,3882.87,,
44286,3919.21,3926.2,,
44287,3945.96,3919.21,,
44292,3970.42,3945.96,,
44293,3956.77,3970.42,,
44294,3977.83,3956.77,,
44295,3978.84,3977.83,,
44298,3961.9,3978.84,,
44299,3966.99,3961.9,,
44300,3976.28,3966.99,,
44301,3993.43,3976.28,,
44302,4032.99,3993.43,,
44305,4019.91,4032.99,,
44306,3940.46,4019.91,,
44307,3976.41,3940.46,,
44308,4014.8,3976.41,,
44309,4013.34,4014.8,,
44312,4020.83,4013.34,,
44313,4011.91,4020.83,,
44314,4015.03,4011.91,,
44315,3996.9,4015.03,,
44316,3974.74,3996.9,,
44319,4000.25,3974.74,,
44320,3924.8,4000.25,,
44321,4002.79,3924.8,,
44322,3999.44,4002.79,,
44323,4034.25,3999.44,,
44326,4023.35,4034.25,,
44327,3946.06,4023.35,,
44328,3947.43,3946.06,,
44329,3952.45,3947.43,,
44330,4017.44,3952.45,,
44333,4006.84,4017.44,,
44334,4005.34,4006.84,,
44335,3936.74,4005.34,,
44336,3999.91,3936.74,,
44337,4025.78,3999.91,,
44340,4035.58,4025.78,,
44341,4036.04,4035.58,,
44342,4031.67,4036.04,,
44343,4039.21,4031.67,,
44344,4070.56,4039.21,,
44347,4039.46,4070.56,,
44348,4071.75,4039.46,,
44349,4088.5,4071.75,,
44350,4079.24,4088.5,,
44351,4089.38,4079.24,,
44354,4097.65,4089.38,,
44355,4096.01,4097.65,,
44356,4096.85,4096.01,,
44357,4096.07,4096.85,,
44358,4126.7,4096.07,,
44361,4132.67,4126.7,,
44362,4143.52,4132.67,,
44363,4151.76,4143.52,,
44364,4158.14,4151.76,,
44365,4083.37,4158.14,,
44368,4112.33,4083.37,,
44369,4123.13,4112.33,,
44370,4075.94,4123.13,,
44371,4122.43,4075.94,,
44372,4120.66,4122.43,,
44375,4089.91,4120.66,,
44376,4107.51,4089.91,,
44377,4064.3,4107.51,,
44378,4078.89,4064.3,,
44379,4084.31,4078.89,,
44382,4087.37,4084.31,,
44383,4052.67,4087.37,,
44384,4078.53,4052.67,,
44385,3991.66,4078.53,,
44386,4068.09,3991.66,,
44389,4093.38,4068.09,,
44390,4094.56,4093.38,,
44391,4099.5,4094.56,,
44392,4056.39,4099.5,,
44393,4035.77,4056.39,,
44396,3928.53,4035.77,,
44397,3956.34,3928.53,,
44398,4026.68,3956.34,,
44399,4059.05,4026.68,,
44400,4109.1,4059.05,,
44403,4102.59,4109.1,,
44404,4064.83,4102.59,,
44405,4103.03,4064.83,,
44406,4116.77,4103.03,,
44407,4089.3,4116.77,,
44410,4116.62,4089.3,,
44411,4117.95,4116.62,,
44412,4144.9,4117.95,,
44413,4161.08,4144.9,,
44414,4174.54,4161.08,,
44417,4177.15,4174.54,,
44418,4187.82,4177.15,,
44419,4206.33,4187.82,,
44420,4226.33,4206.33,,
44421,4229.7,4226.33,,
44424,4202.44,4229.7,,
44425,4196.4,4202.44,,
44426,4189.42,4196.4,,
44427,4124.71,4189.42,,
44428,4147.5,4124.71,,
44431,4176.42,4147.5,,
44432,4178.08,4176.42,,
44433,4181.12,4178.08,,
44434,4169.87,4181.12,,
44435,4190.98,4169.87,,
44438,4198.8,4190.98,,
44439,4196.41,4198.8,,
44440,4227.27,4196.41,,
44441,4232.1,4227.27,,
44442,4201.98,4232.1,,
44445,4246.13,4201.98,,
44446,4225.01,4246.13,,
44447,4177.15,4225.01,,
44448,4177.11,4177.15,,
44449,4170.35,4177.11,,
44452,4189.53,4170.35,,
44453,4191.67,4189.53,,
44454,4145.94,4191.67,,
44455,4169.87,4145.94,,
44456,4130.84,4169.87,,
44459,4043.63,4130.84,,
44460,4097.51,4043.63,,
44461,4150.19,4097.51,,
44462,4194.92,4150.19,,
44463,4158.51,4194.92,,
44466,4165.48,4158.51,,
44467,4058.82,4165.48,,
44468,4080.22,4058.82,,
44469,4048.08,4080.22,,
44470,4035.3,4048.08,,
44473,3996.41,4035.3,,
44474,4065.43,3996.41,,
44475,4012.65,4065.43,,
44476,4098.34,4012.65,,
44477,4073.29,4098.34,,
44480,4072.52,4073.29,,
44481,4055.09,4072.52,,
44482,4083.28,4055.09,,
44483,4149.06,4083.28,,
44484,4182.91,4149.06,,
44487,4151.4,4182.91,,
44488,4166.83,4151.4,,
44489,4172.17,4166.83,,
44490,4155.73,4172.17,,
44491,4188.81,4155.73,,
44494,4188.31,4188.81,,
44495,4223.97,4188.31,,
44496,4220.88,4223.97,,
44497,4233.87,4220.88,,
44498,4250.56,4233.87,,
44501,4280.47,4250.56,,
44502,4296.22,4280.47,,
44503,4309.61,4296.22,,
44504,4333.34,4309.61,,
44505,4363.04,4333.34,,
44508,4352.53,4363.04,,
44509,4344.63,4352.53,,
44510,4348.82,4344.63,,
44511,4358,4348.82,,
44512,4370.33,4358,,
44515,4386.19,4370.33,,
44516,4401.49,4386.19,,
44517,4400.81,4401.49,,
44518,4383.7,4400.81,,
44519,4356.47,4383.7,,
44522,4338.69,4356.47,,
44523,4283.82,4338.69,,
44524,4276.25,4283.82,,
44525,4293.24,4276.25,,
44526,4089.58,4293.24,,
44529,4109.51,4089.58,,
44530,4063.06,4109.51,,
44531,4179.15,4063.06,,
44532,4108.02,4179.15,,
44533,4080.15,4108.02,,
44536,4137.11,4080.15,,
44537,4276.2,4137.11,,
44538,4233.09,4276.2,,
44539,4208.3,4233.09,,
44540,4199.16,4208.3,,
44543,4183.04,4199.16,,
44544,4144.51,4183.04,,
44545,4159.68,4144.51,,
44546,4201.87,4159.68,,
44547,4161.35,4201.87,,
44550,4107.13,4161.35,,
44551,4174.99,4107.13,,
44552,4217.06,4174.99,,
44553,4265.86,4217.06,,
44554,4255.01,4265.86,,
44557,4287.98,4255.01,,
44558,4311.93,4287.98,,
44559,4284.83,4311.93,,
44560,4306.07,4284.83,,
44561,4298.41,4306.07,,
44564,4331.82,4298.41,,
44565,4367.62,4331.82,,
44566,4392.15,4367.62,,
44567,4324.81,4392.15,,
44568,4305.83,4324.81,,
44571,4239.52,4305.83,,
44572,4281.54,4239.52,,
44573,4316.39,4281.54,,
44574,4315.9,4316.39,,
44575,4272.19,4315.9,,
44578,4302.14,4272.19,,
44579,4257.82,4302.14,,
44580,4268.28,4257.82,,
44581,4299.61,4268.28,,
44582,4229.56,4299.61,,
44585,4054.36,4229.56,,
44586,4078.26,4054.36,,
44587,4164.6,4078.26,,
44588,4184.97,4164.6,,
44589,4136.91,4184.97,,
44592,4174.6,4136.91,,
44593,4224.45,4174.6,,
44594,4222.05,4224.45,,
44595,4141.02,4222.05,,
44596,4086.58,4141.02,,
44599,4120.56,4086.58,,
44600,4129.25,4120.56,,
44601,4204.09,4129.25,,
44602,4197.07,4204.09,,
44603,4155.23,4197.07,,
44606,4064.45,4155.23,,
44607,4143.71,4064.45,,
44608,4137.22,4143.71,,
44609,4113.19,4137.22,,
44610,4074.28,4113.19,,
44613,3985.71,4074.28,,
44614,3985.47,3985.71,,
44615,3973.41,3985.47,,
44616,3829.29,3973.41,,
44617,3970.69,3829.29,,
44620,3924.23,3970.69,,
44621,3765.85,3924.23,,
44622,3820.59,3765.85,,
44623,3741.78,3820.59,,
44624,3556.01,3741.78,,
44627,3512.22,3556.01,,
44628,3505.29,3512.22,,
44629,3766.02,3505.29,,
44630,3651.39,3766.02,,
44631,3686.78,3651.39,,
44634,3741.1,3686.78,,
44635,3738.11,3741.1,,
44636,3889.69,3738.11,,
44637,3885.32,3889.69,,
44638,3902.44,3885.32,,
44641,3881.8,3902.44,,
44642,3926.12,3881.8,,
44643,3869.22,3926.12,,
44644,3863.39,3869.22,,
44645,3867.73,3863.39,,
44648,3887.1,3867.73,,
44649,4002.18,3887.1,,
44650,3959.14,4002.18,,
44651,3902.52,3959.14,,
44652,3918.68,3902.52,,
44655,3951.12,3918.68,,
44656,3917.85,3951.12,,
44657,3824.69,3917.85,,
44658,3802.01,3824.69,,
44659,3858.37,3802.01,,
44662,3839.62,3858.37,,
44663,3831.47,3839.62,,
44664,3827.96,3831.47,,
44665,3848.68,3827.96,,
44670,3830.76,3848.68,,
44671,3896.81,3830.76,,
44672,3928.03,3896.81,,
44673,3840.01,3928.03,,
44676,3757.59,3840.01,,
44677,3721.36,3757.59,,
44678,3734.64,3721.36,,
44679,3777.02,3734.64,,
44680,3802.86,3777.02,,
44683,3732.44,3802.86,,
44684,3761.19,3732.44,,
44685,3724.99,3761.19,,
44686,3696.63,3724.99,,
44687,3629.17,3696.63,,
44690,3526.86,3629.17,,
44691,3554.8,3526.86,,
44692,3647.87,3554.8,,
44693,3613.43,3647.87,,
44694,3703.42,3613.43,,
44697,3685.34,3703.42,,
44698,3741.51,3685.34,,
44699,3690.74,3741.51,,
44700,3640.55,3690.74,,
44701,3657.03,3640.55,,
44704,3708.39,3657.03,,
44705,3647.56,3708.39,,
44706,3677.1,3647.56,,
44707,3740.31,3677.1,,
44708,3808.86,3740.31,,
44711,3841.62,3808.86,,
44712,3789.21,3841.62,,
44713,3759.54,3789.21,,
44714,3795.13,3759.54,,
44715,3783.66,3795.13,,
44718,3838.42,3783.66,,
44719,3806.74,3838.42,,
44720,3788.93,3806.74,,
44721,3724.45,3788.93,,
44722,3599.2,3724.45,,
44725,3502.5,3599.2,,
44726,3475.18,3502.5,,
44727,3532.32,3475.18,,
44728,3427.91,3532.32,,
44729,3438.46,3427.91,,
44732,3469.83,3438.46,,
44733,3494,3469.83,,
44734,3464.64,3494,,
44735,3436.29,3464.64,,
44736,3533.17,3436.29,,
44739,3538.88,3533.17,,
44740,3549.29,3538.88,,
44741,3514.32,3549.29,,
44742,3454.86,3514.32,,
44743,3448.31,3454.86,,
44746,3452.42,3448.31,,
44747,3359.83,3452.42,,
44748,3421.84,3359.83,,
44749,3488.5,3421.84,,
44750,3506.55,3488.5,,
44753,3471.69,3506.55,,
44754,3487.05,3471.69,,
44755,3453.97,3487.05,,
44756,3396.61,3453.97,,
44757,3477.2,3396.61,,
44760,3511.86,3477.2,,
44761,3587.44,3511.86,,
44762,3585.24,3587.44,,
44763,3596.51,3585.24,,
44764,3596.49,3596.51,,
44767,3604.16,3596.49,,
44768,3575.36,3604.16,,
44769,3607.78,3575.36,,
44770,3652.2,3607.78,,
44771,3708.1,3652.2,,
44774,3706.62,3708.1,,
44775,3684.63,3706.62,,
44776,3732.54,3684.63,,
44777,3754.6,3732.54,,
44778,3725.39,3754.6,,
44781,3757.22,3725.39,,
44782,3715.37,3757.22,,
44783,3749.35,3715.37,,
44784,3757.05,3749.35,,
44785,3776.81,3757.05,,
44788,3789.62,3776.81,,
44789,3805.22,3789.62,,
44790,3756.06,3805.22,,
44791,3777.38,3756.06,,
44792,3730.32,3777.38,,
44795,3658.22,3730.32,,
44796,3652.52,3658.22,,
44797,3667.46,3652.52,,
44798,3674.54,3667.46,,
44799,3603.68,3674.54,,
44802,3570.51,3603.68,,
44803,3561.92,3570.51,,
44804,3517.25,3561.92,,
44805,3456.7,3517.25,,
44806,3544.38,3456.7,,
44809,3490.01,3544.38,,
44810,3500.14,3490.01,,
44811,3502.09,3500.14,,
44812,3512.38,3502.09,,
44813,3570.04,3512.38,,
44816,3646.51,3570.04,,
44817,3586.18,3646.51,,
44818,3567.56,3586.18,,
44819,3541.79,3567.56,,
44820,3500.41,3541.79,,
44823,3499.49,3500.41,,
44824,3467.09,3499.49,,
44825,3491.87,3467.09,,
44826,3427.14,3491.87,,
44827,3348.6,3427.14,,
44830,3342.56,3348.6,,
44831,3328.65,3342.56,,
44832,3335.3,3328.65,,
44833,3279.04,3335.3,,
44834,3318.2,3279.04,,
44837,3342.17,3318.2,,
44838,3484.48,3342.17,,
44839,3447.72,3484.48,,
44840,3433.45,3447.72,,
44841,3375.46,3433.45,,
44844,3356.88,3375.46,,
44845,3340.35,3356.88,,
44846,3331.53,3340.35,,
44847,3362.4,3331.53,,
44848,3381.73,3362.4,,
44851,3441.64,3381.73,,
44852,3463.83,3441.64,,
44853,3471.24,3463.83,,
44854,3492.85,3471.24,,
44855,3476.63,3492.85,,
44858,3527.79,3476.63,,
44859,3585.58,3527.79,,
44860,3605.31,3585.58,,
44861,3604.51,3605.31,,
44862,3613.02,3604.51,,
44865,3617.54,3613.02,,
44866,3651.02,3617.54,,
44867,3622.01,3651.02,,
44868,3593.18,3622.01,,
44869,3688.33,3593.18,,
44872,3708.8,3688.33,,
44873,3739.28,3708.8,,
44874,3728.03,3739.28,,
44875,3846.56,3728.03,,
44876,3868.5,3846.56,,
44879,3887.51,3868.5,,
44880,3915.09,3887.51,,
44881,3882.78,3915.09,,
44882,3878.42,3882.78,,
44883,3924.84,3878.42,,
44886,3909.28,3924.84,,
44887,3929.9,3909.28,,
44888,3946.44,3929.9,,
44889,3961.99,3946.44,,
44890,3962.41,3961.99,,
44893,3935.51,3962.41,,
44894,3934.44,3935.51,,
44895,3964.72,3934.44,,
44896,3984.5,3964.72,,
44897,3977.9,3984.5,,
44900,3956.53,3977.9,,
44901,3939.19,3956.53,,
44902,3920.9,3939.19,,
44903,3921.27,3920.9,,
44904,3942.62,3921.27,,
44907,3921.82,3942.62,,
44908,3986.83,3921.82,,
44909,3975.26,3986.83,,
44910,3835.7,3975.26,,
44911,3804.02,3835.7,,
44914,3811.24,3804.02,,
44915,3802.49,3811.24,,
44916,3872.15,3802.49,,
44917,3823.29,3872.15,,
44918,3817.01,3823.29,,
44922,3832.89,3817.01,,
44923,3808.82,3832.89,,
44924,3850.07,3808.82,,
44925,3793.62,3850.07,,
44928,3856.09,3793.62,,
44929,3882.29,3856.09,,
44930,3973.97,3882.29,,
44931,3959.48,3973.97,,
44932,4017.83,3959.48,,
44935,4068.62,4017.83,,
44936,4057.46,4068.62,,
44937,4099.76,4057.46,,
44938,4126.68,4099.76,,
44939,4150.8,4126.68,,
44942,4157,4150.8,,
44943,4174.33,4157,,
44944,4174.34,4174.33,,
44945,4094.28,4174.34,,
44946,4119.9,4094.28,,
44949,4150.82,4119.9,,
44950,4153.02,4150.82,,
44951,4148.11,4153.02,,
44952,4173.98,4148.11,,
44953,4178.01,4173.98,,
44956,4158.63,4178.01,,
44957,4163.45,4158.63,,
44958,4171.44,4163.45,,
44959,4241.12,4171.44,,
44960,4257.98,4241.12,,
44963,4205.45,4257.98,,
44964,4209.31,4205.45,,
44965,4209.15,4209.31,,
44966,4250.14,4209.15,,
44967,4197.94,4250.14,,
44970,4241.36,4197.94,,
44971,4238.76,4241.36,,
44972,4280.04,4238.76,,
44973,4297.24,4280.04,,
44974,4274.92,4297.24,,
44977,4271.18,4274.92,,
44978,4250.4,4271.18,,
44979,4242.88,4250.4,,
44980,4258.16,4242.88,,
44981,4178.82,4258.16,,
44984,4248.01,4178.82,,
44985,4238.38,4248.01,,
44986,4215.75,4238.38,,
44987,4240.59,4215.75,,
44988,4294.8,4240.59,,
44991,4313.78,4294.8,,
44992,4278.96,4313.78,,
44993,4288.45,4278.96,,
44994,4286.12,4288.45,,
44995,4229.53,4286.12,,
44998,4096.54,4229.53,,
44999,4179.47,4096.54,,
45000,4034.92,4179.47,,
45001,4116.98,4034.92,,
45002,4064.99,4116.98,,
45005,4119.42,4064.99,,
45006,4181.6,4119.42,,
45007,4195.7,4181.6,,
45008,4207.14,4195.7,,
45009,4130.62,4207.14,,
45012,4164.62,4130.62,,
45013,4168.21,4164.62,,
45014,4231.27,4168.21,,
45015,4285.42,4231.27,,
45016,4315.05,4285.42,,
45019,4311.05,4315.05,,
45020,4315.32,4311.05,,
45021,4298.36,4315.32,,
45022,4309.45,4298.36,,
45027,4333.29,4309.45,,
45028,4334.03,4333.29,,
45029,4363.24,4334.03,,
45030,4390.75,4363.24,,
45033,4367.61,4390.75,,
45034,4393.95,4367.61,,
45035,4393.57,4393.95,,
45036,4384.86,4393.57,,
45037,4408.59,4384.86,,
45040,4401.8,4408.59,,
45041,4377.85,4401.8,,
45042,4347.71,4377.85,,
45043,4358.05,4347.71,,
45044,4359.31,4358.05,,
45047,4359.31,4359.31,,
45048,4294.85,4359.31,,
45049,4310.18,4294.85,,
45050,4287.03,4310.18,,
45051,4340.43,4287.03,,
45054,4348.65,4340.43,,
45055,4323.09,4348.65,,
45056,4306.76,4323.09,,
45057,4309.75,4306.76,,
45058,4317.88,4309.75,,
45061,4316.41,4317.88,,
45062,4315.51,4316.41,,
45063,4323.23,4315.51,,
45064,4367.45,4323.23,,
45065,4395.3,4367.45,,
45068,4385.63,4395.3,,
45069,4342.38,4385.63,,
45070,4263.74,4342.38,,
45071,4269.64,4263.74,,
45072,4337.5,4269.64,,
45075,4320.01,4337.5,,
45076,4291.58,4320.01,,
45077,4218.04,4291.58,,
45078,4257.61,4218.04,,
45079,4323.52,4257.61,,
45082,4293.24,4323.52,,
45083,4295.22,4293.24,,
45084,4291.91,4295.22,,
45085,4297.68,4291.91,,
45086,4289.79,4297.68,,
45089,4316.49,4289.79,,
45090,4347.55,4316.49,,
45091,4375.98,4347.55,,
45092,4365.12,4375.98,,
45093,4394.82,4365.12,,
45096,4362.38,4394.82,,
45097,4343.14,4362.38,,
45098,4322.75,4343.14,,
45099,4304.47,4322.75,,
45100,4271.61,4304.47,,
45103,4280.57,4271.61,,
45104,4305.26,4280.57,,
45105,4344.75,4305.26,,
45106,4354.69,4344.75,,
45107,4399.09,4354.69,,
45110,4398.15,4399.09,,
45111,4390.99,4398.15,,
45112,4350.71,4390.99,,
45113,4223.09,4350.71,,
45114,4236.6,4223.09,,
45117,4256.51,4236.6,,
45118,4286.56,4256.51,,
45119,4360.46,4286.56,,
45120,4391.76,4360.46,,
45121,4400.11,4391.76,,
45124,4356.79,4400.11,,
45125,4369.73,4356.79,,
45126,4362.28,4369.73,,
45127,4373.73,4362.28,,
45128,4391.41,4373.73,,
45131,4383.03,4391.41,,
45132,4391.3,4383.03,,
45133,4346.15,4391.3,,
45134,4447.44,4346.15,,
45135,4466.5,4447.44,,
45138,4471.31,4466.5,,
45139,4407.54,4471.31,,
45140,4336.5,4407.54,,
45141,4304.63,4336.5,,
45142,4332.91,4304.63,,
45145,4337.5,4332.91,,
45146,4288.85,4337.5,,
45147,4317.33,4288.85,,
45148,4384.04,4317.33,,
45149,4321.33,4384.04,,
45152,4330.23,4321.33,,
45153,4288.57,4330.23,,
45154,4284.27,4288.57,,
45155,4227.83,4284.27,,
45156,4212.95,4227.83,,
45159,4224.87,4212.95,,
45160,4260.37,4224.87,,
45161,4266.67,4260.37,,
45162,4232.22,4266.67,,
45163,4236.25,4232.22,,
45166,4293.69,4236.25,,
45167,4326.47,4293.69,,
45168,4315.31,4326.47,,
45169,4297.11,4315.31,,
45170,4282.64,4297.11,,
45173,4279.87,4282.64,,
45174,4269.16,4279.87,,
45175,4238.26,4269.16,,
45176,4221.02,4238.26,,
45177,4237.19,4221.02,,
45180,4254.33,4237.19,,
45181,4242.27,4254.33,,
45182,4223.48,4242.27,,
45183,4279.75,4223.48,,
45184,4295.05,4279.75,,
45187,4245.88,4295.05,,
45188,4242.7,4245.88,,
45189,4275.98,4242.7,,
45190,4212.59,4275.98,,
45191,4207.16,4212.59,,
45194,4167.37,4207.16,,
45195,4129.18,4167.37,,
45196,4131.68,4129.18,,
45197,4161.56,4131.68,,
45198,4174.66,4161.56,,
45201,4137.63,4174.66,,
45202,4095.59,4137.63,,
45203,4099.85,4095.59,,
45204,4099.81,4099.85,,
45205,4144.43,4099.81,,
45208,4112.57,4144.43,,
45209,4205.23,4112.57,,
45210,4200.8,4205.23,,
45211,4198.23,4200.8,,
45212,4136.12,4198.23,,
45215,4149.86,4136.12,,
45216,4152.32,4149.86,,
45217,4105.86,4152.32,,
45218,4090.33,4105.86,,
45219,4024.68,4090.33,,
45222,4041.75,4024.68,,
45223,4065.37,4041.75,,
45224,4073.35,4065.37,,
45225,4049.4,4073.35,,
45226,4014.36,4049.4,,
45229,4028.32,4014.36,,
45230,4061.12,4028.32,,
45231,4091.71,4061.12,,
45232,4169.62,4091.71,,
45233,4174.67,4169.62,,
45236,4158.64,4174.67,,
45237,4153.37,4158.64,,
45238,4178.49,4153.37,,
45239,4229.2,4178.49,,
45240,4197.36,4229.2,,
45243,4232.19,4197.36,,
45244,4291.72,4232.19,,
45245,4315.53,4291.72,,
45246,4302.45,4315.53,,
45247,4340.77,4302.45,,
45250,4342.41,4340.77,,
45251,4331.9,4342.41,,
45252,4352.02,4331.9,,
45253,4361.32,4352.02,,
45254,4372.1,4361.32,,
45257,4354.41,4372.1,,
45258,4348.02,4354.41,,
45259,4370.53,4348.02,,
45260,4382.47,4370.53,,
45261,4418.51,4382.47,,
45264,4414.95,4418.51,,
45265,4452.77,4414.95,,
45266,4483.26,4452.77,,
45267,4473.77,4483.26,,
45268,4523.31,4473.77,,
45271,4540.19,4523.31,,
45272,4536.61,4540.19,,
45273,4530.19,4536.61,,
45274,4539.16,4530.19,,
45275,4549.44,4539.16,,
45278,4521.13,4549.44,,
45279,4535.4,4521.13,,
45280,4533.82,4535.4,,
45281,4524.86,4533.82,,
45282,4521.47,4524.86,,
45287,4528.38,4521.47,,
45288,4514.38,4528.38,,
45289,4521.44,4514.38,,
45293,4512.81,4521.44,,
45294,4448.13,4512.81,,
45295,4474.01,4448.13,,
45296,4463.51,4474.01,,
45299,4485.48,4463.51,,
45300,4467.17,4485.48,,
45301,4468.98,4467.17,,
45302,4442.28,4468.98,,
45303,4480.02,4442.28,,
45306,4454.68,4480.02,,
45307,4446.51,4454.68,,
45308,4403.08,4446.51,,
45309,4453.05,4403.08,,
45310,4448.83,4453.05,,
45313,4480.32,4448.83,,
45314,4465.91,4480.32,,
45315,4564.11,4465.91,,
45316,4582.26,4564.11,,
45317,4635.47,4582.26,,
45320,4639.36,4635.47,,
45321,4662.7,4639.36,,
45322,4648.4,4662.7,,
45323,4638.6,4648.4,,
45324,4654.55,4638.6,,
45327,4655.27,4654.55,,
45328,4690.87,4655.27,,
45329,4678.85,4690.87,,
45330,4710.78,4678.85,,
45331,4715.87,4710.78,,
45334,4746.35,4715.87,,
45335,4689.28,4746.35,,
45336,4709.22,4689.28,,
45337,4743.17,4709.22,,
45338,4765.65,4743.17,,
45341,4763.07,4765.65,,
45342,4760.28,4763.07,,
45343,4775.31,4760.28,,
45344,4855.36,4775.31,,
45345,4872.57,4855.36,,
45348,4864.29,4872.57,,
45349,4885.74,4864.29,,
45350,4883.77,4885.74,,
45351,4877.77,4883.77,,
45352,4894.86,4877.77,,
45355,4912.92,4894.86,,
45356,4893.07,4912.92,,
45357,4915.49,4893.07,,
45358,4974.22,4915.49,,
45359,4961.11,4974.22,,
45362,4930.42,4961.11,,
45363,4983.2,4930.42,,
45364,5000.55,4983.2,,
45365,4993.12,5000.55,,
45366,4986.02,4993.12,,
45369,4982.76,4986.02,,
45370,5007.92,4982.76,,
45371,5000.31,5007.92,,
45372,5052.31,5000.31,,
45373,5031.15,5052.31,,
45376,5044.19,5031.15,,
45377,5064.18,5044.19,,
45378,5081.74,5064.18,,
45379,5083.42,5081.74,,
45384,5042,5083.42,,
45385,5069.25,5042,,
45386,5070.76,5069.25,,
45387,5014.75,5070.76,,
45390,5046.05,5014.75,,
45391,4990.9,5046.05,,
45392,5000.83,4990.9,,
45393,4966.68,5000.83,,
45394,4955.01,4966.68,,
45397,4984.48,4955.01,,
45398,4916.99,4984.48,,
45399,4914.13,4916.99,,
45400,4936.57,4914.13,,
45401,4918.09,4936.57,,
45404,4936.85,4918.09,,
45405,5008.17,4936.85,,
45406,4989.88,5008.17,,
45407,4939.01,4989.88,,
45408,5006.85,4939.01,,
45411,4981.09,5006.85,,
45412,4921.22,4981.09,,
45413,4921.22,4921.22,,
45414,4890.61,4921.22,,
45415,4921.48,4890.61,,
45418,4956.96,4921.48,,
45419,5016.1,4956.96,,
45420,5038.17,5016.1,,
45421,5054.41,5038.17,,
45422,5085.08,5054.41,,
45425,5078.96,5085.08,,
45426,5080.29,5078.96,,
45427,5100.9,5080.29,,
45428,5072.45,5100.9,,
45429,5064.14,5072.45,,
45432,5074.34,5064.14,,
45433,5046.99,5074.34,,
45434,5025.17,5046.99,,
45435,5037.6,5025.17,,
45436,5035.41,5037.6,,
45439,5059.2,5035.41,,
45440,5030.35,5059.2,,
45441,4963.2,5030.35,,
45442,4982.18,4963.2,,
45443,4983.67,4982.18,,
45446,5003.54,4983.67,,
45447,4953.37,5003.54,,
45448,5035.66,4953.37,,
45449,5069.09,5035.66,,
45450,5051.31,5069.09,,
45453,5016.48,5051.31,,
45454,4965.09,5016.48,,
45455,5034.43,4965.09,,
45456,4935.5,5034.43,,
45457,4839.14,4935.5,,
45460,4880.42,4839.14,,
45461,4915.47,4880.42,,
45462,4885.45,4915.47,,
45463,4947.73,4885.45,,
45464,4907.3,4947.73,,
45467,4950.98,4907.3,,
45468,4935.97,4950.98,,
45469,4915.94,4935.97,,
45470,4902.6,4915.94,,
45471,4894.02,4902.6,,
45474,4929.99,4894.02,,
45475,4906.33,4929.99,,
45476,4965.8,4906.33,,
45477,4987.48,4965.8,,
45478,4979.39,4987.48,,
45481,4969.83,4979.39,,
45482,4903.62,4969.83,,
45483,4958.86,4903.62,,
45484,4976.13,4958.86,,
45485,5043.02,4976.13,,
45488,4983.11,5043.02,,
45489,4947.83,4983.11,,
45490,4891.46,4947.83,,
45491,4870.12,4891.46,,
45492,4827.24,4870.12,,
45495,4897.44,4827.24,,
45496,4916.8,4897.44,,
45497,4861.87,4916.8,,
45498,4811.28,4861.87,,
45499,4862.5,4811.28,,
45502,4815.39,4862.5,,
45503,4841,4815.39,,
45504,4872.94,4841,,
45505,4765.72,4872.94,,
45506,4638.7,4765.72,,
45509,4571.6,4638.7,,
45510,4575.22,4571.6,,
45511,4668.06,4575.22,,
45512,4668.74,4668.06,,
45513,4675.28,4668.74,,
45516,4671.88,4675.28,,
45517,4694.92,4671.88,,
45518,4727.6,4694.92,,
45519,4807.77,4727.6,,
45520,4840.52,4807.77,,
45523,4871.41,4840.52,,
45524,4857.58,4871.41,,
45525,4885.28,4857.58,,
45526,4885,4885.28,,
45527,4909.2,4885,,
45530,4896.69,4909.2,,
45531,4898.78,4896.69,,
45532,4913.03,4898.78,,
45533,4966.27,4913.03,,
45534,4957.98,4966.27,,
45537,4973.07,4957.98,,
45538,4912.52,4973.07,,
45539,4848.18,4912.52,,
45540,4815.15,4848.18,,
45541,4738.06,4815.15,,
45544,4778.66,4738.06,,
45545,4747.2,4778.66,,
45546,4763.58,4747.2,,
45547,4814.08,4763.58,,
45548,4843.99,4814.08,,
45551,4827.63,4843.99,,
45552,4860.78,4827.63,,
45553,4835.3,4860.78,,
45554,4943.38,4835.3,,
45555,4871.54,4943.38,,
45558,4885.57,4871.54,,
45559,4940.72,4885.57,,
45560,4916.89,4940.72,,
45561,5032.59,4916.89,,
45562,5067.45,5032.59,,
45565,5000.45,5067.45,,
45566,4954.15,5000.45,,
45567,4963.29,4954.15,,
45568,4921.33,4963.29,,
45569,4954.94,4921.33,,
45572,4969.71,4954.94,,
45573,4949,4969.71,,
45574,4982.57,4949,,
45575,4970.34,4982.57,,
45576,5003.92,4970.34,,
45579,5041.01,5003.92,,
45580,4946.73,5041.01,,
45581,4908.71,4946.73,,
45582,4947.3,4908.71,,
45583,4986.27,4947.3,,
45586,4941.22,4986.27,,
45587,4939.31,4941.22,,
45588,4922.55,4939.31,,
45589,4935.45,4922.55,,
45590,4943.09,4935.45,,
45593,4969.83,4943.09,,
45594,4950.02,4969.83,,
45595,4885.75,4950.02,,
45596,4827.63,4885.75,,
45597,4877.75,4827.63,,
45600,4852.1,4877.75,,
45601,4870.33,4852.1,,
45602,4800.63,4870.33,,
45603,4851.96,4800.63,,
45604,4802.76,4851.96,,
45607,4854.03,4802.76,,
45608,4744.69,4854.03,,
45609,4740.34,4744.69,,
45610,4833.53,4740.34,,
45611,4794.85,4833.53,,
45614,4790.33,4794.85,,
45615,4751.23,4790.33,,
45616,4729.71,4751.23,,
45617,4755.83,4729.71,,
45618,4789.08,4755.83,,
45621,4799.87,4789.08,,
45622,4761.99,4799.87,,
45623,4733.15,4761.99,,
45624,4758.65,4733.15,,
45625,4804.4,4758.65,,
45628,4846.73,4804.4,,
45629,4878.51,4846.73,,
45630,4919.02,4878.51,,
45631,4951.58,4919.02,,
45632,4977.78,4951.58,,
45635,4985.46,4977.78,,
45636,4951.74,4985.46,,
45637,4959.35,4951.74,,
45638,4965.53,4959.35,,
45639,4967.95,4965.53,,
45642,4947.03,4967.95,,
45643,4942.58,4947.03,,
45644,4957.28,4942.58,,
45645,4879,4957.28,,
45646,4862.28,4879,,
45649,4852.93,4862.28,,
45650,4857.86,4852.93,,
45653,4898.88,4857.86,,
45656,4869.28,4898.88,,
45657,4895.98,4869.28,,
45659,4917.88,4895.98,,
45660,4871.45,4917.88,,
45663,4986.64,4871.45,,
45664,5011.82,4986.64,,
45665,4996.39,5011.82,,
45666,5017.91,4996.39,,
45667,4977.26,5017.91,,
45670,4954.21,4977.26,,
45671,4980.47,4954.21,,
45672,5032.31,4980.47,,
45673,5106.93,5032.31,,
45674,5148.3,5106.93,,
45677,5164.44,5148.3,,
45678,5165.96,5164.44,,
45679,5205.83,5165.96,,
45680,5217.5,5205.83,,
45681,5219.37,5217.5,,
45684,5188.45,5219.37,,
45685,5195.71,5188.45,,
45686,5230.66,5195.71,,
45687,5282.21,5230.66,,
45688,5286.87,5282.21,,
45691,5217.91,5286.87,,
45692,5264.59,5217.91,,
45693,5271.12,5264.59,,
45694,5356.63,5271.12,,
45695,5325.4,5356.63,,
45698,5358.3,5325.4,,
45699,5390.91,5358.3,,
45700,5405.65,5390.91,,
45701,5500.5,5405.65,,
45702,5493.4,5500.5,,
45705,5519.83,5493.4,,
45706,5533.84,5519.83,,
45707,5461.17,5533.84,,
45708,5461.03,5461.17,,
45709,5474.85,5461.03,,
45712,5453.76,5474.85,,
45713,5447.9,5453.76,,
45714,5527.99,5447.9,,
45715,5472.56,5527.99,,
45716,5463.54,5472.56,,
45719,5540.69,5463.54,,
45720,5387.31,5540.69,,
45721,5489.12,5387.31,,
45722,5520.47,5489.12,,
45723,5468.41,5520.47,,
45726,5386.98,5468.41,,
45727,5309.9,5386.98,,
45728,5359.42,5309.9,,
45729,5328.39,5359.42,,
45730,5404.18,5328.39,,
45733,5445.55,5404.18,,
45734,5485.01,5445.55,,
45735,5507.36,5485.01,,
45736,5450.93,5507.36,,
45737,5423.83,5450.93,,
45740,5415.79,5423.83,,
45741,5475.08,5415.79,,
45742,5411.69,5475.08,,
45743,5381.08,5411.69,,
45744,5331.4,5381.08,,
45747,5248.39,5331.4,,
45748,5320.3,5248.39,,
45749,5303.95,5320.3,,
45750,5113.28,5303.95,,
45751,4878.31,5113.28,,
45754,4656.41,4878.31,,
45755,4773.65,4656.41,,
45756,4622.14,4773.65,,
45757,4818.92,4622.14,,
45758,4787.23,4818.92,,
45761,4911.39,4787.23,,
45762,4970.43,4911.39,,
45763,4966.5,4970.43,,
45764,4935.34,4966.5,,
45769,4961.45,4935.34,,
45770,5098.74,4961.45,,
45771,5114.98,5098.74,,
45772,5154.12,5114.98,,
45775,5170.49,5154.12,,
45776,5161.9,5170.49,,
45777,5160.22,5161.9,,
45778,5160.22,5160.22,,
45779,5285.19,5160.22,,
45782,5283.05,5285.19,,
45783,5263.38,5283.05,,
45784,5230.19,5263.38,,
45785,5288.94,5230.19,,
45786,5309.74,5288.94,,
45789,5392.36,5309.74,,
45790,5416.21,5392.36,,
45791,5403.44,5416.21,,
45792,5412.08,5403.44,,
45793,5427.53,5412.08,,
45796,5427.23,5427.53,,
45797,5454.65,5427.23,,
45798,5454.46,5454.65,,
45799,5424.48,5454.46,,
45800,5326.31,5424.48,,
45803,5395.33,5326.31,,
45804,5415.45,5395.33,,
45805,5378.39,5415.45,,
45806,5371.1,5378.39,,
45807,5366.59,5371.1,,
45810,5355.56,5366.59,,
45811,5375.7,5355.56,,
45812,5405.15,5375.7,,
45813,5410.55,5405.15,,
45814,5430.17,5410.55,,
45817,5421.52,5430.17,,
45818,5415.38,5421.52,,
45819,5393.15,5415.38,,
45820,5360.82,5393.15,,
45821,5290.47,5360.82,,
45824,5339.57,5290.47,,
45825,5288.68,5339.57,,
45826,5266.91,5288.68,,
45827,5197.03,5266.91,,
45828,5233.58,5197.03,,
45831,5221.9,5233.58,,
45832,5297.07,5221.9,,
45833,5252.01,5297.07,,
45834,5244.03,5252.01,,
45835,5325.64,5244.03,,
45838,5303.24,5325.64,,
45839,5282.43,5303.24,,
45840,5318.72,5282.43,,
45841,5343.15,5318.72,,
45842,5288.81,5343.15,,
45845,5341.54,5288.81,,
45846,5371.95,5341.54,,
45847,5445.65,5371.95,,
45848,5438.27,5445.65,,
45849,5383.48,5438.27,,
45852,5370.85,5383.48,,
45853,5354.17,5370.85,,
45854,5298.07,5354.17,,
45855,5377.15,5298.07,,
45856,5359.23,5377.15,,
45859,5342.98,5359.23,,
45860,5290.48,5342.98,,
45861,5344.25,5290.48,,
45862,5355.2,5344.25,,
45863,5352.16,5355.2,,
45866,5337.58,5352.16,,
45867,5379.2,5337.58,,
45868,5393.18,5379.2,,
45869,5319.92,5393.18,,
45870,5165.6,5319.92,,
45873,5242.32,5165.6,,
45874,5249.59,5242.32,,
45875,5263.29,5249.59,,
45876,5332.07,5263.29,,
45877,5347.74,5332.07,,
45880,5331.85,5347.74,,
45881,5335.97,5331.85,,
45882,5388.25,5335.97,,
45883,5434.7,5388.25,,
45884,5448.61,5434.7,,
45887,5434.64,5448.61,,
45888,5483.28,5434.64,,
45889,5472.32,5483.28,,
45890,5462.16,5472.32,,
45891,5488.23,5462.16,,
45894,5443.96,5488.23,,
45895,5383.68,5443.96,,
45896,5393.07,5383.68,,
45897,5396.73,5393.07,,
45898,5351.73,5396.73,,
45901,5367.08,5351.73,,
45902,5291.04,5367.08,,
45903,5325.01,5291.04,,
45904,5346.71,5325.01,,
45905,5318.15,5346.71,,
45908,5362.81,5318.15,,
45909,5368.82,5362.81,,
45910,5361.47,5368.82,,
45911,5386.77,5361.47,,
45912,5390.71,5386.77,,
45915,5440.4,5390.71,,
45916,5372.31,5440.4,,
45917,5369.7,5372.31,,
45918,5456.67,5369.7,,
45919,5458.42,5456.67,,
45922,5442.05,5458.42,,
45923,5472.39,5442.05,,
45924,5464.56,5472.39,,
45925,5444.89,5464.56,,
45926,5499.7,5444.89,,
45929,5506.85,5499.7,,
45930,5529.96,5506.85,,
45931,5581.21,5529.96,,
45932,5645.81,5581.21,,
45933,5651.71,5645.81,,
45936,5628.72,5651.71,,
45937,5613.62,5628.72,,
45938,5649.73,5613.62,,
45939,5625.56,5649.73,,
45940,5531.32,5625.56,,
45943,5568.19,5531.32,,
45944,5552.05,5568.19,,
45945,5605.03,5552.05,,
45946,5652.01,5605.03,,
45947,5607.39,5652.01,,
45950,5680.93,5607.39,,
45951,5686.83,5680.93,,
45952,5639.21,5686.83,,
45953,5668.33,5639.21,,
45954,5674.5,5668.33,,
45957,5711.06,5674.5,,
45958,5704.35,5711.06,,
45959,5705.81,5704.35,,
45960,5699.18,5705.81,,
45961,5662.04,5699.18,,
45964,5679.25,5662.04,,
45965,5660.2,5679.25,,
45966,5669.13,5660.2,,
45967,5611.18,5669.13,,
45968,5566.53,5611.18,,
45971,5664.46,5566.53,,
45972,5725.7,5664.46,,
45973,5787.31,5725.7,,
45974,5742.79,5787.31,,
45975,5693.77,5742.79,,
45978,5640.94,5693.77,,
45979,5534.71,5640.94,,
45980,5542.05,5534.71,,
45981,5569.92,5542.05,,
45982,5515.09,5569.92,,
45985,5528.67,5515.09,,
45986,5573.91,5528.67,,
45987,5655.58,5573.91,,
45988,5653.17,5655.58,,
45989,5668.17,5653.17,,
45992,5667.48,5668.17,,
45993,5686.17,5667.48,,
45994,5694.56,5686.17,,
45995,5718.08,5694.56,,
45996,5723.93,5718.08,,
45999,5725.59,5723.93,,
46000,5718.32,5725.59,,
46001,5708.12,5718.32,,
46002,5753.96,5708.12,,
46003,5720.71,5753.96,,
46006,5752.52,5720.71,,
46007,5717.83,5752.52,,
46008,5681.67,5717.83,,
46009,5741.71,5681.67,,
46010,5760.35,5741.71,,
46013,5743.69,5760.35,,
46014,5749.28,5743.69,,
46015,5746.24,5749.28,,
46020,5751.71,5746.24,,
46021,5796.22,5751.71,,
46022,5791.41,5796.22,,
46024,5850.38,5791.41,,
46027,5923.69,5850.38,,
46028,5931.79,5923.69,,
46029,5923.57,5931.79,,
46030,5904.32,5923.57,,
46031,5997.47,5904.32,,
46034,6016.3,5997.47,,
46035,6029.83,6016.3,,
46036,6005.05,6029.83,,
46037,6041.14,6005.05,,
46038,6029.45,6041.14,,
46041,5925.82,6029.45,,
46042,5892.08,5925.82,,
46043,5882.88,5892.08,,
46044,5956.17,5882.88,,
46045,5948.2,5956.17,,
46048,5957.8,5948.2,,
46049,5994.59,5957.8,,
46050,5933.2,5994.59,,
46051,5891.95,5933.2,,
46052,5947.81,5891.95,,
46055,6007.51,5947.81,,
46056,5995.35,6007.51,,
46057,5970.47,5995.35,,
46058,5925.7,5970.47,,
46059,5998.4,5925.7,,
46062,6059.01,5998.4,,
46063,6047.06,6059.01,,
46064,6035.64,6047.06,,
46065,6011.29,6035.64,,
46066,5985.23,6011.29,,
46069,5978.88,5985.23,,
46070,6021.85,5978.88,,
46071,6103.37,6021.85,,
46072,6059.62,6103.37,,
46073,6131.31,6059.62,,
46076,6113.92,6131.31,,
46077,6116.6,6113.92,,
46078,6173.32,6116.6,,
46079,6161.56,6173.32,,
46080,6138.41,6161.56,,
46083,5986.93,6138.41,,
46084,5771.73,5986.93,,
46085,5870.92,5771.73,,
46086,5782.89,5870.92,,
46087,5719.9,5782.89,,
46090,5685.2,5719.9,,
46091,5837.17,5685.2,,
46092,5794.68,5837.17,,
46093,5748.89,5794.68,,
46094,5716.61,5748.89,,
46097,5739.01,5716.61,,
46098,5769.25,5739.01,,
46099,5736.85,5769.25,,
46100,5613.83,5736.85,,
46101,5501.28,5613.83,,
46104,5574.32,5501.28,,
46105,5581.29,5574.32,,
46106,5649.33,5581.29,,
46107,5565.93,5649.33,,
46108,5505.8,5565.93,,
46111,5541.79,5505.8,,
46112,5569.73,5541.79,,
46113,5732.71,5569.73,,
46114,5692.86,5732.71,,
46119,5633.22,5692.86,,
46120,5913.37,5633.22,,
46121,5896.29,5913.37,,
46122,5926.11,5896.29,,
46125,5905.02,5926.11,,
46126,5984.51,5905.02,,
46127,5940.34,5984.51,,
46128,5933.28,5940.34,,
46129,6057.71,5933.28,,
46132,5982.63,6057.71,,
46133,5930.25,5982.63,,
46134,5906.22,5930.25,,
46135,5894.73,5906.22,,
46136,5883.48,5894.73,,
46139,5860.32,5883.48,,
46140,5836.1,5860.32,,
46141,5816.48,5836.1,,
46142,5881.51,5816.48,,
46143,5881.51,5881.51,,
46146,5763.61,5881.51,,
46147,5869.63,5763.61,,