XAU BGN Curncy,,,,
40179,1097.35,1096.98,,
40182,1121.28,1097.35,,
40183,1118.05,1121.28,,
40184,1138.25,1118.05,,
40185,1131.75,1138.25,,
40186,1138.23,1131.75,,
40189,1151.85,1138.23,,
40190,1128.48,1151.85,,
40191,1138.18,1128.48,,
40192,1142.75,1138.18,,
40193,1130.93,1142.75,,
40196,1134.1,1130.93,,
40197,1138.35,1134.1,,
40198,1111.3,1138.35,,
40199,1094.05,1111.3,,
40200,1093.23,1094.05,,
40203,1098.4,1093.23,,
40204,1097.65,1098.4,,
40205,1087.95,1097.65,,
40206,1086.95,1087.95,,
40207,1081.2,1086.95,,
40210,1105.55,1081.2,,
40211,1114.45,1105.55,,
40212,1109.8,1114.45,,
40213,1063.53,1109.8,,
40214,1066.25,1063.53,,
40217,1062.85,1066.25,,
40218,1078.1,1062.85,,
40219,1072.1,1078.1,,
40220,1095.47,1072.1,,
40221,1097.1,1095.47,,
40224,1100.9,1097.1,,
40225,1119.4,1100.9,,
40226,1106.85,1119.4,,
40227,1109,1106.85,,
40228,1119.2,1109,,
40231,1114.28,1119.2,,
40232,1103.33,1114.28,,
40233,1097.63,1103.33,,
40234,1106.2,1097.63,,
40235,1117.59,1106.2,,
40238,1118.85,1117.59,,
40239,1134.65,1118.85,,
40240,1139.95,1134.65,,
40241,1132.1,1139.95,,
40242,1134.9,1132.1,,
40245,1123.63,1134.9,,
40246,1121.85,1123.63,,
40247,1108.5,1121.85,,
40248,1109.55,1108.5,,
40249,1101.85,1109.55,,
40252,1108.45,1101.85,,
40253,1127.78,1108.45,,
40254,1120.43,1127.78,,
40255,1127.4,1120.43,,
40256,1107.05,1127.4,,
40259,1102.2,1107.05,,
40260,1105.18,1102.2,,
40261,1086.7,1105.18,,
40262,1090.5,1086.7,,
40263,1107.25,1090.5,,
40266,1109.78,1107.25,,
40267,1103.55,1109.78,,
40268,1113.25,1103.55,,
40269,1126.78,1113.25,,
40270,1123.8,1126.78,,
40273,1131.85,1123.8,,
40274,1134.28,1131.85,,
40275,1149.4,1134.28,,
40276,1150.61,1149.4,,
40277,1161.75,1150.61,,
40280,1156.3,1161.75,,
40281,1150.68,1156.3,,
40282,1155.4,1150.68,,
40283,1159.26,1155.4,,
40284,1137.41,1159.26,,
40287,1135.75,1137.41,,
40288,1140.76,1135.75,,
40289,1146.78,1140.76,,
40290,1141.58,1146.78,,
40291,1157.73,1141.58,,
40294,1153.53,1157.73,,
40295,1167.95,1153.53,,
40296,1165.78,1167.95,,
40297,1167.03,1165.78,,
40298,1179.03,1167.03,,
40301,1182.23,1179.03,,
40302,1171.01,1182.23,,
40303,1175.08,1171.01,,
40304,1208.7,1175.08,,
40305,1208.4,1208.7,,
40308,1203.14,1208.4,,
40309,1232.7,1203.14,,
40310,1239,1232.7,,
40311,1232.65,1239,,
40312,1232.98,1232.65,,
40315,1222.3,1232.98,,
40316,1225.18,1222.3,,
40317,1193.73,1225.18,,
40318,1182.45,1193.73,,
40319,1177.08,1182.45,,
40322,1191.73,1177.08,,
40323,1204.35,1191.73,,
40324,1211.7,1204.35,,
40325,1212.63,1211.7,,
40326,1214.73,1212.63,,
40329,1216.3,1214.73,,
40330,1225.78,1216.3,,
40331,1223.55,1225.78,,
40332,1206.55,1223.55,,
40333,1220.03,1206.55,,
40336,1240.35,1220.03,,
40337,1236.58,1240.35,,
40338,1233.4,1236.58,,
40339,1216.53,1233.4,,
40340,1226.58,1216.53,,
40343,1221.15,1226.58,,
40344,1234.25,1221.15,,
40345,1229.1,1234.25,,
40346,1245.16,1229.1,,
40347,1256.8,1245.16,,
40350,1233.65,1256.8,,
40351,1239.9,1233.65,,
40352,1237.33,1239.9,,
40353,1243.35,1237.33,,
40354,1255.68,1243.35,,
40357,1238.94,1255.68,,
40358,1240.58,1238.94,,
40359,1242.38,1240.58,,
40360,1198.69,1242.38,,
40361,1211.65,1198.69,,
40364,1208.93,1211.65,,
40365,1192.6,1208.93,,
40366,1202.78,1192.6,,
40367,1198.25,1202.78,,
40368,1211.71,1198.25,,
40371,1196.85,1211.71,,
40372,1212.3,1196.85,,
40373,1208.47,1212.3,,
40374,1208.3,1208.47,,
40375,1193,1208.3,,
40378,1182.93,1193,,
40379,1192.2,1182.93,,
40380,1185,1192.2,,
40381,1194.98,1185,,
40382,1189.14,1194.98,,
40385,1183.5,1189.14,,
40386,1161.6,1183.5,,
40387,1163.1,1161.6,,
40388,1168.1,1163.1,,
40389,1181,1168.1,,
40392,1182.75,1181,,
40393,1186.25,1182.75,,
40394,1194.83,1186.25,,
40395,1194.96,1194.83,,
40396,1205.4,1194.96,,
40399,1201.23,1205.4,,
40400,1204.3,1201.23,,
40401,1198.15,1204.3,,
40402,1213.95,1198.15,,
40403,1215.43,1213.95,,
40406,1225.35,1215.43,,
40407,1224.83,1225.35,,
40408,1229.3,1224.83,,
40409,1231.96,1229.3,,
40410,1227.89,1231.96,,
40413,1226.15,1227.89,,
40414,1230.5,1226.15,,
40415,1240.15,1230.5,,
40416,1237.6,1240.15,,
40417,1237.83,1237.6,,
40420,1237,1237.83,,
40421,1247.4,1237,,
40422,1244.3,1247.4,,
40423,1251.06,1244.3,,
40424,1246.55,1251.06,,
40427,1249.95,1246.55,,
40428,1255.7,1249.95,,
40429,1254.95,1255.7,,
40430,1243.6,1254.95,,
40431,1245.98,1243.6,,
40434,1245.55,1245.98,,
40435,1268.33,1245.55,,
40436,1268.15,1268.33,,
40437,1275.25,1268.15,,
40438,1274.18,1275.25,,
40441,1278.25,1274.18,,
40442,1287.38,1278.25,,
40443,1291.41,1287.38,,
40444,1292.4,1291.41,,
40445,1296.63,1292.4,,
40448,1294.5,1296.63,,
40449,1308.95,1294.5,,
40450,1309.8,1308.95,,
40451,1308.54,1309.8,,
40452,1319.03,1308.54,,
40455,1315.35,1319.03,,
40456,1340.54,1315.35,,
40457,1349.01,1340.54,,
40458,1333.55,1349.01,,
40459,1346.85,1333.55,,
40462,1354.15,1346.85,,
40463,1350.55,1354.15,,
40464,1372.28,1350.55,,
40465,1381.25,1372.28,,
40466,1368.4,1381.25,,
40469,1368.6,1368.4,,
40470,1332,1368.6,,
40471,1346.04,1332,,
40472,1325.72,1346.04,,
40473,1328.55,1325.72,,
40476,1339.91,1328.55,,
40477,1340.54,1339.91,,
40478,1325.3,1340.54,,
40479,1343.91,1325.3,,
40480,1359.4,1343.91,,
40483,1353.83,1359.4,,
40484,1357.5,1353.83,,
40485,1348.54,1357.5,,
40486,1392.53,1348.54,,
40487,1393.63,1392.53,,
40490,1409.43,1393.63,,
40491,1393.14,1409.43,,
40492,1403.98,1393.14,,
40493,1408.8,1403.98,,
40494,1368.75,1408.8,,
40497,1360.58,1368.75,,
40498,1339.63,1360.58,,
40499,1336.05,1339.63,,
40500,1353.43,1336.05,,
40501,1353.63,1353.43,,
40504,1366.8,1353.63,,
40505,1376.45,1366.8,,
40506,1373.31,1376.45,,
40507,1375.35,1373.31,,
40508,1363.8,1375.35,,
40511,1366.31,1363.8,,
40512,1386.23,1366.31,,
40513,1387.9,1386.23,,
40514,1385.15,1387.9,,
40515,1414.08,1385.15,,
40518,1423.75,1414.08,,
40519,1402.08,1423.75,,
40520,1382.03,1402.08,,
40521,1387.11,1382.03,,
40522,1386.13,1387.11,,
40525,1394.13,1386.13,,
40526,1396.2,1394.13,,
40527,1380.84,1396.2,,
40528,1370.18,1380.84,,
40529,1375.38,1370.18,,
40532,1385.3,1375.38,,
40533,1385.6,1385.3,,
40534,1385.3,1385.6,,
40535,1380,1385.3,,
40536,1384.65,1380,,
40539,1383.78,1384.65,,
40540,1405.95,1383.78,,
40541,1411.78,1405.95,,
40542,1404.65,1411.78,,
40543,1421.4,1404.65,,
40546,1414.8,1421.4,,
40547,1380.5,1414.8,,
40548,1378.25,1380.5,,
40549,1371.56,1378.25,,
40550,1369.54,1371.56,,
40553,1375.71,1369.54,,
40554,1381.58,1375.71,,
40555,1387.9,1381.58,,
40556,1373.6,1387.9,,
40557,1361.85,1373.6,,
40560,1361.61,1361.85,,
40561,1368.34,1361.61,,
40562,1369.86,1368.34,,
40563,1346.25,1369.86,,
40564,1342.68,1346.25,,
40567,1334.4,1342.68,,
40568,1332.43,1334.4,,
40569,1346,1332.43,,
40570,1313.53,1346,,
40571,1336.78,1313.53,,
40574,1332.68,1336.78,,
40575,1341.4,1332.68,,
40576,1335.25,1341.4,,
40577,1354.35,1335.25,,
40578,1348.93,1354.35,,
40581,1351.28,1348.93,,
40582,1363.98,1351.28,,
40583,1363.73,1363.98,,
40584,1363.8,1363.73,,
40585,1356.95,1363.8,,
40588,1361.78,1356.95,,
40589,1373.85,1361.78,,
40590,1374.39,1373.85,,
40591,1384.08,1374.39,,
40592,1389.99,1384.08,,
40595,1406.45,1389.99,,
40596,1399.14,1406.45,,
40597,1411.64,1399.14,,
40598,1402.66,1411.64,,
40599,1410.65,1402.66,,
40602,1411.33,1410.65,,
40603,1433.38,1411.33,,
40604,1434.4,1433.38,,
40605,1415.88,1434.4,,
40606,1430.95,1415.88,,
40609,1432.05,1430.95,,
40610,1428.88,1432.05,,
40611,1430.75,1428.88,,
40612,1411.85,1430.75,,
40613,1417.65,1411.85,,
40616,1426.43,1417.65,,
40617,1395.7,1426.43,,
40618,1399.03,1395.7,,
40619,1403.81,1399.03,,
40620,1418.56,1403.81,,
40623,1427.79,1418.56,,
40624,1427.85,1427.79,,
40625,1437.43,1427.85,,
40626,1430.43,1437.43,,
40627,1429.88,1430.43,,
40630,1420.3,1429.88,,
40631,1418.45,1420.3,,
40632,1422.98,1418.45,,
40633,1432.2,1422.98,,
40634,1428.73,1432.2,,
40637,1434.03,1428.73,,
40638,1455.85,1434.03,,
40639,1459.75,1455.85,,
40640,1458.2,1459.75,,
40641,1474.91,1458.2,,
40644,1463.15,1474.91,,
40645,1452.98,1463.15,,
40646,1457.36,1452.98,,
40647,1474.15,1457.36,,
40648,1486.88,1474.15,,
40651,1495.3,1486.88,,
40652,1496.4,1495.3,,
40653,1502.4,1496.4,,
40654,1504.88,1502.4,,
40655,1507.04,1504.88,,
40658,1507.23,1507.04,,
40659,1506.25,1507.23,,
40660,1527.05,1506.25,,
40661,1536.2,1527.05,,
40662,1563.7,1536.2,,
40665,1545.45,1563.7,,
40666,1535.9,1545.45,,
40667,1516.22,1535.9,,
40668,1474.3,1516.22,,
40669,1495.58,1474.3,,
40672,1513.73,1495.58,,
40673,1516.26,1513.73,,
40674,1501.41,1516.26,,
40675,1505.88,1501.41,,
40676,1495.15,1505.88,,
40679,1489.33,1495.15,,
40680,1486.7,1489.33,,
40681,1496.98,1486.7,,
40682,1493.28,1496.98,,
40683,1512.23,1493.28,,
40686,1517.1,1512.23,,
40687,1526.64,1517.1,,
40688,1525.35,1526.64,,
40689,1519.2,1525.35,,
40690,1536.4,1519.2,,
40693,1538.46,1536.4,,
40694,1535.73,1538.46,,
40695,1539.83,1535.73,,
40696,1533.65,1539.83,,
40697,1542.28,1533.65,,
40700,1544.58,1542.28,,
40701,1544.13,1544.58,,
40702,1537.6,1544.13,,
40703,1543.98,1537.6,,
40704,1531.27,1543.98,,
40707,1515.65,1531.27,,
40708,1523.98,1515.65,,
40709,1530.98,1523.98,,
40710,1529.58,1530.98,,
40711,1539.4,1529.58,,
40714,1540.6,1539.4,,
40715,1546.28,1540.6,,
40716,1548.95,1546.28,,
40717,1521.4,1548.95,,
40718,1502.55,1521.4,,
40721,1497.93,1502.55,,
40722,1501.25,1497.93,,
40723,1512.33,1501.25,,
40724,1500.18,1512.33,,
40725,1487.43,1500.18,,
40728,1496.2,1487.43,,
40729,1515.7,1496.2,,
40730,1528.98,1515.7,,
40731,1532.36,1528.98,,
40732,1544.15,1532.36,,
40735,1553.48,1544.15,,
40736,1567.76,1553.48,,
40737,1582.38,1567.76,,
40738,1587.23,1582.38,,
40739,1593.6,1587.23,,
40742,1604.79,1593.6,,
40743,1588.5,1604.79,,
40744,1600.4,1588.5,,
40745,1590.55,1600.4,,
40746,1601.33,1590.55,,
40749,1614.02,1601.33,,
40750,1619.32,1614.02,,
40751,1613.47,1619.32,,
40752,1615.95,1613.47,,
40753,1627.05,1615.95,,
40756,1619.38,1627.05,,
40757,1659.4,1619.38,,
40758,1661.72,1659.4,,
40759,1646.52,1661.72,,
40760,1663.95,1646.52,,
40763,1719.45,1663.95,,
40764,1740.95,1719.45,,
40765,1793.27,1740.95,,
40766,1763.92,1793.27,,
40767,1746.68,1763.92,,
40770,1766.02,1746.68,,
40771,1785.55,1766.02,,
40772,1791.25,1785.55,,
40773,1823.9,1791.25,,
40774,1852.07,1823.9,,
40777,1897.46,1852.07,,
40778,1828.63,1897.46,,
40779,1759.13,1828.63,,
40780,1774.45,1759.13,,
40781,1827.15,1774.45,,
40784,1788.4,1827.15,,
40785,1835.52,1788.4,,
40786,1825.55,1835.52,,
40787,1826.1,1825.55,,
40788,1882.96,1826.1,,
40791,1900.2,1882.96,,
40792,1875.25,1900.2,,
40793,1817.71,1875.25,,
40794,1870.2,1817.71,,
40795,1855.57,1870.2,,
40798,1815.25,1855.57,,
40799,1833.67,1815.25,,
40800,1819.8,1833.67,,
40801,1788.72,1819.8,,
40802,1811.38,1788.72,,
40805,1778.85,1811.38,,
40806,1803.69,1778.85,,
40807,1782.3,1803.69,,
40808,1740.39,1782.3,,
40809,1656.74,1740.39,,
40812,1626.88,1656.74,,
40813,1650.72,1626.88,,
40814,1609.16,1650.72,,
40815,1614.69,1609.16,,
40816,1623.79,1614.69,,
40819,1658.3,1623.79,,
40820,1623.82,1658.3,,
40821,1640.85,1623.82,,
40822,1651.36,1640.85,,
40823,1637.85,1651.36,,
40826,1676.65,1637.85,,
40827,1662.3,1676.65,,
40828,1676.3,1662.3,,
40829,1668.05,1676.3,,
40830,1680.95,1668.05,,
40833,1670.8,1680.95,,
40834,1657.97,1670.8,,
40835,1640.75,1657.97,,
40836,1620.66,1640.75,,
40837,1641.85,1620.66,,
40840,1653.48,1641.85,,
40841,1705.27,1653.48,,
40842,1724.64,1705.27,,
40843,1744.95,1724.64,,
40844,1743.42,1744.95,,
40847,1714.7,1743.42,,
40848,1719.55,1714.7,,
40849,1737.8,1719.55,,
40850,1763.67,1737.8,,
40851,1754.65,1763.67,,
40854,1794.9,1754.65,,
40855,1786.32,1794.9,,
40856,1769.7,1786.32,,
40857,1758.5,1769.7,,
40858,1788.63,1758.5,,
40861,1780.3,1788.63,,
40862,1780.9,1780.3,,
40863,1763.35,1780.9,,
40864,1721.52,1763.35,,
40865,1723.92,1721.52,,
40868,1677.57,1723.92,,
40869,1699.9,1677.57,,
40870,1692.41,1699.9,,
40871,1697.42,1692.41,,
40872,1683.52,1697.42,,
40875,1712.35,1683.52,,
40876,1715.67,1712.35,,
40877,1746.35,1715.67,,
40878,1744.8,1746.35,,
40879,1746.59,1744.8,,
40882,1722.67,1746.59,,
40883,1728.55,1722.67,,
40884,1741.89,1728.55,,
40885,1708.27,1741.89,,
40886,1711.47,1708.27,,
40889,1666.49,1711.47,,
40890,1631.5,1666.49,,
40891,1573.9,1631.5,,
40892,1570.52,1573.9,,
40893,1598.95,1570.52,,
40896,1594.35,1598.95,,
40897,1615.69,1594.35,,
40898,1615.17,1615.69,,
40899,1606.07,1615.17,,
40900,1606.88,1606.07,,
40903,1607.25,1606.88,,
40904,1592.95,1607.25,,
40905,1556.8,1592.95,,
40906,1545.65,1556.8,,
40907,1564.91,1545.65,,
40910,1566.37,1564.91,,
40911,1603.95,1566.37,,
40912,1611.95,1603.95,,
40913,1622.71,1611.95,,
40914,1617.08,1622.71,,
40917,1611.15,1617.08,,
40918,1632.33,1611.15,,
40919,1641.99,1632.33,,
40920,1649.99,1641.99,,
40921,1638.92,1649.99,,
40924,1643.88,1638.92,,
40925,1652.38,1643.88,,
40926,1659.84,1652.38,,
40927,1658.5,1659.84,,
40928,1666.6,1658.5,,
40931,1676.85,1666.6,,
40932,1665.25,1676.85,,
40933,1710.8,1665.25,,
40934,1720.08,1710.8,,
40935,1738.95,1720.08,,
40938,1729.85,1738.95,,
40939,1737.76,1729.85,,
40940,1743.53,1737.76,,
40941,1759.55,1743.53,,
40942,1726.33,1759.55,,
40945,1720.25,1726.33,,
40946,1745.45,1720.25,,
40947,1733.13,1745.45,,
40948,1729.54,1733.13,,
40949,1721.85,1729.54,,
40952,1722.25,1721.85,,
40953,1720.23,1722.25,,
40954,1728.18,1720.23,,
40955,1728.25,1728.18,,
40956,1723.49,1728.25,,
40959,1734.93,1723.49,,
40960,1759.25,1734.93,,
40961,1776.3,1759.25,,
40962,1780.78,1776.3,,
40963,1772.35,1780.78,,
40966,1767.65,1772.35,,
40967,1784.25,1767.65,,
40968,1696.76,1784.25,,
40969,1718.25,1696.76,,
40970,1712.45,1718.25,,
40973,1706.32,1712.45,,
40974,1674.38,1706.32,,
40975,1684.91,1674.38,,
40976,1699.85,1684.91,,
40977,1713.85,1699.85,,
40980,1701.34,1713.85,,
40981,1674.03,1701.34,,
40982,1644.79,1674.03,,
40983,1658.66,1644.79,,
40984,1659.98,1658.66,,
40987,1664.5,1659.98,,
40988,1650.86,1664.5,,
40989,1650.55,1650.86,,
40990,1645.91,1650.55,,
40991,1661.7,1645.91,,
40994,1690.18,1661.7,,
40995,1680.75,1690.18,,
40996,1663.55,1680.75,,
40997,1661.57,1663.55,,
40998,1668.15,1661.57,,
41001,1677.75,1668.15,,
41002,1645.85,1677.75,,
41003,1620.55,1645.85,,
41004,1631.15,1620.55,,
41005,1640.3,1631.15,,
41008,1640.26,1640.3,,
41009,1659.93,1640.26,,
41010,1658.98,1659.93,,
41011,1675.78,1658.98,,
41012,1658.38,1675.78,,
41015,1652.01,1658.38,,
41016,1649.59,1652.01,,
41017,1642.24,1649.59,,
41018,1642.82,1642.24,,
41019,1643.05,1642.82,,
41022,1638.84,1643.05,,
41023,1642.25,1638.84,,
41024,1643.72,1642.25,,
41025,1657.35,1643.72,,
41026,1662.85,1657.35,,
41029,1664.75,1662.85,,
41030,1662.4,1664.75,,
41031,1653.45,1662.4,,
41032,1636.05,1653.45,,
41033,1642.35,1636.05,,
41036,1638.45,1642.35,,
41037,1605.4,1638.45,,
41038,1589.55,1605.4,,
41039,1594.01,1589.55,,
41040,1579.35,1594.01,,
41043,1556.73,1579.35,,
41044,1544.1,1556.73,,
41045,1539.75,1544.1,,
41046,1574.14,1539.75,,
41047,1593.03,1574.14,,
41050,1593.33,1593.03,,
41051,1568.5,1593.33,,
41052,1561.53,1568.5,,
41053,1559.3,1561.53,,
41054,1573,1559.3,,
41057,1573.33,1573,,
41058,1555.34,1573.33,,
41059,1562.93,1555.34,,
41060,1560.51,1562.93,,
41061,1624,1560.51,,
41064,1619,1624,,
41065,1617.05,1619,,
41066,1619.55,1617.05,,
41067,1589.32,1619.55,,
41068,1593.4,1589.32,,
41071,1596.8,1593.4,,
41072,1609.71,1596.8,,
41073,1617.16,1609.71,,
41074,1623.6,1617.16,,
41075,1627.1,1623.6,,
41078,1628.09,1627.1,,
41079,1618.39,1628.09,,
41080,1607.5,1618.39,,
41081,1566.37,1607.5,,
41082,1572.43,1566.37,,
41085,1584.38,1572.43,,
41086,1572.86,1584.38,,
41087,1574.19,1572.86,,
41088,1552.68,1574.19,,
41089,1597.45,1552.68,,
41092,1597.01,1597.45,,
41093,1617.45,1597.01,,
41094,1615.65,1617.45,,
41095,1604.58,1615.65,,
41096,1583.85,1604.58,,
41099,1587.65,1583.85,,
41100,1567.15,1587.65,,
41101,1576.38,1567.15,,
41102,1571.73,1576.38,,
41103,1589.6,1571.73,,
41106,1589.4,1589.6,,
41107,1583.41,1589.4,,
41108,1573.45,1583.41,,
41109,1581.54,1573.45,,
41110,1584.53,1581.54,,
41113,1576.75,1584.53,,
41114,1581.18,1576.75,,
41115,1603.85,1581.18,,
41116,1615.85,1603.85,,
41117,1623.2,1615.85,,
41120,1621.96,1623.2,,
41121,1614.58,1621.96,,
41122,1599.58,1614.58,,
41123,1588.05,1599.58,,
41124,1603.55,1588.05,,
41127,1610.68,1603.55,,
41128,1612.35,1610.68,,
41129,1612.55,1612.35,,
41130,1617.18,1612.55,,
41131,1620.15,1617.18,,
41134,1609.75,1620.15,,
41135,1599.05,1609.75,,
41136,1603.1,1599.05,,
41137,1615.13,1603.1,,
41138,1616.4,1615.13,,
41141,1620.5,1616.4,,
41142,1637.8,1620.5,,
41143,1654.5,1637.8,,
41144,1670.53,1654.5,,
41145,1670.5,1670.53,,
41148,1663.97,1670.5,,
41149,1666.75,1663.97,,
41150,1656.5,1666.75,,
41151,1655.6,1656.5,,
41152,1691.85,1655.6,,
41155,1692.33,1691.85,,
41156,1695.88,1692.33,,
41157,1692.93,1695.88,,
41158,1700.33,1692.93,,
41159,1735.85,1700.33,,
41162,1726.06,1735.85,,
41163,1731.88,1726.06,,
41164,1730.75,1731.88,,
41165,1767.12,1730.75,,
41166,1770.5,1767.12,,
41169,1761.25,1770.5,,
41170,1771.31,1761.25,,
41171,1770.3,1771.31,,
41172,1768.53,1770.3,,
41173,1773.1,1768.53,,
41176,1764.4,1773.1,,
41177,1760.64,1764.4,,
41178,1752.75,1760.64,,
41179,1777.38,1752.75,,
41180,1772.25,1777.38,,
41183,1775.43,1772.25,,
41184,1774.57,1775.43,,
41185,1777.88,1774.57,,
41186,1790.15,1777.88,,
41187,1780.7,1790.15,,
41190,1774.55,1780.7,,
41191,1764.2,1774.55,,
41192,1762.29,1764.2,,
41193,1767.18,1762.29,,
41194,1754.03,1767.18,,
41197,1737.4,1754.03,,
41198,1747.47,1737.4,,
41199,1750.15,1747.47,,
41200,1741.4,1750.15,,
41201,1721.75,1741.4,,
41204,1728.6,1721.75,,
41205,1707.63,1728.6,,
41206,1702.04,1707.63,,
41207,1712.1,1702.04,,
41208,1711.2,1712.1,,
41211,1709.25,1711.2,,
41212,1709.6,1709.25,,
41213,1720.65,1709.6,,
41214,1714.2,1720.65,,
41215,1678,1714.2,,
41218,1684.97,1678,,
41219,1716,1684.97,,
41220,1717.55,1716,,
41221,1731.4,1717.55,,
41222,1731.07,1731.4,,
41225,1728.2,1731.07,,
41226,1724.95,1728.2,,
41227,1726.5,1724.95,,
41228,1715.75,1726.5,,
41229,1713.72,1715.75,,
41232,1731.72,1713.72,,
41233,1727.05,1731.72,,
41234,1728.69,1727.05,,
41235,1729.55,1728.69,,
41236,1753,1729.55,,
41239,1748.7,1753,,
41240,1742.09,1748.7,,
41241,1719.69,1742.09,,
41242,1725.74,1719.69,,
41243,1714.98,1725.74,,
41246,1715.96,1714.98,,
41247,1697.59,1715.96,,
41248,1693.9,1697.59,,
41249,1699.88,1693.9,,
41250,1704.07,1699.88,,
41253,1713.11,1704.07,,
41254,1709.95,1713.11,,
41255,1711.71,1709.95,,
41256,1697.1,1711.71,,
41257,1696.15,1697.1,,
41260,1698.32,1696.15,,
41261,1671.23,1698.32,,
41262,1667.18,1671.23,,
41263,1647.92,1667.18,,
41264,1657.22,1647.92,,
41267,1657.84,1657.22,,
41268,1657.98,1657.84,,
41269,1659.45,1657.98,,
41270,1664.1,1659.45,,
41271,1655.7,1664.1,,
41274,1675.35,1655.7,,
41275,1675.92,1675.35,,
41276,1686.89,1675.92,,
41277,1663.99,1686.89,,
41278,1656.1,1663.99,,
41281,1646.92,1656.1,,
41282,1659.13,1646.92,,
41283,1657.63,1659.13,,
41284,1675.36,1657.63,,
41285,1662.98,1675.36,,
41288,1667.8,1662.98,,
41289,1679.62,1667.8,,
41290,1679.93,1679.62,,
41291,1687.64,1679.93,,
41292,1684.25,1687.64,,
41295,1690.05,1684.25,,
41296,1692.75,1690.05,,
41297,1685.84,1692.75,,
41298,1667.97,1685.84,,
41299,1658.65,1667.97,,
41302,1655.61,1658.65,,
41303,1663.8,1655.61,,
41304,1677,1663.8,,
41305,1663.7,1677,,
41306,1667.4,1663.7,,
41309,1674.3,1667.4,,
41310,1672.95,1674.3,,
41311,1677.57,1672.95,,
41312,1671.4,1677.57,,
41313,1667.25,1671.4,,
41316,1648.07,1667.25,,
41317,1651.33,1648.07,,
41318,1642.5,1651.33,,
41319,1634.85,1642.5,,
41320,1610.15,1634.85,,
41323,1609.78,1610.15,,
41324,1605.05,1609.78,,
41325,1564.55,1605.05,,
41326,1576.27,1564.55,,
41327,1581.16,1576.27,,
41330,1593.46,1581.16,,
41331,1613.76,1593.46,,
41332,1597.1,1613.76,,
41333,1579.61,1597.1,,
41334,1576.18,1579.61,,
41337,1573.83,1576.18,,
41338,1575.5,1573.83,,
41339,1583.97,1575.5,,
41340,1579,1583.97,,
41341,1578.97,1579,,
41344,1581.6,1578.97,,
41345,1592.8,1581.6,,
41346,1587.7,1592.8,,
41347,1590.19,1587.7,,
41348,1592.1,1590.19,,
41351,1605.49,1592.1,,
41352,1612.87,1605.49,,
41353,1606.92,1612.87,,
41354,1614.85,1606.92,,
41355,1608.55,1614.85,,
41358,1605.3,1608.55,,
41359,1600.05,1605.3,,
41360,1605.27,1600.05,,
41361,1596.97,1605.27,,
41362,1597.5,1596.97,,
41365,1599.52,1597.5,,
41366,1575.89,1599.52,,
41367,1557.9,1575.89,,
41368,1554.8,1557.9,,
41369,1581.25,1554.8,,
41372,1573.47,1581.25,,
41373,1585.35,1573.47,,
41374,1558.42,1585.35,,
41375,1561.5,1558.42,,
41376,1482.75,1561.5,,
41379,1348.21,1482.75,,
41380,1367.36,1348.21,,
41381,1376.25,1367.36,,
41382,1390.5,1376.25,,
41383,1403.79,1390.5,,
41386,1426.45,1403.79,,
41387,1413,1426.45,,
41388,1431.99,1413,,
41389,1467.9,1431.99,,
41390,1461.92,1467.9,,
41393,1475.84,1461.92,,
41394,1476.71,1475.84,,
41395,1457.64,1476.71,,
41396,1467.07,1457.64,,
41397,1470.75,1467.07,,
41400,1469.46,1470.75,,
41401,1452.7,1469.46,,
41402,1473.94,1452.7,,
41403,1458.15,1473.94,,
41404,1448.55,1458.15,,
41407,1430.59,1448.55,,
41408,1425.46,1430.59,,
41409,1393.03,1425.46,,
41410,1385.97,1393.03,,
41411,1359.5,1385.97,,
41414,1393.85,1359.5,,
41415,1376.29,1393.85,,
41416,1370.27,1376.29,,
41417,1391.05,1370.27,,
41418,1386.64,1391.05,,
41421,1394.78,1386.64,,
41422,1381.12,1394.78,,
41423,1392.95,1381.12,,
41424,1414,1392.95,,
41425,1387.8,1414,,
41428,1411.35,1387.8,,
41429,1399.56,1411.35,,
41430,1403.43,1399.56,,
41431,1413.97,1403.43,,
41432,1382.97,1413.97,,
41435,1386.5,1382.97,,
41436,1378.33,1386.5,,
41437,1389.02,1378.33,,
41438,1386.15,1389.02,,
41439,1390.67,1386.15,,
41442,1385.27,1390.67,,
41443,1367.67,1385.27,,
41444,1351.31,1367.67,,
41445,1284.97,1351.31,,
41446,1296.42,1284.97,,
41449,1282.39,1296.42,,
41450,1277.65,1282.39,,
41451,1226.59,1277.65,,
41452,1200.67,1226.59,,
41453,1234.53,1200.67,,
41456,1252.52,1234.53,,
41457,1243.43,1252.52,,
41458,1252.88,1243.43,,
41459,1249.89,1252.88,,
41460,1223.14,1249.89,,
41463,1236.98,1223.14,,
41464,1251.39,1236.98,,
41465,1259.72,1251.39,,
41466,1286.01,1259.72,,
41467,1285.59,1286.01,,
41470,1284.7,1285.59,,
41471,1292.13,1284.7,,
41472,1276.02,1292.13,,
41473,1284.23,1276.02,,
41474,1296.03,1284.23,,
41477,1335.82,1296.03,,
41478,1345.18,1335.82,,
41479,1322.14,1345.18,,
41480,1333.83,1322.14,,
41481,1333.16,1333.83,,
41484,1328.1,1333.16,,
41485,1326.37,1328.1,,
41486,1325.07,1326.37,,
41487,1310.2,1325.07,,
41488,1312.03,1310.2,,
41491,1303.01,1312.03,,
41492,1283.19,1303.01,,
41493,1287.61,1283.19,,
41494,1313.27,1287.61,,
41495,1314.46,1313.27,,
41498,1338.39,1314.46,,
41499,1321.67,1338.39,,
41500,1336.16,1321.67,,
41501,1366.18,1336.16,,
41502,1376.57,1366.18,,
41505,1366,1376.57,,
41506,1371.23,1366,,
41507,1366.66,1371.23,,
41508,1376.14,1366.66,,
41509,1397.73,1376.14,,
41512,1404.65,1397.73,,
41513,1415.15,1404.65,,
41514,1417.51,1415.15,,
41515,1407.79,1417.51,,
41516,1395.27,1407.79,,
41519,1389.77,1395.27,,
41520,1412.41,1389.77,,
41521,1391.57,1412.41,,
41522,1367.48,1391.57,,
41523,1391.8,1367.48,,
41526,1386.97,1391.8,,
41527,1363.88,1386.97,,
41528,1365.31,1363.88,,
41529,1321.73,1365.31,,
41530,1326.17,1321.73,,
41533,1312.79,1326.17,,
41534,1310.6,1312.79,,
41535,1363.77,1310.6,,
41536,1366.25,1363.77,,
41537,1325.85,1366.25,,
41540,1322.72,1325.85,,
41541,1323.26,1322.72,,
41542,1334.36,1323.26,,
41543,1324.08,1334.36,,
41544,1336.88,1324.08,,
41547,1329.03,1336.88,,
41548,1287.54,1329.03,,
41549,1316.03,1287.54,,
41550,1316.86,1316.03,,
41551,1311.09,1316.86,,
41554,1323.1,1311.09,,
41555,1319.29,1323.1,,
41556,1305.59,1319.29,,
41557,1287.6,1305.59,,
41558,1272.2,1287.6,,
41561,1272.48,1272.2,,
41562,1282.35,1272.48,,
41563,1282.51,1282.35,,
41564,1320.32,1282.51,,
41565,1316.25,1320.32,,
41568,1316.02,1316.25,,
41569,1340.11,1316.02,,
41570,1333.47,1340.11,,
41571,1346.75,1333.47,,
41572,1350.62,1346.75,,
41575,1352.63,1350.62,,
41576,1345.05,1352.63,,
41577,1344.55,1345.05,,
41578,1323.06,1344.55,,
41579,1316.18,1323.06,,
41582,1314.64,1316.18,,
41583,1311.68,1314.64,,
41584,1317.89,1311.68,,
41585,1307.63,1317.89,,
41586,1288.5,1307.63,,
41589,1282.81,1288.5,,
41590,1268.04,1282.81,,
41591,1281.75,1268.04,,
41592,1287.18,1281.75,,
41593,1290.18,1287.18,,
41596,1275.44,1290.18,,
41597,1275.72,1275.44,,
41598,1244.33,1275.72,,
41599,1242.91,1244.33,,
41600,1243.8,1242.91,,
41603,1251.38,1243.8,,
41604,1242.85,1251.38,,
41605,1237.9,1242.85,,
41606,1244.65,1237.9,,
41607,1253.35,1244.65,,
41610,1219.83,1253.35,,
41611,1223.42,1219.83,,
41612,1243.79,1223.42,,
41613,1225.23,1243.79,,
41614,1229.1,1225.23,,
41617,1240.35,1229.1,,
41618,1262.19,1240.35,,
41619,1252.32,1262.19,,
41620,1225.49,1252.32,,
41621,1238.69,1225.49,,
41624,1241.32,1238.69,,
41625,1230.89,1241.32,,
41626,1218.53,1230.89,,
41627,1188.68,1218.53,,
41628,1203.24,1188.68,,
41631,1198.86,1203.24,,
41632,1204.35,1198.86,,
41633,1204.62,1204.35,,
41634,1210.64,1204.62,,
41635,1213.27,1210.64,,
41638,1196.57,1213.27,,
41639,1201.64,1196.57,,
41640,1205.9,1201.64,,
41641,1224.6,1205.9,,
41642,1236.97,1224.6,,
41645,1238.06,1236.97,,
41646,1232.08,1238.06,,
41647,1225.99,1232.08,,
41648,1227.98,1225.99,,
41649,1248.5,1227.98,,
41652,1253.31,1248.5,,
41653,1245.19,1253.31,,
41654,1241.88,1245.19,,
41655,1242.39,1241.88,,
41656,1254.05,1242.39,,
41659,1254.35,1254.05,,
41660,1241.41,1254.35,,
41661,1237.15,1241.41,,
41662,1264.13,1237.15,,
41663,1270.06,1264.13,,
41666,1257.11,1270.06,,
41667,1256.83,1257.11,,
41668,1267.34,1256.83,,
41669,1243.78,1267.34,,
41670,1244.55,1243.78,,
41673,1257.65,1244.55,,
41674,1254.65,1257.65,,
41675,1257.92,1254.65,,
41676,1258.2,1257.92,,
41677,1267.27,1258.2,,
41680,1274.78,1267.27,,
41681,1291.36,1274.78,,
41682,1291.15,1291.36,,
41683,1302.92,1291.15,,
41684,1318.66,1302.92,,
41687,1331.5,1318.66,,
41688,1322.02,1331.5,,
41689,1311.6,1322.02,,
41690,1322.97,1311.6,,
41691,1324.25,1322.97,,
41694,1336.97,1324.25,,
41695,1340.5,1336.97,,
41696,1330.64,1340.5,,
41697,1331.29,1330.64,,
41698,1326.39,1331.29,,
41701,1350.61,1326.39,,
41702,1334.47,1350.61,,
41703,1336.86,1334.47,,
41704,1350.82,1336.86,,
41705,1339.98,1350.82,,
41708,1339.72,1339.98,,
41709,1349.01,1339.72,,
41710,1366.84,1349.01,,
41711,1370.28,1366.84,,
41712,1382.92,1370.28,,
41715,1367.07,1382.92,,
41716,1355.78,1367.07,,
41717,1329.59,1355.78,,
41718,1327.77,1329.59,,
41719,1334.69,1327.77,,
41722,1308.76,1334.69,,
41723,1311.17,1308.76,,
41724,1304.48,1311.17,,
41725,1291.31,1304.48,,
41726,1295.23,1291.31,,
41729,1284.01,1295.23,,
41730,1278.95,1284.01,,
41731,1289.9,1278.95,,
41732,1286.7,1289.9,,
41733,1303.5,1286.7,,
41736,1297.28,1303.5,,
41737,1308.66,1297.28,,
41738,1311.8,1308.66,,
41739,1318.95,1311.8,,
41740,1318.42,1318.95,,
41743,1327.99,1318.42,,
41744,1302.64,1327.99,,
41745,1302.53,1302.64,,
41746,1295.12,1302.53,,
41747,1294.3,1295.12,,
41750,1289.77,1294.3,,
41751,1283.81,1289.77,,
41752,1283.91,1283.81,,
41753,1293.36,1283.91,,
41754,1303.25,1293.36,,
41757,1296.74,1303.25,,
41758,1295.92,1296.74,,
41759,1291.6,1295.92,,
41760,1284.31,1291.6,,
41761,1299.7,1284.31,,
41764,1310.28,1299.7,,
41765,1308.05,1310.28,,
41766,1289.88,1308.05,,
41767,1289.43,1289.88,,
41768,1288.91,1289.43,,
41771,1295.8,1288.91,,
41772,1293.63,1295.8,,
41773,1305.97,1293.63,,
41774,1296.22,1305.97,,
41775,1293.52,1296.22,,
41778,1292.97,1293.52,,
41779,1294.37,1292.97,,
41780,1292.04,1294.37,,
41781,1294.1,1292.04,,
41782,1292.61,1294.1,,
41785,1292.91,1292.61,,
41786,1264.95,1292.91,,
41787,1258.14,1264.95,,
41788,1255.56,1258.14,,
41789,1249.68,1255.56,,
41792,1243.93,1249.68,,
41793,1244.95,1243.93,,
41794,1243.94,1244.95,,
41795,1253.63,1243.94,,
41796,1253.23,1253.63,,
41799,1252.34,1253.23,,
41800,1259.9,1252.34,,
41801,1261.07,1259.9,,
41802,1273.46,1261.07,,
41803,1276.96,1273.46,,
41806,1272,1276.96,,
41807,1270.58,1272,,
41808,1277.71,1270.58,,
41809,1320.39,1277.71,,
41810,1314.82,1320.39,,
41813,1317.52,1314.82,,
41814,1318.29,1317.52,,
41815,1319.18,1318.29,,
41816,1316.58,1319.18,,
41817,1316.17,1316.58,,
41820,1327.33,1316.17,,
41821,1326.46,1327.33,,
41822,1326.86,1326.46,,
41823,1319.53,1326.86,,
41824,1320.55,1319.53,,
41827,1319.94,1320.55,,
41828,1319.24,1319.94,,
41829,1327.83,1319.24,,
41830,1335.75,1327.83,,
41831,1338.7,1335.75,,
41834,1307.15,1338.7,,
41835,1294.05,1307.15,,
41836,1299.21,1294.05,,
41837,1319.2,1299.21,,
41838,1310.88,1319.2,,
41841,1312.49,1310.88,,
41842,1306.42,1312.49,,
41843,1304.59,1306.42,,
41844,1293.66,1304.59,,
41845,1307.22,1293.66,,
41848,1304.05,1307.22,,
41849,1299.11,1304.05,,
41850,1296.3,1299.11,,
41851,1282.59,1296.3,,
41852,1293.75,1282.59,,
41855,1288.25,1293.75,,
41856,1288.78,1288.25,,
41857,1305.9,1288.78,,
41858,1312.63,1305.9,,
41859,1309.58,1312.63,,
41862,1308.48,1309.58,,
41863,1309.51,1308.48,,
41864,1312.92,1309.51,,
41865,1313.52,1312.92,,
41866,1304.7,1313.52,,
41869,1298.4,1304.7,,
41870,1295.73,1298.4,,
41871,1291.94,1295.73,,
41872,1276.78,1291.94,,
41873,1281.1,1276.78,,
41876,1276.84,1281.1,,
41877,1281.2,1276.84,,
41878,1282.63,1281.2,,
41879,1289.65,1282.63,,
41880,1287.32,1289.65,,
41883,1286,1287.32,,
41884,1265.4,1286,,
41885,1269.4,1265.4,,
41886,1261.67,1269.4,,
41887,1268.81,1261.67,,
41890,1255.45,1268.81,,
41891,1255.47,1255.45,,
41892,1249.77,1255.47,,
41893,1240.92,1249.77,,
41894,1229.65,1240.92,,
41897,1233.22,1229.65,,
41898,1235.55,1233.22,,
41899,1223.51,1235.55,,
41900,1225.15,1223.51,,
41901,1215.7,1225.15,,
41904,1215.08,1215.7,,
41905,1223.42,1215.08,,
41906,1217.09,1223.42,,
41907,1221.58,1217.09,,
41908,1218.38,1221.58,,
41911,1215.81,1218.38,,
41912,1208.15,1215.81,,
41913,1213.82,1208.15,,
41914,1214.57,1213.82,,
41915,1191.42,1214.57,,
41918,1207.3,1191.42,,
41919,1209.01,1207.3,,
41920,1221.14,1209.01,,
41921,1224.33,1221.14,,
41922,1223.16,1224.33,,
41925,1235.87,1223.16,,
41926,1232.83,1235.87,,
41927,1242.02,1232.83,,
41928,1238.81,1242.02,,
41929,1238.32,1238.81,,
41932,1246.91,1238.32,,
41933,1248.7,1246.91,,
41934,1241.27,1248.7,,
41935,1231.84,1241.27,,
41936,1231.01,1231.84,,
41939,1226.62,1231.01,,
41940,1228.52,1226.62,,
41941,1212.15,1228.52,,
41942,1198.85,1212.15,,
41943,1172.94,1198.85,,
41946,1165.63,1172.94,,
41947,1168.39,1165.63,,
41948,1140.54,1168.39,,
41949,1141.92,1140.54,,
41950,1177.97,1141.92,,
41953,1151.47,1177.97,,
41954,1164.33,1151.47,,
41955,1162.6,1164.33,,
41956,1162.55,1162.6,,
41957,1188.75,1162.55,,
41960,1186.57,1188.75,,
41961,1197.08,1186.57,,
41962,1182.68,1197.08,,
41963,1193.79,1182.68,,
41964,1201.55,1193.79,,
41967,1197.14,1201.55,,
41968,1200.98,1197.14,,
41969,1197.87,1200.98,,
41970,1192.67,1197.87,,
41971,1167.38,1192.67,,
41974,1212.1,1167.38,,
41975,1198.28,1212.1,,
41976,1209.43,1198.28,,
41977,1205.27,1209.43,,
41978,1192.35,1205.27,,
41981,1203.51,1192.35,,
41982,1231.06,1203.51,,
41983,1226.31,1231.06,,
41984,1227.72,1226.31,,
41985,1222.59,1227.72,,
41988,1193.23,1222.59,,
41989,1197.01,1193.23,,
41990,1189.71,1197.01,,
41991,1198.57,1189.71,,
41992,1195.74,1198.57,,
41995,1176.44,1195.74,,
41996,1176.57,1176.44,,
41997,1173.8,1176.57,,
41998,1173.8,1173.8,,
41999,1196,1173.8,,
42002,1183.29,1196,,
42003,1200.55,1183.29,,
42004,1184.37,1200.55,,
42005,1181.98,1184.37,,
42006,1188.39,1181.98,,
42009,1204.86,1188.39,,
42010,1218.58,1204.86,,
42011,1211.41,1218.58,,
42012,1208.79,1211.41,,
42013,1223.25,1208.79,,
42016,1233.31,1223.25,,
42017,1230.64,1233.31,,
42018,1228.72,1230.64,,
42019,1262.75,1228.72,,
42020,1280.45,1262.75,,
42023,1275.65,1280.45,,
42024,1295.32,1275.65,,
42025,1293.09,1295.32,,
42026,1302.25,1293.09,,
42027,1294.08,1302.25,,
42030,1281.4,1294.08,,
42031,1292.34,1281.4,,
42032,1284.49,1292.34,,
42033,1257.27,1284.49,,
42034,1283.79,1257.27,,
42037,1274.41,1283.79,,
42038,1260.52,1274.41,,
42039,1269.35,1260.52,,
42040,1264.82,1269.35,,
42041,1234.04,1264.82,,
42044,1239.03,1234.04,,
42045,1233.55,1239.03,,
42046,1218.83,1233.55,,
42047,1221.98,1218.83,,
42048,1229.76,1221.98,,
42051,1232.55,1229.76,,
42052,1209.89,1232.55,,
42053,1212.42,1209.89,,
42054,1206.84,1212.42,,
42055,1201.94,1206.84,,
42058,1201.83,1201.94,,
42059,1200.53,1201.83,,
42060,1205,1200.53,,
42061,1209.49,1205,,
42062,1213.18,1209.49,,
42065,1206.83,1213.18,,
42066,1203.74,1206.83,,
42067,1200.34,1203.74,,
42068,1198.4,1200.34,,
42069,1167.29,1198.4,,
42072,1167.21,1167.29,,
42073,1161.84,1167.21,,
42074,1155.31,1161.84,,
42075,1153.73,1155.31,,
42076,1158.48,1153.73,,
42079,1154.81,1158.48,,
42080,1149.57,1154.81,,
42081,1167.61,1149.57,,
42082,1171.18,1167.61,,
42083,1182.54,1171.18,,
42086,1189.54,1182.54,,
42087,1193.28,1189.54,,
42088,1195.47,1193.28,,
42089,1204.81,1195.47,,
42090,1198.55,1204.81,,
42093,1186.07,1198.55,,
42094,1183.57,1186.07,,
42095,1203.98,1183.57,,
42096,1202.61,1203.98,,
42097,1206.91,1202.61,,
42100,1214.84,1206.91,,
42101,1209.22,1214.84,,
42102,1202.57,1209.22,,
42103,1194.81,1202.57,,
42104,1207.59,1194.81,,
42107,1198.88,1207.59,,
42108,1192.78,1198.88,,
42109,1202.58,1192.78,,
42110,1198.55,1202.58,,
42111,1204.22,1198.55,,
42114,1195.89,1204.22,,
42115,1202.41,1195.89,,
42116,1187.13,1202.41,,
42117,1193.97,1187.13,,
42118,1179,1193.97,,
42121,1202.15,1179,,
42122,1212.17,1202.15,,
42123,1204.71,1212.17,,
42124,1184.37,1204.71,,
42125,1178.46,1184.37,,
42128,1188.33,1178.46,,
42129,1193.34,1188.33,,
42130,1192.24,1193.34,,
42131,1184.51,1192.24,,
42132,1188.39,1184.51,,
42135,1183.97,1188.39,,
42136,1193.94,1183.97,,
42137,1215.75,1193.94,,
42138,1221.14,1215.75,,
42139,1224.8,1221.14,,
42142,1225.51,1224.8,,
42143,1207.86,1225.51,,
42144,1209.8,1207.86,,
42145,1204.86,1209.8,,
42146,1206.21,1204.86,,
42149,1206.6,1206.21,,
42150,1187.3,1206.6,,
42151,1188.09,1187.3,,
42152,1188.4,1188.09,,
42153,1190.58,1188.4,,
42156,1189.2,1190.58,,
42157,1193.01,1189.2,,
42158,1185.17,1193.01,,
42159,1176.89,1185.17,,
42160,1171.94,1176.89,,
42163,1174.07,1171.94,,
42164,1176.8,1174.07,,
42165,1186.06,1176.8,,
42166,1182.01,1186.06,,
42167,1181.63,1182.01,,
42170,1186.43,1181.63,,
42171,1182.07,1186.43,,
42172,1185.55,1182.07,,
42173,1201.94,1185.55,,
42174,1200.27,1201.94,,
42177,1185.98,1200.27,,
42178,1178.63,1185.98,,
42179,1175.4,1178.63,,
42180,1173.17,1175.4,,
42181,1175.52,1173.17,,
42184,1179.83,1175.52,,
42185,1172.35,1179.83,,
42186,1168.79,1172.35,,
42187,1166.26,1168.79,,
42188,1169.1,1166.26,,
42191,1170.33,1169.1,,
42192,1155.26,1170.33,,
42193,1158.33,1155.26,,
42194,1159.43,1158.33,,
42195,1163.74,1159.43,,
42198,1157.98,1163.74,,
42199,1156.06,1157.98,,
42200,1149.45,1156.06,,
42201,1145.39,1149.45,,
42202,1134.14,1145.39,,
42205,1096.5,1134.14,,
42206,1101.25,1096.5,,
42207,1094.24,1101.25,,
42208,1090.7,1094.24,,
42209,1099.11,1090.7,,
42212,1093.98,1099.11,,
42213,1095.48,1093.98,,
42214,1096.85,1095.48,,
42215,1088.76,1096.85,,
42216,1095.8,1088.76,,
42219,1086.79,1095.8,,
42220,1087.7,1086.79,,
42221,1085.03,1087.7,,
42222,1089.55,1085.03,,
42223,1094.15,1089.55,,
42226,1104.51,1094.15,,
42227,1108.95,1104.51,,
42228,1124.47,1108.95,,
42229,1115.1,1124.47,,
42230,1115.07,1115.1,,
42233,1117.7,1115.07,,
42234,1117.71,1117.7,,
42235,1133.88,1117.71,,
42236,1152.2,1133.88,,
42237,1160.77,1152.2,,
42240,1155.11,1160.77,,
42241,1140.49,1155.11,,
42242,1125.26,1140.49,,
42243,1125,1125.26,,
42244,1133.6,1125,,
42247,1134.93,1133.6,,
42248,1140.27,1134.93,,
42249,1134.05,1140.27,,
42250,1125.46,1134.05,,
42251,1121.85,1125.46,,
42254,1119.35,1121.85,,
42255,1121.55,1119.35,,
42256,1107.85,1121.55,,
42257,1110.75,1107.85,,
42258,1107.95,1110.75,,
42261,1109.1,1107.95,,
42262,1105.35,1109.1,,
42263,1119.52,1105.35,,
42264,1131.51,1119.52,,
42265,1139.23,1131.51,,
42268,1133.44,1139.23,,
42269,1124.76,1133.44,,
42270,1130.3,1124.76,,
42271,1153.95,1130.3,,
42272,1146.2,1153.95,,
42275,1131.95,1146.2,,
42276,1127.43,1131.95,,
42277,1115.09,1127.43,,
42278,1113.61,1115.09,,
42279,1138.6,1113.61,,
42282,1135.75,1138.6,,
42283,1147.24,1135.75,,
42284,1145.54,1147.24,,
42285,1139.01,1145.54,,
42286,1156.53,1139.01,,
42289,1163.85,1156.53,,
42290,1168.84,1163.85,,
42291,1184.13,1168.84,,
42292,1183.1,1184.13,,
42293,1177.3,1183.1,,
42296,1170.79,1177.3,,
42297,1176.04,1170.79,,
42298,1167.18,1176.04,,
42299,1166.05,1167.18,,
42300,1164.45,1166.05,,
42303,1163.04,1164.45,,
42304,1166.88,1163.04,,
42305,1156.1,1166.88,,
42306,1145.97,1156.1,,
42307,1142.11,1145.97,,
42310,1133.84,1142.11,,
42311,1117.79,1133.84,,
42312,1107.9,1117.79,,
42313,1103.92,1107.9,,
42314,1089.8,1103.92,,
42317,1092.31,1089.8,,
42318,1089.67,1092.31,,
42319,1086.26,1089.67,,
42320,1085.2,1086.26,,
42321,1083.91,1085.2,,
42324,1082.76,1083.91,,
42325,1070.3,1082.76,,
42326,1070.73,1070.3,,
42327,1082.21,1070.73,,
42328,1078.01,1082.21,,
42331,1069.18,1078.01,,
42332,1075.65,1069.18,,
42333,1071.12,1075.65,,
42334,1072.33,1071.12,,
42335,1057.45,1072.33,,
42338,1064.77,1057.45,,
42339,1069.29,1064.77,,
42340,1053.7,1069.29,,
42341,1062.11,1053.7,,
42342,1086.44,1062.11,,
42345,1071.34,1086.44,,
42346,1074.96,1071.34,,
42347,1072.78,1074.96,,
42348,1071.58,1072.78,,
42349,1074.77,1071.58,,
42352,1059.86,1074.77,,
42353,1061.22,1059.86,,
42354,1072.32,1061.22,,
42355,1051.1,1072.32,,
42356,1066.25,1051.1,,
42359,1078.4,1066.25,,
42360,1072.43,1078.4,,
42361,1070.5,1072.43,,
42362,1076.1,1070.5,,
42366,1069.08,1076.1,,
42367,1069.11,1069.08,,
42368,1061.44,1069.11,,
42369,1061.1,1061.44,,
42373,1074.61,1061.1,,
42374,1077.68,1074.61,,
42375,1093.67,1077.68,,
42376,1108.97,1093.67,,
42377,1104.15,1108.97,,
42380,1094.2,1104.15,,
42381,1086.56,1094.2,,
42382,1093.59,1086.56,,
42383,1078.38,1093.59,,
42384,1088.88,1078.38,,
42387,1089.68,1088.88,,
42388,1087.41,1089.68,,
42389,1100.92,1087.41,,
42390,1101.2,1100.92,,
42391,1097.95,1101.2,,
42394,1107.9,1097.95,,
42395,1119.91,1107.9,,
42396,1124.97,1119.91,,
42397,1115.33,1124.97,,
42398,1118.21,1115.33,,
42401,1128.41,1118.21,,
42402,1129.01,1128.41,,
42403,1142.63,1129.01,,
42404,1155.59,1142.63,,
42405,1173.4,1155.59,,
42408,1189.23,1173.4,,
42409,1189.13,1189.23,,
42410,1197.12,1189.13,,
42411,1246.7,1197.12,,
42412,1237.97,1246.7,,
42415,1209.3,1237.97,,
42416,1200.44,1209.3,,
42417,1208.5,1200.44,,
42418,1230.87,1208.5,,
42419,1226.8,1230.87,,
42422,1208.63,1226.8,,
42423,1226.85,1208.63,,
42424,1228.75,1226.85,,
42425,1232.91,1228.75,,
42426,1223.46,1232.91,,
42429,1238.67,1223.46,,
42430,1232.15,1238.67,,
42431,1239.98,1232.15,,
42432,1264.25,1239.98,,
42433,1258.95,1264.25,,
42436,1267.33,1258.95,,
42437,1261.44,1267.33,,
42438,1253.23,1261.44,,
42439,1272.25,1253.23,,
42440,1249.45,1272.25,,
42443,1235.27,1249.45,,
42444,1232.38,1235.27,,
42445,1262.57,1232.38,,
42446,1257.97,1262.57,,
42447,1255.4,1257.97,,
42450,1243.75,1255.4,,
42451,1248.32,1243.75,,
42452,1220.11,1248.32,,
42453,1216.82,1220.11,,
42454,1217.05,1216.82,,
42457,1221.71,1217.05,,
42458,1242.2,1221.71,,
42459,1225.02,1242.2,,
42460,1232.75,1225.02,,
42461,1222.6,1232.75,,
42464,1215.43,1222.6,,
42465,1231.35,1215.43,,
42466,1222.47,1231.35,,
42467,1240.45,1222.47,,
42468,1240.69,1240.45,,
42471,1257.88,1240.69,,
42472,1255.63,1257.88,,
42473,1242.47,1255.63,,
42474,1227.89,1242.47,,
42475,1233.99,1227.89,,
42478,1232.49,1233.99,,
42479,1250.19,1232.49,,
42480,1244.25,1250.19,,
42481,1248.05,1244.25,,
42482,1233.03,1248.05,,
42485,1237.97,1233.03,,
42486,1243.4,1237.97,,
42487,1245.83,1243.4,,
42488,1266.26,1245.83,,
42489,1293.53,1266.26,,
42492,1291.55,1293.53,,
42493,1286.5,1291.55,,
42494,1279.68,1286.5,,
42495,1277.74,1279.68,,
42496,1288.99,1277.74,,
42499,1263.88,1288.99,,
42500,1265.84,1263.88,,
42501,1277.21,1265.84,,
42502,1263.68,1277.21,,
42503,1273.45,1263.68,,
42506,1274.16,1273.45,,
42507,1278.95,1274.16,,
42508,1258.5,1278.95,,
42509,1254.75,1258.5,,
42510,1251.98,1254.75,,
42513,1249.13,1251.98,,
42514,1227.21,1249.13,,
42515,1224.41,1227.21,,
42516,1219.8,1224.41,,
42517,1212.38,1219.8,,
42520,1204.95,1212.38,,
42521,1215.32,1204.95,,
42522,1212.98,1215.32,,
42523,1211,1212.98,,
42524,1244.2,1211,,
42527,1245.34,1244.2,,
42528,1243.81,1245.34,,
42529,1262.8,1243.81,,
42530,1269.8,1262.8,,
42531,1274.24,1269.8,,
42534,1283.86,1274.24,,
42535,1285.72,1283.86,,
42536,1291.75,1285.72,,
42537,1278.43,1291.75,,
42538,1298.65,1278.43,,
42541,1289.9,1298.65,,
42542,1268.12,1289.9,,
42543,1266.22,1268.12,,
42544,1256.84,1266.22,,
42545,1315.75,1256.84,,
42548,1324.6,1315.75,,
42549,1311.79,1324.6,,
42550,1319.15,1311.79,,
42551,1321.9,1319.15,,
42552,1341.35,1321.9,,
42555,1350.79,1341.35,,
42556,1356.45,1350.79,,
42557,1363.78,1356.45,,
42558,1360.45,1363.78,,
42559,1366.33,1360.45,,
42562,1355.4,1366.33,,
42563,1333.1,1355.4,,
42564,1342.64,1333.1,,
42565,1335.23,1342.64,,
42566,1337.45,1335.23,,
42569,1328.85,1337.45,,
42570,1332.01,1328.85,,
42571,1316.06,1332.01,,
42572,1331.43,1316.06,,
42573,1322.73,1331.43,,
42576,1315.6,1322.73,,
42577,1320.26,1315.6,,
42578,1340.08,1320.26,,
42579,1335.75,1340.08,,
42580,1351.28,1335.75,,
42583,1353.15,1351.28,,
42584,1363.57,1353.15,,
42585,1358.18,1363.57,,
42586,1361.15,1358.18,,
42587,1336,1361.15,,
42590,1335.31,1336,,
42591,1340.73,1335.31,,
42592,1346.61,1340.73,,
42593,1338.78,1346.61,,
42594,1335.97,1338.78,,
42597,1339.4,1335.97,,
42598,1346.24,1339.4,,
42599,1348.73,1346.24,,
42600,1352.36,1348.73,,
42601,1341.47,1352.36,,
42604,1339.09,1341.47,,
42605,1337.56,1339.09,,
42606,1324.13,1337.56,,
42607,1321.97,1324.13,,
42608,1321.18,1321.97,,
42611,1323.38,1321.18,,
42612,1311.11,1323.38,,
42613,1308.97,1311.11,,
42614,1313.89,1308.97,,
42615,1325.21,1313.89,,
42618,1327.08,1325.21,,
42619,1350,1327.08,,
42620,1345.18,1350,,
42621,1338.3,1345.18,,
42622,1327.83,1338.3,,
42625,1327.82,1327.83,,
42626,1319.05,1327.82,,
42627,1322.94,1319.05,,
42628,1314.75,1322.94,,
42629,1310.35,1314.75,,
42632,1313.19,1310.35,,
42633,1314.84,1313.19,,
42634,1335.17,1314.84,,
42635,1337.07,1335.17,,
42636,1337.56,1337.07,,
42639,1337.95,1337.56,,
42640,1327.32,1337.95,,
42641,1321.54,1327.32,,
42642,1320.37,1321.54,,
42643,1315.87,1320.37,,
42646,1311.6,1315.87,,
42647,1268.44,1311.6,,
42648,1266.85,1268.44,,
42649,1254.38,1266.85,,
42650,1257.08,1254.38,,
42653,1259.65,1257.08,,
42654,1252.8,1259.65,,
42655,1255.25,1252.8,,
42656,1258.09,1255.25,,
42657,1251.03,1258.09,,
42660,1255.85,1251.03,,
42661,1262.5,1255.85,,
42662,1269.23,1262.5,,
42663,1265.76,1269.23,,
42664,1266.46,1265.76,,
42667,1264.44,1266.46,,
42668,1273.87,1264.44,,
42669,1267.1,1273.87,,
42670,1268.4,1267.1,,
42671,1275.47,1268.4,,
42674,1277.21,1275.47,,
42675,1288.2,1277.21,,
42676,1296.81,1288.2,,
42677,1302.7,1296.81,,
42678,1305.06,1302.7,,
42681,1281.64,1305.06,,
42682,1275.68,1281.64,,
42683,1277.98,1275.68,,
42684,1259.2,1277.98,,
42685,1227.64,1259.2,,
42688,1221.35,1227.64,,
42689,1228.73,1221.35,,
42690,1224.99,1228.73,,
42691,1216.42,1224.99,,
42692,1207.89,1216.42,,
42695,1214.23,1207.89,,
42696,1212.32,1214.23,,
42697,1188.32,1212.32,,
42698,1181.67,1188.32,,
42699,1183.56,1181.67,,
42702,1194,1183.56,,
42703,1188.31,1194,,
42704,1173.2,1188.31,,
42705,1171.69,1173.2,,
42706,1177.43,1171.69,,
42709,1170.38,1177.43,,
42710,1169.85,1170.38,,
42711,1173.98,1169.85,,
42712,1170.78,1173.98,,
42713,1159.86,1170.78,,
42716,1162.22,1159.86,,
42717,1158.54,1162.22,,
42718,1142.95,1158.54,,
42719,1128.5,1142.95,,
42720,1134.88,1128.5,,
42723,1138.21,1134.88,,
42724,1132.35,1138.21,,
42725,1131.61,1132.35,,
42726,1128.38,1131.61,,
42727,1133.3,1128.38,,
42731,1138.78,1133.3,,
42732,1141.67,1138.78,,
42733,1158.19,1141.67,,
42734,1147.5,1158.19,,
42738,1158.84,1147.5,,
42739,1163.65,1158.84,,
42740,1180.12,1163.65,,
42741,1172.63,1180.12,,
42744,1181.1,1172.63,,
42745,1187.88,1181.1,,
42746,1191.62,1187.88,,
42747,1195.43,1191.62,,
42748,1197.34,1195.43,,
42751,1202.73,1197.34,,
42752,1217.07,1202.73,,
42753,1204.3,1217.07,,
42754,1204.85,1204.3,,
42755,1210.32,1204.85,,
42758,1218.23,1210.32,,
42759,1208.94,1218.23,,
42760,1200.69,1208.94,,
42761,1188.5,1200.69,,
42762,1191.2,1188.5,,
42765,1195.7,1191.2,,
42766,1210.72,1195.7,,
42767,1209.84,1210.72,,
42768,1215.96,1209.84,,
42769,1220.3,1215.96,,
42772,1235.53,1220.3,,
42773,1233.85,1235.53,,
42774,1241.53,1233.85,,
42775,1228.36,1241.53,,
42776,1233.62,1228.36,,
42779,1225.26,1233.62,,
42780,1228.13,1225.26,,
42781,1233.7,1228.13,,
42782,1239.04,1233.7,,
42783,1234.6,1239.04,,
42786,1238.47,1234.6,,
42787,1235.74,1238.47,,
42788,1237.44,1235.74,,
42789,1249.56,1237.44,,
42790,1257.19,1249.56,,
42793,1252.73,1257.19,,
42794,1248.44,1252.73,,
42795,1249.69,1248.44,,
42796,1234.25,1249.69,,
42797,1234.81,1234.25,,
42800,1225.29,1234.81,,
42801,1215.86,1225.29,,
42802,1208.31,1215.86,,
42803,1201.24,1208.31,,
42804,1204.64,1201.24,,
42807,1204.3,1204.64,,
42808,1199.12,1204.3,,
42809,1219.88,1199.12,,
42810,1226.61,1219.88,,
42811,1229.26,1226.61,,
42814,1234.24,1229.26,,
42815,1244.81,1234.24,,
42816,1248.84,1244.81,,
42817,1245.2,1248.84,,
42818,1243.57,1245.2,,
42821,1254.86,1243.57,,
42822,1251.82,1254.86,,
42823,1253.45,1251.82,,
42824,1242.64,1253.45,,
42825,1249.2,1242.64,,
42828,1253.5,1249.2,,
42829,1256.28,1253.5,,
42830,1255.76,1256.28,,
42831,1251.7,1255.76,,
42832,1254.53,1251.7,,
42835,1254.68,1254.53,,
42836,1274.86,1254.68,,
42837,1286.78,1274.86,,
42838,1287.92,1286.78,,
42839,1285.69,1287.92,,
42842,1284.71,1285.69,,
42843,1289.76,1284.71,,
42844,1280.21,1289.76,,
42845,1281.9,1280.21,,
42846,1284.44,1281.9,,
42849,1276.31,1284.44,,
42850,1264.13,1276.31,,
42851,1269.22,1264.13,,
42852,1264.3,1269.22,,
42853,1268.28,1264.3,,
42856,1256.58,1268.28,,
42857,1256.76,1256.58,,
42858,1238.17,1256.76,,
42859,1228.16,1238.17,,
42860,1228.01,1228.16,,
42863,1226.23,1228.01,,
42864,1221.23,1226.23,,
42865,1219.1,1221.23,,
42866,1225.04,1219.1,,
42867,1228.43,1225.04,,
42870,1230.82,1228.43,,
42871,1237.24,1230.82,,
42872,1261.36,1237.24,,
42873,1247.07,1261.36,,
42874,1255.93,1247.07,,
42877,1260.63,1255.93,,
42878,1251.22,1260.63,,
42879,1258.73,1251.22,,
42880,1255.67,1258.73,,
42881,1266.76,1255.67,,
42884,1268.1,1266.76,,
42885,1263.09,1268.1,,
42886,1268.92,1263.09,,
42887,1265.96,1268.92,,
42888,1279.17,1265.96,,
42891,1279.8,1279.17,,
42892,1294.39,1279.8,,
42893,1287.15,1294.39,,
42894,1278.01,1287.15,,
42895,1266.76,1278.01,,
42898,1266.18,1266.76,,
42899,1266.55,1266.18,,
42900,1260.86,1266.55,,
42901,1253.98,1260.86,,
42902,1253.73,1253.98,,
42905,1243.84,1253.73,,
42906,1243.01,1243.84,,
42907,1246.48,1243.01,,
42908,1250.51,1246.48,,
42909,1256.71,1250.51,,
42912,1244.72,1256.71,,
42913,1247.17,1244.72,,
42914,1249.27,1247.17,,
42915,1245.51,1249.27,,
42916,1241.61,1245.51,,
42919,1220.2,1241.61,,
42920,1223.42,1220.2,,
42921,1227.04,1223.42,,
42922,1225.22,1227.04,,
42923,1212.46,1225.22,,
42926,1214.36,1212.46,,
42927,1217.72,1214.36,,
42928,1220.51,1217.72,,
42929,1217.58,1220.51,,
42930,1228.7,1217.58,,
42933,1234.11,1228.7,,
42934,1242.47,1234.11,,
42935,1241.25,1242.47,,
42936,1244.49,1241.25,,
42937,1254.98,1244.49,,
42940,1255.3,1254.98,,
42941,1250.06,1255.3,,
42942,1260.53,1250.06,,
42943,1259.15,1260.53,,
42944,1269.64,1259.15,,
42947,1269.44,1269.64,,
42948,1268.76,1269.44,,
42949,1266.65,1268.76,,
42950,1268.6,1266.65,,
42951,1258.88,1268.6,,
42954,1257.85,1258.88,,
42955,1260.96,1257.85,,
42956,1277.3,1260.96,,
42957,1286.53,1277.3,,
42958,1289.31,1286.53,,
42961,1282.15,1289.31,,
42962,1271.53,1282.15,,
42963,1283.11,1271.53,,
42964,1288.15,1283.11,,
42965,1284.13,1288.15,,
42968,1291.88,1284.13,,
42969,1285.08,1291.88,,
42970,1290.96,1285.08,,
42971,1286.4,1290.96,,
42972,1291.35,1286.4,,
42975,1310.13,1291.35,,
42976,1309.23,1310.13,,
42977,1308.6,1309.23,,
42978,1321.43,1308.6,,
42979,1325.23,1321.43,,
42982,1333.87,1325.23,,
42983,1339.71,1333.87,,
42984,1334.22,1339.71,,
42985,1349.22,1334.22,,
42986,1346.59,1349.22,,
42989,1327.54,1346.59,,
42990,1331.81,1327.54,,
42991,1322.37,1331.81,,
42992,1329.74,1322.37,,
42993,1320.18,1329.74,,
42996,1307.44,1320.18,,
42997,1311.15,1307.44,,
42998,1301.1,1311.15,,
42999,1291.2,1301.1,,
43000,1297.3,1291.2,,
43003,1310.78,1297.3,,
43004,1293.98,1310.78,,
43005,1282.78,1293.98,,
43006,1287.3,1282.78,,
43007,1279.75,1287.3,,
43010,1271.13,1279.75,,
43011,1271.66,1271.13,,
43012,1274.85,1271.66,,
43013,1268.22,1274.85,,
43014,1276.68,1268.22,,
43017,1284.05,1276.68,,
43018,1288.03,1284.05,,
43019,1291.72,1288.03,,
43020,1293.72,1291.72,,
43021,1303.82,1293.72,,
43024,1295.79,1303.82,,
43025,1285.12,1295.79,,
43026,1281.08,1285.12,,
43027,1290.13,1281.08,,
43028,1280.47,1290.13,,
43031,1282.27,1280.47,,
43032,1276.58,1282.27,,
43033,1277.53,1276.58,,
43034,1266.99,1277.53,,
43035,1273.35,1266.99,,
43038,1276.29,1273.35,,
43039,1271.45,1276.29,,
43040,1274.66,1271.45,,
43041,1276.13,1274.66,,
43042,1269.91,1276.13,,
43045,1281.95,1269.91,,
43046,1275.3,1281.95,,
43047,1281.36,1275.3,,
43048,1285.07,1281.36,,
43049,1275.07,1285.07,,
43052,1278.31,1275.07,,
43053,1280.25,1278.31,,
43054,1278.14,1280.25,,
43055,1278.58,1278.14,,
43056,1292.42,1278.58,,
43059,1276.92,1292.42,,
43060,1280.61,1276.92,,
43061,1292.12,1280.61,,
43062,1291.47,1292.12,,
43063,1288.37,1291.47,,
43066,1294.52,1288.37,,
43067,1293.98,1294.52,,
43068,1283.64,1293.98,,
43069,1275.01,1283.64,,
43070,1280.62,1275.01,,
43073,1276.18,1280.62,,
43074,1265.77,1276.18,,
43075,1263.37,1265.77,,
43076,1247.22,1263.37,,
43077,1248.49,1247.22,,
43080,1242.02,1248.49,,
43081,1244.49,1242.02,,
43082,1255.5,1244.49,,
43083,1252.96,1255.5,,
43084,1256.44,1252.96,,
43087,1262.26,1256.44,,
43088,1261.7,1262.26,,
43089,1265.57,1261.7,,
43090,1266.6,1265.57,,
43091,1274.16,1266.6,,
43095,1283.1,1274.16,,
43096,1287.18,1283.1,,
43097,1295.04,1287.18,,
43098,1302.8,1295.04,,
43102,1317.56,1302.8,,
43103,1313.21,1317.56,,
43104,1323.01,1313.21,,
43105,1319.59,1323.01,,
43108,1320.4,1319.59,,
43109,1312.85,1320.4,,
43110,1316.89,1312.85,,
43111,1322.44,1316.89,,
43112,1337.64,1322.44,,
43115,1339.99,1337.64,,
43116,1338.41,1339.99,,
43117,1326.84,1338.41,,
43118,1327.03,1326.84,,
43119,1331.84,1327.03,,
43122,1333.92,1331.84,,
43123,1341.21,1333.92,,
43124,1358.46,1341.21,,
43125,1348.26,1358.46,,
43126,1349.12,1348.26,,
43129,1340.33,1349.12,,
43130,1338.59,1340.33,,
43131,1345.14,1338.59,,
43132,1348.79,1345.14,,
43133,1333.39,1348.79,,
43136,1339.67,1333.39,,
43137,1324.16,1339.67,,
43138,1318.39,1324.16,,
43139,1318.76,1318.39,,
43140,1316.65,1318.76,,
43143,1322.7,1316.65,,
43144,1329.55,1322.7,,
43145,1350.73,1329.55,,
43146,1353.67,1350.73,,
43147,1346.96,1353.67,,
43150,1346.46,1346.96,,
43151,1329.19,1346.46,,
43152,1324.63,1329.19,,
43153,1332.05,1324.63,,
43154,1328.71,1332.05,,
43157,1333.68,1328.71,,
43158,1318.36,1333.68,,
43159,1318.31,1318.36,,
43160,1317.03,1318.31,,
43161,1322.75,1317.03,,
43164,1320.11,1322.75,,
43165,1334.56,1320.11,,
43166,1325.57,1334.56,,
43167,1321.99,1325.57,,
43168,1323.93,1321.99,,
43171,1323.1,1323.93,,
43172,1326.51,1323.1,,
43173,1324.85,1326.51,,
43174,1316.1,1324.85,,
43175,1314.24,1316.1,,
43178,1316.85,1314.24,,
43179,1311.31,1316.85,,
43180,1332.24,1311.31,,
43181,1329.03,1332.24,,
43182,1347.33,1329.03,,
43185,1353.5,1347.33,,
43186,1345.05,1353.5,,
43187,1325.01,1345.05,,
43188,1325.5,1325.01,,
43189,1325.48,1325.5,,
43192,1341.29,1325.48,,
43193,1332.74,1341.29,,
43194,1333.19,1332.74,,
43195,1326.57,1333.19,,
43196,1333.03,1326.57,,
43199,1336.35,1333.03,,
43200,1339.64,1336.35,,
43201,1353.38,1339.64,,
43202,1334.94,1353.38,,
43203,1346.2,1334.94,,
43206,1345.93,1346.2,,
43207,1347.52,1345.93,,
43208,1349.41,1347.52,,
43209,1345.53,1349.41,,
43210,1336.36,1345.53,,
43213,1324.83,1336.36,,
43214,1330.35,1324.83,,
43215,1323.13,1330.35,,
43216,1316.8,1323.13,,
43217,1324,1316.8,,
43220,1315.39,1324,,
43221,1303.85,1315.39,,
43222,1304.96,1303.85,,
43223,1312.06,1304.96,,
43224,1314.5,1312.06,,
43227,1314.21,1314.5,,
43228,1314.63,1314.21,,
43229,1312.72,1314.63,,
43230,1321.6,1312.72,,
43231,1319.3,1321.6,,
43234,1313.5,1319.3,,
43235,1290.53,1313.5,,
43236,1290.73,1290.53,,
43237,1290.79,1290.73,,
43238,1293.04,1290.79,,
43241,1292.6,1293.04,,
43242,1291.14,1292.6,,
43243,1293.41,1291.14,,
43244,1304.63,1293.41,,
43245,1302.25,1304.63,,
43248,1299.04,1302.25,,
43249,1298.77,1299.04,,
43250,1301.38,1298.77,,
43251,1298.51,1301.38,,
43252,1293.4,1298.51,,
43255,1292.02,1293.4,,
43256,1296.4,1292.02,,
43257,1296.4,1296.4,,
43258,1297.18,1296.4,,
43259,1298.17,1297.18,,
43262,1300.49,1298.17,,
43263,1295.97,1300.49,,
43264,1299.31,1295.97,,
43265,1302.25,1299.31,,
43266,1278.94,1302.25,,
43269,1278.32,1278.94,,
43270,1274.66,1278.32,,
43271,1267.86,1274.66,,
43272,1267.19,1267.86,,
43273,1270.56,1267.19,,
43276,1265.64,1270.56,,
43277,1259.04,1265.64,,
43278,1252.35,1259.04,,
43279,1248.25,1252.35,,
43280,1252.6,1248.25,,
43283,1242.04,1252.6,,
43284,1252.73,1242.04,,
43285,1254.99,1252.73,,
43286,1257.91,1254.99,,
43287,1255.48,1257.91,,
43290,1257.68,1255.48,,
43291,1255.54,1257.68,,
43292,1241.96,1255.54,,
43293,1247.39,1241.96,,
43294,1244.32,1247.39,,
43297,1240.93,1244.32,,
43298,1227.54,1240.93,,
43299,1227.51,1227.54,,
43300,1222.97,1227.51,,
43301,1229.53,1222.97,,
43304,1224.5,1229.53,,
43305,1224.52,1224.5,,
43306,1231.63,1224.52,,
43307,1222.69,1231.63,,
43308,1224.22,1222.69,,
43311,1221.45,1224.22,,
43312,1224.15,1221.45,,
43313,1215.96,1224.15,,
43314,1207.83,1215.96,,
43315,1214.9,1207.83,,
43318,1207.64,1214.9,,
43319,1210.97,1207.64,,
43320,1213.88,1210.97,,
43321,1212.47,1213.88,,
43322,1210.57,1212.47,,
43325,1193.5,1210.57,,
43326,1194.09,1193.5,,
43327,1174.85,1194.09,,
43328,1174.16,1174.85,,
43329,1184.25,1174.16,,
43332,1190.48,1184.25,,
43333,1195.99,1190.48,,
43334,1195.8,1195.99,,
43335,1185.56,1195.8,,
43336,1205.35,1185.56,,
43339,1211.38,1205.35,,
43340,1201,1211.38,,
43341,1206.6,1201,,
43342,1199.98,1206.6,,
43343,1201.15,1199.98,,
43346,1201.27,1201.15,,
43347,1191.52,1201.27,,
43348,1196.73,1191.52,,
43349,1199.98,1196.73,,
43350,1196.93,1199.98,,
43353,1195.88,1196.93,,
43354,1198.59,1195.88,,
43355,1206.24,1198.59,,
43356,1201.47,1206.24,,
43357,1194.85,1201.47,,
43360,1201.46,1194.85,,
43361,1198.36,1201.46,,
43362,1204.04,1198.36,,
43363,1207.18,1204.04,,
43364,1200.04,1207.18,,
43367,1199.03,1200.04,,
43368,1201.22,1199.03,,
43369,1194.44,1201.22,,
43370,1182.83,1194.44,,
43371,1190.88,1182.83,,
43374,1188.99,1190.88,,
43375,1203.32,1188.99,,
43376,1197.35,1203.32,,
43377,1199.92,1197.35,,
43378,1203.63,1199.92,,
43381,1188.08,1203.63,,
43382,1189.77,1188.08,,
43383,1194.79,1189.77,,
43384,1224.09,1194.79,,
43385,1217.05,1224.09,,
43388,1227.06,1217.05,,
43389,1224.95,1227.06,,
43390,1222.29,1224.95,,
43391,1225.81,1222.29,,
43392,1226.49,1225.81,,
43395,1222.1,1226.49,,
43396,1230.3,1222.1,,
43397,1233.79,1230.3,,
43398,1232.17,1233.79,,
43399,1233.53,1232.17,,
43402,1229.42,1233.53,,
43403,1222.93,1229.42,,
43404,1214.76,1222.93,,
43405,1233.43,1214.76,,
43406,1232.89,1233.43,,
43409,1231.49,1232.89,,
43410,1227.19,1231.49,,
43411,1226.49,1227.19,,
43412,1224,1226.49,,
43413,1209.65,1224,,
43416,1200.37,1209.65,,
43417,1202.23,1200.37,,
43418,1210.88,1202.23,,
43419,1213.36,1210.88,,
43420,1223.36,1213.36,,
43423,1224.17,1223.36,,
43424,1221.66,1224.17,,
43425,1226.04,1221.66,,
43426,1228.64,1226.04,,
43427,1223.05,1228.64,,
43430,1222.4,1223.05,,
43431,1215.05,1222.4,,
43432,1221.23,1215.05,,
43433,1224.21,1221.23,,
43434,1220.52,1224.21,,
43437,1230.67,1220.52,,
43438,1238.54,1230.67,,
43439,1237.29,1238.54,,
43440,1237.78,1237.29,,
43441,1249.31,1237.78,,
43444,1244.46,1249.31,,
43445,1243.25,1244.46,,
43446,1245.66,1243.25,,
43447,1241.99,1245.66,,
43448,1239.02,1241.99,,
43451,1245.85,1239.02,,
43452,1249.42,1245.85,,
43453,1243.08,1249.42,,
43454,1259.86,1243.08,,
43455,1256.94,1259.86,,
43458,1269.22,1256.94,,
43459,1268.54,1269.22,,
43460,1267.14,1268.54,,
43461,1275.71,1267.14,,
43462,1280.71,1275.71,,
43465,1282.49,1280.71,,
43466,1282.6,1282.49,,
43467,1284.59,1282.6,,
43468,1294.28,1284.59,,
43469,1286.05,1294.28,,
43472,1289.21,1286.05,,
43473,1285.39,1289.21,,
43474,1293.56,1285.39,,
43475,1286.65,1293.56,,
43476,1290.25,1286.65,,
43479,1291.72,1290.25,,
43480,1289.51,1291.72,,
43481,1293.67,1289.51,,
43482,1292.05,1293.67,,
43483,1282.11,1292.05,,
43486,1280.47,1282.11,,
43487,1285.22,1280.47,,
43488,1282.72,1285.22,,
43489,1281.21,1282.72,,
43490,1305.25,1281.21,,
43493,1303.36,1305.25,,
43494,1311.79,1303.36,,
43495,1319.91,1311.79,,
43496,1321.25,1319.91,,
43497,1317.98,1321.25,,
43500,1312.25,1317.98,,
43501,1315.32,1312.25,,
43502,1306.6,1315.32,,
43503,1310.11,1306.6,,
43504,1314.29,1310.11,,
43507,1308.12,1314.29,,
43508,1310.8,1308.12,,
43509,1306.27,1310.8,,
43510,1312.57,1306.27,,
43511,1322.49,1312.57,,
43514,1326.89,1322.49,,
43515,1340.94,1326.89,,
43516,1338.44,1340.94,,
43517,1323.63,1338.44,,
43518,1329.4,1323.63,,
43521,1327.58,1329.4,,
43522,1328.96,1327.58,,
43523,1319.86,1328.96,,
43524,1313.32,1319.86,,
43525,1293.44,1313.32,,
43528,1286.74,1293.44,,
43529,1288.01,1286.74,,
43530,1286.36,1288.01,,
43531,1285.61,1286.36,,
43532,1298.3,1285.61,,
43535,1293.35,1298.3,,
43536,1301.58,1293.35,,
43537,1309.12,1301.58,,
43538,1296.17,1309.12,,
43539,1302.4,1296.17,,
43542,1303.71,1302.4,,
43543,1306.56,1303.71,,
43544,1312.53,1306.56,,
43545,1309.36,1312.53,,
43546,1313.68,1309.36,,
43549,1321.9,1313.68,,
43550,1315.71,1321.9,,
43551,1309.55,1315.71,,
43552,1290.42,1309.55,,
43553,1292.38,1290.42,,
43556,1287.72,1292.38,,
43557,1292.46,1287.72,,
43558,1289.93,1292.46,,
43559,1292.21,1289.93,,
43560,1291.76,1292.21,,
43563,1297.48,1291.76,,
43564,1304.1,1297.48,,
43565,1307.99,1304.1,,
43566,1292.52,1307.99,,
43567,1290.43,1292.52,,
43570,1287.95,1290.43,,
43571,1276.79,1287.95,,
43572,1273.98,1276.79,,
43573,1275.82,1273.98,,
43574,1275.52,1275.82,,
43577,1274.99,1275.52,,
43578,1272.42,1274.99,,
43579,1275.76,1272.42,,
43580,1277.17,1275.76,,
43581,1286.16,1277.17,,
43584,1279.9,1286.16,,
43585,1283.53,1279.9,,
43586,1276.76,1283.53,,
43587,1270.69,1276.76,,
43588,1279.11,1270.69,,
43591,1281.1,1279.11,,
43592,1284.43,1281.1,,
43593,1280.88,1284.43,,
43594,1284.08,1280.88,,
43595,1286.05,1284.08,,
43598,1299.91,1286.05,,
43599,1296.92,1299.91,,
43600,1296.49,1296.92,,
43601,1286.72,1296.49,,
43602,1277.53,1286.72,,
43605,1277.82,1277.53,,
43606,1274.68,1277.82,,
43607,1273.34,1274.68,,
43608,1283.45,1273.34,,
43609,1284.93,1283.45,,
43612,1285.36,1284.93,,
43613,1279.33,1285.36,,
43614,1279.78,1279.33,,
43615,1288.65,1279.78,,
43616,1305.58,1288.65,,
43619,1325.31,1305.58,,
43620,1325.52,1325.31,,
43621,1330.32,1325.52,,
43622,1335.33,1330.32,,
43623,1340.86,1335.33,,
43626,1327.98,1340.86,,
43627,1326.84,1327.98,,
43628,1333.58,1326.84,,
43629,1342.31,1333.58,,
43630,1341.7,1342.31,,
43633,1339.66,1341.7,,
43634,1346.61,1339.66,,
43635,1360.38,1346.61,,
43636,1388.44,1360.38,,
43637,1399.63,1388.44,,
43640,1419.72,1399.63,,
43641,1423.44,1419.72,,
43642,1409,1423.44,,
43643,1409.78,1409,,
43644,1409.55,1409.78,,
43647,1384.19,1409.55,,
43648,1418.65,1384.19,,
43649,1418.78,1418.65,,
43650,1416.08,1418.78,,
43651,1399.45,1416.08,,
43654,1395.53,1399.45,,
43655,1397.61,1395.53,,
43656,1419.02,1397.61,,
43657,1403.81,1419.02,,
43658,1415.75,1403.81,,
43661,1414.13,1415.75,,
43662,1406.23,1414.13,,
43663,1426.57,1406.23,,
43664,1446.1,1426.57,,
43665,1425.37,1446.1,,
43668,1424.88,1425.37,,
43669,1417.83,1424.88,,
43670,1425.86,1417.83,,
43671,1414.58,1425.86,,
43672,1418.9,1414.58,,
43675,1426.8,1418.9,,
43676,1430.88,1426.8,,
43677,1413.78,1430.88,,
43678,1445.18,1413.78,,
43679,1440.83,1445.18,,
43682,1463.7,1440.83,,
43683,1474.42,1463.7,,
43684,1501.16,1474.42,,
43685,1500.95,1501.16,,
43686,1496.95,1500.95,,
43689,1511.16,1496.95,,
43690,1501.51,1511.16,,
43691,1516.36,1501.51,,
43692,1523.29,1516.36,,
43693,1513.52,1523.29,,
43696,1495.92,1513.52,,
43697,1507.2,1495.92,,
43698,1502.65,1507.2,,
43699,1498.06,1502.65,,
43700,1526.96,1498.06,,
43703,1527.31,1526.96,,
43704,1542.81,1527.31,,
43705,1539.01,1542.81,,
43706,1527.63,1539.01,,
43707,1520.38,1527.63,,
43710,1529.29,1520.38,,
43711,1547.1,1529.29,,
43712,1552.55,1547.1,,
43713,1519.05,1552.55,,
43714,1506.82,1519.05,,
43717,1499.13,1506.82,,
43718,1485.78,1499.13,,
43719,1497.2,1485.78,,
43720,1499.26,1497.2,,
43721,1488.53,1499.26,,
43724,1498.43,1488.53,,
43725,1501.38,1498.43,,
43726,1494,1501.38,,
43727,1499.03,1494,,
43728,1516.9,1499.03,,
43731,1522.24,1516.9,,
43732,1531.87,1522.24,,
43733,1504.05,1531.87,,
43734,1504.78,1504.05,,
43735,1497.01,1504.78,,
43738,1472.49,1497.01,,
43739,1479.14,1472.49,,
43740,1499.45,1479.14,,
43741,1505.19,1499.45,,
43742,1504.66,1505.19,,
43745,1493.5,1504.66,,
43746,1505.51,1493.5,,
43747,1505.57,1505.51,,
43748,1493.99,1505.57,,
43749,1489.01,1493.99,,
43752,1493.21,1489.01,,
43753,1481.01,1493.21,,
43754,1490.13,1481.01,,
43755,1491.87,1490.13,,
43756,1490.05,1491.87,,
43759,1484.5,1490.05,,
43760,1487.68,1484.5,,
43761,1492.12,1487.68,,
43762,1503.98,1492.12,,
43763,1504.63,1503.98,,
43766,1492.51,1504.63,,
43767,1487.72,1492.51,,
43768,1495.66,1487.72,,
43769,1512.99,1495.66,,
43770,1514.34,1512.99,,
43773,1509.82,1514.34,,
43774,1483.61,1509.82,,
43775,1490.57,1483.61,,
43776,1468.48,1490.57,,
43777,1459,1468.48,,
43780,1455.86,1459,,
43781,1456.32,1455.86,,
43782,1463.58,1456.32,,
43783,1471.4,1463.58,,
43784,1468.21,1471.4,,
43787,1471.51,1468.21,,
43788,1472.46,1471.51,,
43789,1471.61,1472.46,,
43790,1464.41,1471.61,,
43791,1461.93,1464.41,,
43794,1455.26,1461.93,,
43795,1461.39,1455.26,,
43796,1454.44,1461.39,,
43797,1456.27,1454.44,,
43798,1463.98,1456.27,,
43801,1462.44,1463.98,,
43802,1477.61,1462.44,,
43803,1474.59,1477.61,,
43804,1476,1474.59,,
43805,1460.17,1476,,
43808,1461.68,1460.17,,
43809,1464.39,1461.68,,
43810,1474.88,1464.39,,
43811,1469.8,1474.88,,
43812,1476.33,1469.8,,
43815,1476.18,1476.33,,
43816,1476.22,1476.18,,
43817,1475.4,1476.22,,
43818,1478.8,1475.4,,
43819,1478.22,1478.8,,
43822,1485.79,1478.22,,
43823,1499.41,1485.79,,
43824,1499.84,1499.41,,
43825,1511.53,1499.84,,
43826,1510.56,1511.53,,
43829,1515.16,1510.56,,
43830,1517.27,1515.16,,
43831,1517.29,1517.27,,
43832,1529.13,1517.29,,
43833,1552.2,1529.13,,
43836,1565.74,1552.2,,
43837,1574.37,1565.74,,
43838,1556.42,1574.37,,
43839,1552.32,1556.42,,
43840,1562.34,1552.32,,
43843,1547.88,1562.34,,
43844,1546.39,1547.88,,
43845,1556.25,1546.39,,
43846,1552.51,1556.25,,
43847,1557.24,1552.51,,
43850,1560.77,1557.24,,
43851,1558.17,1560.77,,
43852,1558.78,1558.17,,
43853,1562.94,1558.78,,
43854,1571.53,1562.94,,
43857,1582.06,1571.53,,
43858,1567.17,1582.06,,
43859,1576.83,1567.17,,
43860,1574.28,1576.83,,
43861,1589.16,1574.28,,
43864,1576.73,1589.16,,
43865,1552.92,1576.73,,
43866,1556.02,1552.92,,
43867,1566.66,1556.02,,
43868,1570.44,1566.66,,
43871,1572.15,1570.44,,
43872,1567.89,1572.15,,
43873,1566.06,1567.89,,
43874,1576,1566.06,,
43875,1584.06,1576,,
43878,1581.13,1584.06,,
43879,1601.61,1581.13,,
43880,1611.7,1601.61,,
43881,1619.56,1611.7,,
43882,1643.41,1619.56,,
43885,1659.38,1643.41,,
43886,1635.14,1659.38,,
43887,1640.96,1635.14,,
43888,1645.01,1640.96,,
43889,1585.69,1645.01,,
43892,1589.44,1585.69,,
43893,1640.9,1589.44,,
43894,1636.93,1640.9,,
43895,1672.23,1636.93,,
43896,1673.83,1672.23,,
43899,1680.47,1673.83,,
43900,1649.4,1680.47,,
43901,1635.04,1649.4,,
43902,1576.15,1635.04,,
43903,1529.83,1576.15,,
43906,1514.1,1529.83,,
43907,1528.3,1514.1,,
43908,1486.05,1528.3,,
43909,1471.24,1486.05,,
43910,1498.65,1471.24,,
43913,1553.23,1498.65,,
43914,1632.32,1553.23,,
43915,1616.9,1632.32,,
43916,1631.34,1616.9,,
43917,1628.16,1631.34,,
43920,1622.51,1628.16,,
43921,1577.18,1622.51,,
43922,1591.51,1577.18,,
43923,1613.99,1591.51,,
43924,1620.81,1613.99,,
43927,1660.97,1620.81,,
43928,1647.72,1660.97,,
43929,1646.14,1647.72,,
43930,1683.73,1646.14,,
43931,1696.65,1683.73,,
43934,1715.34,1696.65,,
43935,1726.97,1715.34,,
43936,1717.03,1726.97,,
43937,1717.7,1717.03,,
43938,1682.82,1717.7,,
43941,1695.65,1682.82,,
43942,1686.2,1695.65,,
43943,1714.08,1686.2,,
43944,1730.51,1714.08,,
43945,1729.6,1730.51,,
43948,1713.99,1729.6,,
43949,1707.79,1713.99,,
43950,1713.41,1707.79,,
43951,1686.5,1713.41,,
43952,1700.42,1686.5,,
43955,1702.07,1700.42,,
43956,1705.92,1702.07,,
43957,1685.71,1705.92,,
43958,1716.06,1685.71,,
43959,1702.7,1716.06,,
43962,1697.93,1702.7,,
43963,1702.7,1697.93,,
43964,1716.28,1702.7,,
43965,1730.3,1716.28,,
43966,1743.67,1730.3,,
43969,1732.55,1743.67,,
43970,1745.05,1732.55,,
43971,1748.18,1745.05,,
43972,1727,1748.18,,
43973,1734.68,1727,,
43976,1731.95,1734.68,,
43977,1710.58,1731.95,,
43978,1709.47,1710.58,,
43979,1718.33,1709.47,,
43980,1730.27,1718.33,,
43983,1739.55,1730.27,,
43984,1727.7,1739.55,,
43985,1699.67,1727.7,,
43986,1714.01,1699.67,,
43987,1685.06,1714.01,,
43990,1698.53,1685.06,,
43991,1715.33,1698.53,,
43992,1738.7,1715.33,,
43993,1727.7,1738.7,,
43994,1730.75,1727.7,,
43997,1725.16,1730.75,,
43998,1726.53,1725.16,,
43999,1726.95,1726.53,,
44000,1722.93,1726.95,,
44001,1743.87,1722.93,,
44004,1754.43,1743.87,,
44005,1768.41,1754.43,,
44006,1761.17,1768.41,,
44007,1763.79,1761.17,,
44008,1771.29,1763.79,,
44011,1772.82,1771.29,,
44012,1780.96,1772.82,,
44013,1770.09,1780.96,,
44014,1775.38,1770.09,,
44015,1775.95,1775.38,,
44018,1784.68,1775.95,,
44019,1794.86,1784.68,,
44020,1808.89,1794.86,,
44021,1803.55,1808.89,,
44022,1798.7,1803.55,,
44025,1802.76,1798.7,,
44026,1809.36,1802.76,,
44027,1810.29,1809.36,,
44028,1797.16,1810.29,,
44029,1810.42,1797.16,,
44032,1817.77,1810.42,,
44033,1841.91,1817.77,,
44034,1871.41,1841.91,,
44035,1887.44,1871.41,,
44036,1902.02,1887.44,,
44039,1942.24,1902.02,,
44040,1958.43,1942.24,,
44041,1970.79,1958.43,,
44042,1956.64,1970.79,,
44043,1975.86,1956.64,,
44046,1976.98,1975.86,,
44047,2019.21,1976.98,,
44048,2038.12,2019.21,,
44049,2063.54,2038.12,,
44050,2035.55,2063.54,,
44053,2027.34,2035.55,,
44054,1911.89,2027.34,,
44055,1915.83,1911.89,,
44056,1953.71,1915.83,,
44057,1945.12,1953.71,,
44060,1985.3,1945.12,,
44061,2002.44,1985.3,,
44062,1928.98,2002.44,,
44063,1947.26,1928.98,,
44064,1940.48,1947.26,,
44067,1928.88,1940.48,,
44068,1928.18,1928.88,,
44069,1954.46,1928.18,,
44070,1929.54,1954.46,,
44071,1964.83,1929.54,,
44074,1967.8,1964.83,,
44075,1970.18,1967.8,,
44076,1942.92,1970.18,,
44077,1930.91,1942.92,,
44078,1933.94,1930.91,,
44081,1933.64,1933.94,,
44082,1932.03,1933.64,,
44083,1946.84,1932.03,,
44084,1946.09,1946.84,,
44085,1940.55,1946.09,,
44088,1956.86,1940.55,,
44089,1954.15,1956.86,,
44090,1959.26,1954.15,,
44091,1944.44,1959.26,,
44092,1950.86,1944.44,,
44095,1912.51,1950.86,,
44096,1900.21,1912.51,,
44097,1863.34,1900.21,,
44098,1868.07,1863.34,,
44099,1861.58,1868.07,,
44102,1881.48,1861.58,,
44103,1898.07,1881.48,,
44104,1885.82,1898.07,,
44105,1906.01,1885.82,,
44106,1899.84,1906.01,,
44109,1913.53,1899.84,,
44110,1878.18,1913.53,,
44111,1887.42,1878.18,,
44112,1893.82,1887.42,,
44113,1930.4,1893.82,,
44116,1922.77,1930.4,,
44117,1891.36,1922.77,,
44118,1901.52,1891.36,,
44119,1908.71,1901.52,,
44120,1899.29,1908.71,,
44123,1904.08,1899.29,,
44124,1906.95,1904.08,,
44125,1924.33,1906.95,,
44126,1904.11,1924.33,,
44127,1902.05,1904.11,,
44130,1902.08,1902.05,,
44131,1907.99,1902.08,,
44132,1877.19,1907.99,,
44133,1867.59,1877.19,,
44134,1878.81,1867.59,,
44137,1895.48,1878.81,,
44138,1909.17,1895.48,,
44139,1902.92,1909.17,,
44140,1949.66,1902.92,,
44141,1951.35,1949.66,,
44144,1863.04,1951.35,,
44145,1877.32,1863.04,,
44146,1865.73,1877.32,,
44147,1876.83,1865.73,,
44148,1889.2,1876.83,,
44151,1888.95,1889.2,,
44152,1880.38,1888.95,,
44153,1872.24,1880.38,,
44154,1866.54,1872.24,,
44155,1870.99,1866.54,,
44158,1837.86,1870.99,,
44159,1807.59,1837.86,,
44160,1807.56,1807.59,,
44161,1815.8,1807.56,,
44162,1787.79,1815.8,,
44165,1776.95,1787.79,,
44166,1815.24,1776.95,,
44167,1831.28,1815.24,,
44168,1841.08,1831.28,,
44169,1838.86,1841.08,,
44172,1862.73,1838.86,,
44173,1870.56,1862.73,,
44174,1839.55,1870.56,,
44175,1836.57,1839.55,,
44176,1839.85,1836.57,,
44179,1827.35,1839.85,,
44180,1853.64,1827.35,,
44181,1864.8,1853.64,,
44182,1885.42,1864.8,,
44183,1881.35,1885.42,,
44186,1876.89,1881.35,,
44187,1860.84,1876.89,,
44188,1872.89,1860.84,,
44189,1883.46,1872.89,,
44193,1873.69,1883.46,,
44194,1878.18,1873.69,,
44195,1894.39,1878.18,,
44196,1898.36,1894.39,,
44197,1898.67,1898.36,,
44200,1942.9,1898.67,,
44201,1950.01,1942.9,,
44202,1918.61,1950.01,,
44203,1913.95,1918.61,,
44204,1849.01,1913.95,,
44207,1843.89,1849.01,,
44208,1854.77,1843.89,,
44209,1845.51,1854.77,,
44210,1846.53,1845.51,,
44211,1828.45,1846.53,,
44214,1841.26,1828.45,,
44215,1840.28,1841.26,,
44216,1871.84,1840.28,,
44217,1870.02,1871.84,,
44218,1855.61,1870.02,,
44221,1855.93,1855.61,,
44222,1850.92,1855.93,,
44223,1843.98,1850.92,,
44224,1843.17,1843.98,,
44225,1847.65,1843.17,,
44228,1860.78,1847.65,,
44229,1838.03,1860.78,,
44230,1834.04,1838.03,,
44231,1794.03,1834.04,,
44232,1814.11,1794.03,,
44235,1830.81,1814.11,,
44236,1838.32,1830.81,,
44237,1842.89,1838.32,,
44238,1825.51,1842.89,,
44239,1824.23,1825.51,,
44242,1818.86,1824.23,,
44243,1794.47,1818.86,,
44244,1776.13,1794.47,,
44245,1775.67,1776.13,,
44246,1784.25,1775.67,,
44249,1809.67,1784.25,,
44250,1805.73,1809.67,,
44251,1805.06,1805.73,,
44252,1770.56,1805.06,,
44253,1734.04,1770.56,,
44256,1725.04,1734.04,,
44257,1738.36,1725.04,,
44258,1711.23,1738.36,,
44259,1697.52,1711.23,,
44260,1700.64,1697.52,,
44263,1683.54,1700.64,,
44264,1716.1,1683.54,,
44265,1726.71,1716.1,,
44266,1722.6,1726.71,,
44267,1727.11,1722.6,,
44270,1731.67,1727.11,,
44271,1731.4,1731.67,,
44272,1745.33,1731.4,,
44273,1736.42,1745.33,,
44274,1745.23,1736.42,,
44277,1739.03,1745.23,,
44278,1727.07,1739.03,,
44279,1734.69,1727.07,,
44280,1726.93,1734.69,,
44281,1732.52,1726.93,,
44284,1712.2,1732.52,,
44285,1685.2,1712.2,,
44286,1707.71,1685.2,,
44287,1729.31,1707.71,,
44288,1728.87,1729.31,,
44291,1728.27,1728.87,,
44292,1743.27,1728.27,,
44293,1737.72,1743.27,,
44294,1755.84,1737.72,,
44295,1743.88,1755.84,,
44298,1732.76,1743.88,,
44299,1745.51,1732.76,,
44300,1736.43,1745.51,,
44301,1763.95,1736.43,,
44302,1776.51,1763.95,,
44305,1771.43,1776.51,,
44306,1778.75,1771.43,,
44307,1793.79,1778.75,,
44308,1783.94,1793.79,,
44309,1777.2,1783.94,,
44312,1781.38,1777.2,,
44313,1776.6,1781.38,,
44314,1781.68,1776.6,,
44315,1772.18,1781.68,,
44316,1769.13,1772.18,,
44319,1792.88,1769.13,,
44320,1779.06,1792.88,,
44321,1786.87,1779.06,,
44322,1815.22,1786.87,,
44323,1831.24,1815.22,,
44326,1836.07,1831.24,,
44327,1837.47,1836.07,,
44328,1815.69,1837.47,,
44329,1826.72,1815.69,,
44330,1843.43,1826.72,,
44333,1866.9,1843.43,,
44334,1869.44,1866.9,,
44335,1869.62,1869.44,,
44336,1877.21,1869.62,,
44337,1881.25,1877.21,,
44340,1881.02,1881.25,,
44341,1899.25,1881.02,,
44342,1896.67,1899.25,,
44343,1896.54,1896.67,,
44344,1903.77,1896.54,,
44347,1906.87,1903.77,,
44348,1900.44,1906.87,,
44349,1908.38,1900.44,,
44350,1870.76,1908.38,,
44351,1891.59,1870.76,,
44354,1899.21,1891.59,,
44355,1892.89,1899.21,,
44356,1888.57,1892.89,,
44357,1898.51,1888.57,,
44358,1877.53,1898.51,,
44361,1866.18,1877.53,,
44362,1859.02,1866.18,,
44363,1811.47,1859.02,,
44364,1773.5,1811.47,,
44365,1764.16,1773.5,,
44368,1783.27,1764.16,,
44369,1778.74,1783.27,,
44370,1778.68,1778.74,,
44371,1775.17,1778.68,,
44372,1781.44,1775.17,,
44375,1778.48,1781.44,,
44376,1761.24,1778.48,,
44377,1770.11,1761.24,,
44378,1776.84,1770.11,,
44379,1787.3,1776.84,,
44382,1791.77,1787.3,,
44383,1797.08,1791.77,,
44384,1803.63,1797.08,,
44385,1802.83,1803.63,,
44386,1808.32,1802.83,,
44389,1806.28,1808.32,,
44390,1807.76,1806.28,,
44391,1827.53,1807.76,,
44392,1829.47,1827.53,,
44393,1812.05,1829.47,,
44396,1812.64,1812.05,,
44397,1810.36,1812.64,,
44398,1803.66,1810.36,,
44399,1806.92,1803.66,,
44400,1802.15,1806.92,,
44403,1797.63,1802.15,,
44404,1799.09,1797.63,,
44405,1807.11,1799.09,,
44406,1828.17,1807.11,,
44407,1814.19,1828.17,,
44410,1813.47,1814.19,,
44411,1810.44,1813.47,,
44412,1811.74,1810.44,,
44413,1804.41,1811.74,,
44414,1763.03,1804.41,,
44417,1729.94,1763.03,,
44418,1728.93,1729.94,,
44419,1751.7,1728.93,,
44420,1752.9,1751.7,,
44421,1779.74,1752.9,,
44424,1787.45,1779.74,,
44425,1786.19,1787.45,,
44426,1787.82,1786.19,,
44427,1780.38,1787.82,,
44428,1781.11,1780.38,,
44431,1805.43,1781.11,,
44432,1802.9,1805.43,,
44433,1791,1802.9,,
44434,1792.43,1791,,
44435,1817.57,1792.43,,
44438,1810.34,1817.57,,
44439,1813.62,1810.34,,
44440,1813.9,1813.62,,
44441,1809.66,1813.9,,
44442,1827.73,1809.66,,
44445,1823.29,1827.73,,
44446,1794.36,1823.29,,
44447,1789.26,1794.36,,
44448,1794.58,1789.26,,
44449,1787.58,1794.58,,
44452,1793.75,1787.58,,
44453,1804.51,1793.75,,
44454,1794.06,1804.51,,
44455,1753.77,1794.06,,
44456,1754.34,1753.77,,
44459,1764.16,1754.34,,
44460,1774.51,1764.16,,
44461,1768.16,1774.51,,
44462,1742.76,1768.16,,
44463,1750.42,1742.76,,
44466,1750.16,1750.42,,
44467,1734.01,1750.16,,
44468,1726.37,1734.01,,
44469,1756.95,1726.37,,
44470,1760.98,1756.95,,
44473,1769.57,1760.98,,
44474,1760.18,1769.57,,
44475,1762.74,1760.18,,
44476,1755.78,1762.74,,
44477,1757.13,1755.78,,
44480,1754.15,1757.13,,
44481,1760.18,1754.15,,
44482,1792.97,1760.18,,
44483,1795.87,1792.97,,
44484,1767.62,1795.87,,
44487,1764.86,1767.62,,
44488,1769.29,1764.86,,
44489,1782.08,1769.29,,
44490,1782.9,1782.08,,
44491,1792.65,1782.9,,
44494,1807.73,1792.65,,
44495,1792.91,1807.73,,
44496,1796.81,1792.91,,
44497,1798.91,1796.81,,
44498,1783.38,1798.91,,
44501,1793.28,1783.38,,
44502,1787.76,1793.28,,
44503,1769.84,1787.76,,
44504,1792.04,1769.84,,
44505,1818.36,1792.04,,
44508,1824.18,1818.36,,
44509,1831.92,1824.18,,
44510,1849.6,1831.92,,
44511,1862.11,1849.6,,
44512,1864.9,1862.11,,
44515,1862.84,1864.9,,
44516,1850.63,1862.84,,
44517,1867.48,1850.63,,
44518,1858.94,1867.48,,
44519,1845.73,1858.94,,
44522,1804.65,1845.73,,
44523,1789.16,1804.65,,
44524,1788.61,1789.16,,
44525,1788.85,1788.61,,
44526,1802.59,1788.85,,
44529,1784.6,1802.59,,
44530,1774.52,1784.6,,
44531,1781.73,1774.52,,
44532,1768.74,1781.73,,
44533,1783.29,1768.74,,
44536,1778.67,1783.29,,
44537,1784.13,1778.67,,
44538,1782.99,1784.13,,
44539,1775.33,1782.99,,
44540,1782.84,1775.33,,
44543,1786.67,1782.84,,
44544,1770.85,1786.67,,
44545,1776.92,1770.85,,
44546,1799.35,1776.92,,
44547,1798.11,1799.35,,
44550,1790.93,1798.11,,
44551,1789.27,1790.93,,
44552,1803.67,1789.27,,
44553,1808.81,1803.67,,
44554,1810.26,1808.81,,
44557,1812.13,1810.26,,
44558,1806.18,1812.13,,
44559,1804.71,1806.18,,
44560,1814.67,1804.71,,
44561,1829.2,1814.67,,
44564,1801.45,1829.2,,
44565,1814.6,1801.45,,
44566,1810.44,1814.6,,
44567,1791.16,1810.44,,
44568,1796.55,1791.16,,
44571,1801.68,1796.55,,
44572,1821.6,1801.68,,
44573,1826.15,1821.6,,
44574,1822.54,1826.15,,
44575,1817.94,1822.54,,
44578,1819.23,1817.94,,
44579,1813.74,1819.23,,
44580,1840.54,1813.74,,
44581,1839.29,1840.54,,
44582,1835.38,1839.29,,
44585,1843.06,1835.38,,
44586,1848.02,1843.06,,
44587,1819.59,1848.02,,
44588,1797.43,1819.59,,
44589,1791.53,1797.43,,
44592,1797.17,1791.53,,
44593,1801.19,1797.17,,
44594,1806.8,1801.19,,
44595,1804.85,1806.8,,
44596,1808.28,1804.85,,
44599,1820.47,1808.28,,
44600,1825.92,1820.47,,
44601,1833.36,1825.92,,
44602,1826.85,1833.36,,
44603,1858.76,1826.85,,
44606,1871.18,1858.76,,
44607,1853.61,1871.18,,
44608,1869.8,1853.61,,
44609,1898.43,1869.8,,
44610,1898.43,1898.43,,
44613,1906.29,1898.43,,
44614,1898.64,1906.29,,
44615,1909.01,1898.64,,
44616,1903.89,1909.01,,
44617,1889.34,1903.89,,
44620,1908.99,1889.34,,
44621,1945.28,1908.99,,
44622,1928.72,1945.28,,
44623,1935.95,1928.72,,
44624,1970.7,1935.95,,
44627,1998.11,1970.7,,
44628,2050.76,1998.11,,
44629,1991.83,2050.76,,
44630,1996.98,1991.83,,
44631,1988.46,1996.98,,
44634,1950.88,1988.46,,
44635,1917.94,1950.88,,
44636,1927.29,1917.94,,
44637,1942.89,1927.29,,
44638,1921.62,1942.89,,
44641,1935.91,1921.62,,
44642,1921.69,1935.91,,
44643,1943.86,1921.69,,
44644,1957.69,1943.86,,
44645,1958.29,1957.69,,
44648,1922.8,1958.29,,
44649,1919.43,1922.8,,
44650,1932.87,1919.43,,
44651,1937.44,1932.87,,
44652,1925.68,1937.44,,
44655,1932.73,1925.68,,
44656,1923.6,1932.73,,
44657,1925.35,1923.6,,
44658,1931.86,1925.35,,
44659,1947.54,1931.86,,
44662,1953.52,1947.54,,
44663,1966.76,1953.52,,
44664,1977.8,1966.76,,
44665,1973.71,1977.8,,
44666,1978.24,1973.71,,
44669,1978.91,1978.24,,
44670,1950.09,1978.91,,
44671,1957.77,1950.09,,
44672,1951.62,1957.77,,
44673,1931.6,1951.62,,
44676,1897.83,1931.6,,
44677,1905.51,1897.83,,
44678,1886.1,1905.51,,
44679,1894.45,1886.1,,
44680,1896.93,1894.45,,
44683,1863.02,1896.93,,
44684,1868.12,1863.02,,
44685,1881.22,1868.12,,
44686,1877.18,1881.22,,
44687,1883.81,1877.18,,
44690,1854.17,1883.81,,
44691,1838.27,1854.17,,
44692,1852.4,1838.27,,
44693,1821.82,1852.4,,
44694,1811.79,1821.82,,
44697,1824.14,1811.79,,
44698,1815.16,1824.14,,
44699,1816.6,1815.16,,
44700,1841.85,1816.6,,
44701,1846.5,1841.85,,
44704,1853.59,1846.5,,
44705,1866.45,1853.59,,
44706,1853.46,1866.45,,
44707,1850.63,1853.46,,
44708,1853.72,1850.63,,
44711,1855.23,1853.72,,
44712,1837.35,1855.23,,
44713,1846.6,1837.35,,
44714,1868.58,1846.6,,
44715,1851.19,1868.58,,
44718,1841.43,1851.19,,
44719,1852.37,1841.43,,
44720,1853.36,1852.37,,
44721,1847.95,1853.36,,
44722,1871.6,1847.95,,
44725,1819.26,1871.6,,
44726,1808.49,1819.26,,
44727,1833.82,1808.49,,
44728,1857.33,1833.82,,
44729,1839.39,1857.33,,
44732,1838.74,1839.39,,
44733,1832.98,1838.74,,
44734,1837.72,1832.98,,
44735,1822.77,1837.72,,
44736,1826.88,1822.77,,
44739,1822.85,1826.88,,
44740,1820.01,1822.85,,
44741,1817.73,1820.01,,
44742,1807.27,1817.73,,
44743,1811.43,1807.27,,
44746,1808.15,1811.43,,
44747,1764.76,1808.15,,
44748,1738.86,1764.76,,
44749,1740.16,1738.86,,
44750,1742.48,1740.16,,
44753,1733.96,1742.48,,
44754,1726,1733.96,,
44755,1735.51,1726,,
44756,1709.94,1735.51,,
44757,1708.17,1709.94,,
44760,1709.22,1708.17,,
44761,1711.67,1709.22,,
44762,1696.58,1711.67,,
44763,1718.81,1696.58,,
44764,1727.64,1718.81,,
44767,1719.78,1727.64,,
44768,1717.32,1719.78,,
44769,1734.19,1717.32,,
44770,1755.84,1734.19,,
44771,1765.94,1755.84,,
44774,1772.17,1765.94,,
44775,1760.39,1772.17,,
44776,1765.29,1760.39,,
44777,1791.28,1765.29,,
44778,1775.5,1791.28,,
44781,1788.96,1775.5,,
44782,1794.29,1788.96,,
44783,1792.38,1794.29,,
44784,1789.72,1792.38,,
44785,1802.4,1789.72,,
44788,1779.71,1802.4,,
44789,1775.69,1779.71,,
44790,1761.77,1775.69,,
44791,1758.61,1761.77,,
44792,1747.06,1758.61,,
44795,1736.3,1747.06,,
44796,1748.15,1736.3,,
44797,1751.19,1748.15,,
44798,1758.71,1751.19,,
44799,1738.14,1758.71,,
44802,1737.09,1738.14,,
44803,1724.02,1737.09,,
44804,1711.04,1724.02,,
44805,1697.52,1711.04,,
44806,1712.19,1697.52,,
44809,1710.4,1712.19,,
44810,1702.14,1710.4,,
44811,1718.37,1702.14,,
44812,1708.46,1718.37,,
44813,1716.83,1708.46,,
44816,1724.54,1716.83,,
44817,1702.17,1724.54,,
44818,1697.32,1702.17,,
44819,1665.11,1697.32,,
44820,1675.06,1665.11,,
44823,1675.84,1675.06,,
44824,1664.89,1675.84,,
44825,1673.89,1664.89,,
44826,1671.22,1673.89,,
44827,1643.94,1671.22,,
44830,1622.36,1643.94,,
44831,1628.9,1622.36,,
44832,1659.97,1628.9,,
44833,1660.54,1659.97,,
44834,1660.61,1660.54,,
44837,1699.89,1660.61,,
44838,1726.13,1699.89,,
44839,1716.26,1726.13,,
44840,1712.53,1716.26,,
44841,1694.82,1712.53,,
44844,1668.61,1694.82,,
44845,1666.34,1668.61,,
44846,1673.19,1666.34,,
44847,1666.37,1673.19,,
44848,1644.47,1666.37,,
44851,1650.09,1644.47,,
44852,1652.22,1650.09,,
44853,1629.44,1652.22,,
44854,1628.02,1629.44,,
44855,1657.69,1628.02,,
44858,1649.78,1657.69,,
44859,1653.17,1649.78,,
44860,1664.57,1653.17,,
44861,1663.31,1664.57,,
44862,1644.86,1663.31,,
44865,1633.56,1644.86,,
44866,1647.98,1633.56,,
44867,1635.24,1647.98,,
44868,1629.49,1635.24,,
44869,1681.87,1629.49,,
44872,1675.63,1681.87,,
44873,1712.42,1675.63,,
44874,1706.74,1712.42,,
44875,1755.45,1706.74,,
44876,1771.24,1755.45,,
44879,1771.4,1771.24,,
44880,1778.94,1771.4,,
44881,1773.87,1778.94,,
44882,1760.44,1773.87,,
44883,1750.68,1760.44,,
44886,1738.05,1750.68,,
44887,1740.25,1738.05,,
44888,1749.68,1740.25,,
44889,1755.24,1749.68,,
44890,1754.93,1755.24,,
44893,1741.36,1754.93,,
44894,1749.85,1741.36,,
44895,1768.52,1749.85,,
44896,1803.1,1768.52,,
44897,1797.63,1803.1,,
44900,1768.68,1797.63,,
44901,1771.04,1768.68,,
44902,1786.27,1771.04,,
44903,1789.14,1786.27,,
44904,1797.32,1789.14,,
44907,1781.44,1797.32,,
44908,1810.8,1781.44,,
44909,1807.32,1810.8,,
44910,1776.85,1807.32,,
44911,1793.08,1776.85,,
44914,1787.62,1793.08,,
44915,1817.94,1787.62,,
44916,1814.39,1817.94,,
44917,1792.52,1814.39,,
44918,1798.2,1792.52,,
44922,1813.69,1798.2,,
44923,1804.35,1813.69,,
44924,1814.91,1804.35,,
44925,1824.02,1814.91,,
44929,1839.48,1824.02,,
44930,1854.56,1839.48,,
44931,1832.89,1854.56,,
44932,1865.69,1832.89,,
44935,1871.81,1865.69,,
44936,1877.03,1871.81,,
44937,1875.69,1877.03,,
44938,1897.09,1875.69,,
44939,1920.23,1897.09,,
44942,1916.02,1920.23,,
44943,1908.69,1916.02,,
44944,1904.11,1908.69,,
44945,1932.24,1904.11,,
44946,1926.08,1932.24,,
44949,1931.04,1926.08,,
44950,1937.36,1931.04,,
44951,1946.11,1937.36,,
44952,1929.21,1946.11,,
44953,1928.04,1929.21,,
44956,1923.17,1928.04,,
44957,1928.36,1923.17,,
44958,1950.52,1928.36,,
44959,1912.72,1950.52,,
44960,1864.97,1912.72,,
44963,1867.48,1864.97,,
44964,1873.1,1867.48,,
44965,1875.49,1873.1,,
44966,1861.78,1875.49,,
44967,1865.57,1861.78,,
44970,1853.49,1865.57,,
44971,1854.31,1853.49,,
44972,1836.01,1854.31,,
44973,1836.36,1836.01,,
44974,1842.36,1836.36,,
44977,1841.38,1842.36,,
44978,1835.09,1841.38,,
44979,1825.39,1835.09,,
44980,1822.28,1825.39,,
44981,1811.04,1822.28,,
44984,1817.14,1811.04,,
44985,1826.92,1817.14,,
44986,1836.72,1826.92,,
44987,1835.87,1836.72,,
44988,1856.48,1835.87,,
44991,1846.86,1856.48,,
44992,1813.45,1846.86,,
44993,1813.8,1813.45,,
44994,1831.03,1813.8,,
44995,1868.26,1831.03,,
44998,1913.7,1868.26,,
44999,1904.01,1913.7,,
45000,1918.58,1904.01,,
45001,1919.52,1918.58,,
45002,1989.25,1919.52,,
45005,1978.84,1989.25,,
45006,1940.07,1978.84,,
45007,1970.11,1940.07,,
45008,1993.4,1970.11,,
45009,1978.21,1993.4,,
45012,1956.67,1978.21,,
45013,1973.54,1956.67,,
45014,1964.7,1973.54,,
45015,1980.37,1964.7,,
45016,1969.28,1980.37,,
45019,1984.65,1969.28,,
45020,2020.42,1984.65,,
45021,2020.73,2020.42,,
45022,2007.91,2020.73,,
45026,1991.48,2007.91,,
45027,2003.62,1991.48,,
45028,2014.93,2003.62,,
45029,2040.22,2014.93,,
45030,2004.17,2040.22,,
45033,1995.19,2004.17,,
45034,2005.45,1995.19,,
45035,1994.93,2005.45,,
45036,2004.8,1994.93,,
45037,1983.06,2004.8,,
45040,1989.14,1983.06,,
45041,1997.39,1989.14,,
45042,1989.04,1997.39,,
45043,1987.78,1989.04,,
45044,1990,1987.78,,
45047,1982.56,1990,,
45048,2016.68,1982.56,,
45049,2038.97,2016.68,,
45050,2050.28,2038.97,,
45051,2016.79,2050.28,,
45054,2021.16,2016.79,,
45055,2034.56,2021.16,,
45056,2030.09,2034.56,,
45057,2015.05,2030.09,,
45058,2010.77,2015.05,,
45061,2016.49,2010.77,,
45062,1989.17,2016.49,,
45063,1981.84,1989.17,,
45064,1957.55,1981.84,,
45065,1977.81,1957.55,,
45068,1971.86,1977.81,,
45069,1975.23,1971.86,,
45070,1957.16,1975.23,,
45071,1941.41,1957.16,,
45072,1946.46,1941.41,,
45075,1943.19,1946.46,,
45076,1959.33,1943.19,,
45077,1962.73,1959.33,,
45078,1977.61,1962.73,,
45079,1947.97,1977.61,,
45082,1961.86,1947.97,,
45083,1963.52,1961.86,,
45084,1940.02,1963.52,,
45085,1965.46,1940.02,,
45086,1961.19,1965.46,,
45089,1957.84,1961.19,,
45090,1943.74,1957.84,,
45091,1942.52,1943.74,,
45092,1958.01,1942.52,,
45093,1957.98,1958.01,,
45096,1950.48,1957.98,,
45097,1936.42,1950.48,,
45098,1932.55,1936.42,,
45099,1914.01,1932.55,,
45100,1921.2,1914.01,,
45103,1923.26,1921.2,,
45104,1913.69,1923.26,,
45105,1907.32,1913.69,,
45106,1908.2,1907.32,,
45107,1919.35,1908.2,,
45110,1921.64,1919.35,,
45111,1925.48,1921.64,,
45112,1915.3,1925.48,,
45113,1910.9,1915.3,,
45114,1925.05,1910.9,,
45117,1925.35,1925.05,,
45118,1932.23,1925.35,,
45119,1957.35,1932.23,,
45120,1960.51,1957.35,,
45121,1955.21,1960.51,,
45124,1955.04,1955.21,,
45125,1978.72,1955.04,,
45126,1976.64,1978.72,,
45127,1969.53,1976.64,,
45128,1961.94,1969.53,,
45131,1954.73,1961.94,,
45132,1964.96,1954.73,,
45133,1972.07,1964.96,,
45134,1946,1972.07,,
45135,1959.49,1946,,
45138,1965.09,1959.49,,
45139,1944.29,1965.09,,
45140,1934.45,1944.29,,
45141,1934.06,1934.45,,
45142,1942.91,1934.06,,
45145,1936.56,1942.91,,
45146,1925.24,1936.56,,
45147,1914.46,1925.24,,
45148,1912.48,1914.46,,
45149,1913.76,1912.48,,
45152,1907.1,1913.76,,
45153,1902,1907.1,,
45154,1891.81,1902,,
45155,1889.43,1891.81,,
45156,1889.31,1889.43,,
45159,1894.93,1889.31,,
45160,1897.48,1894.93,,
45161,1915.48,1897.48,,
45162,1916.91,1915.48,,
45163,1914.96,1916.91,,
45166,1920.17,1914.96,,
45167,1937.54,1920.17,,
45168,1942.32,1937.54,,
45169,1940.19,1942.32,,
45170,1940.06,1940.19,,
45173,1942.69,1940.06,,
45174,1926.12,1942.69,,
45175,1916.56,1926.12,,
45176,1919.68,1916.56,,
45177,1919.08,1919.68,,
45180,1922.3,1919.08,,
45181,1913.67,1922.3,,
45182,1908.12,1913.67,,
45183,1910.79,1908.12,,
45184,1923.91,1910.79,,
45187,1933.84,1923.91,,
45188,1931.36,1933.84,,
45189,1930.3,1931.36,,
45190,1920.02,1930.3,,
45191,1925.23,1920.02,,
45194,1915.92,1925.23,,
45195,1900.65,1915.92,,
45196,1875.12,1900.65,,
45197,1864.87,1875.12,,
45198,1848.63,1864.87,,
45201,1828.03,1848.63,,
45202,1823.02,1828.03,,
45203,1821.36,1823.02,,
45204,1820.3,1821.36,,
45205,1833.01,1820.3,,
45208,1861.41,1833.01,,
45209,1860.4,1861.41,,
45210,1874.36,1860.4,,
45211,1868.9,1874.36,,
45212,1932.82,1868.9,,
45215,1920.2,1932.82,,
45216,1923.18,1920.2,,
45217,1947.55,1923.18,,
45218,1974.46,1947.55,,
45219,1981.4,1974.46,,
45222,1972.85,1981.4,,
45223,1970.97,1972.85,,
45224,1979.72,1970.97,,
45225,1984.71,1979.72,,
45226,2006.37,1984.71,,
45229,1996.1,2006.37,,
45230,1983.88,1996.1,,
45231,1982.53,1983.88,,
45232,1985.78,1982.53,,
45233,1992.65,1985.78,,
45236,1978.14,1992.65,,
45237,1969.45,1978.14,,
45238,1950.2,1969.45,,
45239,1958.55,1950.2,,
45240,1940.2,1958.55,,
45243,1946.92,1940.2,,
45244,1964.29,1946.92,,
45245,1959.85,1964.29,,
45246,1980.9,1959.85,,
45247,1980.82,1980.9,,
45250,1978.07,1980.82,,
45251,1998.29,1978.07,,
45252,1990.17,1998.29,,
45253,1992.25,1990.17,,
45254,2000.82,1992.25,,
45257,2014.13,2000.82,,
45258,2040.97,2014.13,,
45259,2044.24,2040.97,,
45260,2036.41,2044.24,,
45261,2072.22,2036.41,,
45264,2029.42,2072.22,,
45265,2019.36,2029.42,,
45266,2025.55,2019.36,,
45267,2028.47,2025.55,,
45268,2004.67,2028.47,,
45271,1981.95,2004.67,,
45272,1979.54,1981.95,,
45273,2027.74,1979.54,,
45274,2036.36,2027.74,,
45275,2019.62,2036.36,,
45278,2027.19,2019.62,,
45279,2040.35,2027.19,,
45280,2031.39,2040.35,,
45281,2045.95,2031.39,,
45282,2053.08,2045.95,,
45286,2067.81,2053.08,,
45287,2077.49,2067.81,,
45288,2065.61,2077.49,,
45289,2062.98,2065.61,,
45293,2058.96,2062.98,,
45294,2041.49,2058.96,,
45295,2043.65,2041.49,,
45296,2045.45,2043.65,,
45299,2028.07,2045.45,,
45300,2030.2,2028.07,,
45301,2024.41,2030.2,,
45302,2028.91,2024.41,,
45303,2049.06,2028.91,,
45306,2056.55,2049.06,,
45307,2028.44,2056.55,,
45308,2006.25,2028.44,,
45309,2023.34,2006.25,,
45310,2029.49,2023.34,,
45313,2021.7,2029.49,,
45314,2029.28,2021.7,,
45315,2013.89,2029.28,,
45316,2020.84,2013.89,,
45317,2018.52,2020.84,,
45320,2033.23,2018.52,,
45321,2037.01,2033.23,,
45322,2039.52,2037.01,,
45323,2054.99,2039.52,,
45324,2039.76,2054.99,,
45327,2025.11,2039.76,,
45328,2036.14,2025.11,,
45329,2035.36,2036.14,,
45330,2034.52,2035.36,,
45331,2024.26,2034.52,,
45334,2020.05,2024.26,,
45335,1993.15,2020.05,,
45336,1992.33,1993.15,,
45337,2004.4,1992.33,,
45338,2013.59,2004.4,,
45341,2017.21,2013.59,,
45342,2024.41,2017.21,,
45343,2025.99,2024.41,,
45344,2024.39,2025.99,,
45345,2035.4,2024.39,,
45348,2031.24,2035.4,,
45349,2030.48,2031.24,,
45350,2034.55,2030.48,,
45351,2044.3,2034.55,,
45352,2082.92,2044.3,,
45355,2114.48,2082.92,,
45356,2128.04,2114.48,,
45357,2148.18,2128.04,,
45358,2159.98,2148.18,,
45359,2178.95,2159.98,,
45362,2182.75,2178.95,,
45363,2158.34,2182.75,,
45364,2174.41,2158.34,,
45365,2162.19,2174.41,,
45366,2155.9,2162.19,,
45369,2160.36,2155.9,,
45370,2157.59,2160.36,,
45371,2186.39,2157.59,,
45372,2181.33,2186.39,,
45373,2165.44,2181.33,,
45376,2171.83,2165.44,,
45377,2178.8,2171.83,,
45378,2194.79,2178.8,,
45379,2229.87,2194.79,,
45383,2251.44,2229.87,,
45384,2280.67,2251.44,,
45385,2300,2280.67,,
45386,2290.94,2300,,
45387,2329.75,2290.94,,
45390,2339.03,2329.75,,
45391,2352.78,2339.03,,
45392,2334.04,2352.78,,
45393,2372.52,2334.04,,
45394,2344.37,2372.52,,
45397,2383.34,2344.37,,
45398,2382.89,2383.34,,
45399,2361.02,2382.89,,
45400,2379.04,2361.02,,
45401,2391.93,2379.04,,
45404,2327.3,2391.93,,
45405,2322.02,2327.3,,
45406,2316.17,2322.02,,
45407,2332.46,2316.17,,
45408,2337.96,2332.46,,
45411,2335.66,2337.96,,
45412,2286.25,2335.66,,
45413,2319.56,2286.25,,
45414,2303.83,2319.56,,
45415,2301.74,2303.83,,
45418,2323.97,2301.74,,
45419,2314.1,2323.97,,
45420,2308.85,2314.1,,
45421,2346.33,2308.85,,
45422,2360.5,2346.33,,
45425,2336.32,2360.5,,
45426,2358.12,2336.32,,
45427,2385.99,2358.12,,
45428,2376.86,2385.99,,
45429,2415.22,2376.86,,
45432,2425.31,2415.22,,
45433,2421.05,2425.31,,
45434,2378.85,2421.05,,
45435,2329.27,2378.85,,
45436,2333.83,2329.27,,
45439,2350.97,2333.83,,
45440,2361.31,2350.97,,
45441,2338.12,2361.31,,
45442,2343.07,2338.12,,
45443,2327.33,2343.07,,
45446,2350.75,2327.33,,
45447,2327.01,2350.75,,
45448,2355.32,2327.01,,
45449,2376.06,2355.32,,
45450,2293.78,2376.06,,
45453,2310.88,2293.78,,
45454,2317.01,2310.88,,
45455,2324.98,2317.01,,
45456,2304.21,2324.98,,
45457,2333.04,2304.21,,
45460,2319.14,2333.04,,
45461,2329.46,2319.14,,
45462,2328.16,2329.46,,
45463,2360.09,2328.16,,
45464,2321.98,2360.09,,
45467,2334.65,2321.98,,
45468,2319.62,2334.65,,
45469,2298.23,2319.62,,
45470,2327.73,2298.23,,
45471,2326.75,2327.73,,
45474,2331.9,2326.75,,
45475,2329.46,2331.9,,
45476,2356.2,2329.46,,
45477,2356.69,2356.2,,
45478,2392.16,2356.69,,
45481,2359.13,2392.16,,
45482,2364.09,2359.13,,
45483,2371.26,2364.09,,
45484,2415.48,2371.26,,
45485,2411.43,2415.48,,
45488,2422.27,2411.43,,
45489,2469.08,2422.27,,
45490,2458.79,2469.08,,
45491,2445.08,2458.79,,
45492,2400.83,2445.08,,
45495,2396.59,2400.83,,
45496,2409.64,2396.59,,
45497,2397.7,2409.64,,
45498,2364.56,2397.7,,
45499,2387.19,2364.56,,
45502,2384.19,2387.19,,
45503,2410.78,2384.19,,
45504,2447.6,2410.78,,
45505,2446.26,2447.6,,
45506,2443.24,2446.26,,
45509,2410.79,2443.24,,
45510,2390.82,2410.79,,
45511,2382.92,2390.82,,
45512,2427.53,2382.92,,
45513,2431.32,2427.53,,
45516,2472.9,2431.32,,
45517,2465.16,2472.9,,
45518,2447.85,2465.16,,
45519,2456.79,2447.85,,
45520,2508.01,2456.79,,
45523,2504.28,2508.01,,
45524,2513.99,2504.28,,
45525,2512.56,2513.99,,
45526,2484.75,2512.56,,
45527,2512.59,2484.75,,
45530,2518.03,2512.59,,
45531,2524.64,2518.03,,
45532,2504.61,2524.64,,
45533,2521.4,2504.61,,
45534,2503.39,2521.4,,
45537,2499.51,2503.39,,
45538,2492.91,2499.51,,
45539,2495.72,2492.91,,
45540,2516.76,2495.72,,
45541,2497.41,2516.76,,
45544,2506.38,2497.41,,
45545,2516.73,2506.38,,
45546,2511.76,2516.73,,
45547,2557.9,2511.76,,
45548,2577.7,2557.9,,
45551,2582.45,2577.7,,
45552,2569.5,2582.45,,
45553,2558.91,2569.5,,
45554,2586.74,2558.91,,
45555,2621.88,2586.74,,
45558,2628.72,2621.88,,
45559,2657.1,2628.72,,
45560,2656.89,2657.1,,
45561,2672.38,2656.89,,
45562,2658.24,2672.38,,
45565,2634.58,2658.24,,
45566,2663.23,2634.58,,
45567,2658.69,2663.23,,
45568,2655.89,2658.69,,
45569,2653.6,2655.89,,
45572,2642.59,2653.6,,
45573,2621.83,2642.59,,
45574,2607.77,2621.83,,
45575,2629.74,2607.77,,
45576,2656.59,2629.74,,
45579,2648.54,2656.59,,
45580,2662.58,2648.54,,
45581,2673.83,2662.58,,
45582,2692.71,2673.83,,
45583,2721.46,2692.71,,
45586,2719.85,2721.46,,
45587,2749.01,2719.85,,
45588,2715.55,2749.01,,
45589,2736.17,2715.55,,
45590,2747.56,2736.17,,
45593,2742.46,2747.56,,
45594,2774.74,2742.46,,
45595,2787.61,2774.74,,
45596,2743.97,2787.61,,
45597,2736.53,2743.97,,
45600,2736.78,2736.53,,
45601,2743.99,2736.78,,
45602,2659.06,2743.99,,
45603,2706.71,2659.06,,
45604,2684.77,2706.71,,
45607,2618.82,2684.77,,
45608,2598.39,2618.82,,
45609,2572.98,2598.39,,
45610,2564.85,2572.98,,
45611,2563.25,2564.85,,
45614,2611.83,2563.25,,
45615,2632.08,2611.83,,
45616,2650.6,2632.08,,
45617,2669.72,2650.6,,
45618,2716.19,2669.72,,
45621,2625.01,2716.19,,
45622,2633.15,2625.01,,
45623,2636.02,2633.15,,
45624,2637.92,2636.02,,
45625,2643.15,2637.92,,
45628,2639.13,2643.15,,
45629,2643.49,2639.13,,
45630,2649.9,2643.49,,
45631,2631.67,2649.9,,
45632,2633.37,2631.67,,
45635,2660.3,2633.37,,
45636,2694.25,2660.3,,
45637,2718.23,2694.25,,
45638,2680.73,2718.23,,
45639,2648.23,2680.73,,
45642,2652.72,2648.23,,
45643,2646.83,2652.72,,
45644,2585.35,2646.83,,
45645,2594.01,2585.35,,
45646,2622.91,2594.01,,
45649,2612.56,2622.91,,
45650,2616.87,2612.56,,
45652,2633.58,2616.87,,
45653,2621.4,2633.58,,
45656,2606.5,2621.4,,
45657,2624.5,2606.5,,
45659,2657.9,2624.5,,
45660,2640.22,2657.9,,
45663,2636.47,2640.22,,
45664,2648.59,2636.47,,
45665,2661.94,2648.59,,
45666,2667.25,2661.94,,
45667,2689.76,2667.25,,
45670,2663.16,2689.76,,
45671,2677.46,2663.16,,
45672,2696.32,2677.46,,
45673,2714.31,2696.32,,
45674,2703.25,2714.31,,
45677,2708.21,2703.25,,
45678,2744.81,2708.21,,
45679,2756.48,2744.81,,
45680,2754.87,2756.48,,
45681,2770.58,2754.87,,
45684,2740.81,2770.58,,
45685,2763.51,2740.81,,
45686,2759.36,2763.51,,
45687,2794.59,2759.36,,
45688,2798.41,2794.59,,
45691,2815.21,2798.41,,
45692,2842.71,2815.21,,
45693,2867.24,2842.71,,
45694,2856.28,2867.24,,
45695,2861.07,2856.28,,
45698,2908.26,2861.07,,
45699,2897.91,2908.26,,
45700,2904.04,2897.91,,
45701,2928.21,2904.04,,
45702,2882.53,2928.21,,
45705,2896.56,2882.53,,
45706,2936.02,2896.56,,
45707,2933.39,2936.02,,
45708,2938.98,2933.39,,
45709,2936.05,2938.98,,
45712,2951.73,2936.05,,
45713,2914.98,2951.73,,
45714,2916.39,2914.98,,
45715,2877.52,2916.39,,
45716,2857.83,2877.52,,
45719,2892.73,2857.83,,
45720,2917.89,2892.73,,
45721,2919.39,2917.89,,
45722,2911.8,2919.39,,
45723,2909.1,2911.8,,
45726,2888.71,2909.1,,
45727,2915.9,2888.71,,
45728,2934.77,2915.9,,
45729,2989.18,2934.77,,
45730,2984.16,2989.18,,
45733,3000.6,2984.16,,
45734,3034.73,3000.6,,
45735,3047.79,3034.73,,
45736,3044.9,3047.79,,
45737,3022.15,3044.9,,
45740,3011.04,3022.15,,
45741,3020.09,3011.04,,
45742,3019.38,3020.09,,
45743,3057.29,3019.38,,
45744,3085.12,3057.29,,
45747,3123.57,3085.12,,
45748,3113.38,3123.57,,
45749,3134.17,3113.38,,
45750,3115.34,3134.17,,
45751,3038.24,3115.34,,
45754,2983.28,3038.24,,
45755,2983.27,2983.28,,
45756,3082.7,2983.27,,
45757,3176.23,3082.7,,
45758,3237.61,3176.23,,
45761,3210.93,3237.61,,
45762,3230.72,3210.93,,
45763,3343.12,3230.72,,
45764,3326.85,3343.12,,
45768,3423.98,3326.85,,
45769,3380.63,3423.98,,
45770,3288.34,3380.63,,
45771,3349.43,3288.34,,
45772,3319.72,3349.43,,
45775,3343.98,3319.72,,
45776,3317.41,3343.98,,
45777,3288.71,3317.41,,
45778,3239.2,3288.71,,
45779,3240.49,3239.2,,
45782,3334.12,3240.49,,
45783,3431.77,3334.12,,
45784,3364.5,3431.77,,
45785,3305.72,3364.5,,
45786,3324.98,3305.72,,
45789,3236.39,3324.98,,
45790,3250.31,3236.39,,
45791,3177.25,3250.31,,
45792,3240.1,3177.25,,
45793,3203.65,3240.1,,
45796,3229.56,3203.65,,
45797,3290.13,3229.56,,
45798,3314.96,3290.13,,
45799,3294.52,3314.96,,
45800,3357.51,3294.52,,
45803,3343.84,3357.51,,
45804,3300.87,3343.84,,
45805,3287.48,3300.87,,
45806,3317.94,3287.48,,
45807,3289.25,3317.94,,
45810,3381.59,3289.25,,
45811,3353.43,3381.59,,
45812,3372.72,3353.43,,
45813,3352.65,3372.72,,
45814,3310.42,3352.65,,
45817,3326.19,3310.42,,
45818,3323.69,3326.19,,
45819,3355.12,3323.69,,
45820,3385.92,3355.12,,
45821,3432.34,3385.92,,
45824,3385.23,3432.34,,
45825,3388.11,3385.23,,
45826,3369.38,3388.11,,
45827,3370.9,3369.38,,
45828,3368.39,3370.9,,
45831,3368.48,3368.39,,
45832,3323.67,3368.48,,
45833,3332.33,3323.67,,
45834,3327.92,3332.33,,
45835,3274.33,3327.92,,
45838,3303.14,3274.33,,
45839,3338.84,3303.14,,
45840,3357.45,3338.84,,
45841,3326.12,3357.45,,
45842,3337.15,3326.12,,
45845,3336.5,3337.15,,
45846,3301.92,3336.5,,
45847,3313.66,3301.92,,
45848,3324.05,3313.66,,
45849,3355.59,3324.05,,
45852,3343.51,3355.59,,
45853,3324.55,3343.51,,
45854,3347.13,3324.55,,
45855,3338.97,3347.13,,
45856,3349.94,3338.97,,
45859,3397.05,3349.94,,
45860,3431.48,3397.05,,
45861,3387.29,3431.48,,
45862,3368.68,3387.29,,
45863,3337.3,3368.68,,
45866,3314.61,3337.3,,
45867,3326.62,3314.61,,
45868,3275.18,3326.62,,
45869,3289.93,3275.18,,
45870,3363.48,3289.93,,
45873,3373.59,3363.48,,
45874,3380.6,3373.59,,
45875,3369.33,3380.6,,
45876,3396.38,3369.33,,
45877,3397.75,3396.38,,
45880,3342.37,3397.75,,
45881,3348.26,3342.37,,
45882,3355.86,3348.26,,
45883,3335.39,3355.86,,
45884,3336.19,3335.39,,
45887,3332.72,3336.19,,
45888,3315.78,3332.72,,
45889,3348.43,3315.78,,
45890,3338.71,3348.43,,
45891,3371.86,3338.71,,
45894,3365.89,3371.86,,
45895,3393.57,3365.89,,
45896,3397.37,3393.57,,
45897,3417.08,3397.37,,
45898,3447.95,3417.08,,
45901,3476.07,3447.95,,
45902,3533.16,3476.07,,
45903,3559.42,3533.16,,
45904,3545.85,3559.42,,
45905,3586.69,3545.85,,
45908,3635.98,3586.69,,
45909,3626.63,3635.98,,
45910,3640.75,3626.63,,
45911,3634.07,3640.75,,
45912,3643.14,3634.07,,
45915,3678.99,3643.14,,
45916,3689.98,3678.99,,
45917,3659.9,3689.98,,
45918,3644.28,3659.9,,
45919,3685.3,3644.28,,
45922,3746.7,3685.3,,
45923,3764.01,3746.7,,
45924,3736.16,3764.01,,
45925,3749.44,3736.16,,
45926,3759.98,3749.44,,
45929,3833.55,3759.98,,
45930,3858.96,3833.55,,
45931,3865.74,3858.96,,
45932,3856.58,3865.74,,
45933,3886.54,3856.58,,
45936,3960.98,3886.54,,
45937,3984.85,3960.98,,
45938,4042.03,3984.85,,
45939,3976.86,4042.03,,
45940,4017.79,3976.86,,
45943,4110.27,4017.79,,
45944,4142.94,4110.27,,
45945,4207.48,4142.94,,
45946,4326.58,4207.48,,
45947,4251.82,4326.58,,
45950,4356.3,4251.82,,
45951,4125.22,4356.3,,
45952,4098.42,4125.22,,
45953,4126.28,4098.42,,
45954,4113.05,4126.28,,
45957,3982.21,4113.05,,
45958,3952.14,3982.21,,
45959,3930.07,3952.14,,
45960,4024.54,3930.07,,
45961,4002.92,4024.54,,
45964,4001.42,4002.92,,
45965,3932.09,4001.42,,
45966,3979.57,3932.09,,
45967,3977.21,3979.57,,
45968,4001.26,3977.21,,
45971,4115.76,4001.26,,
45972,4126.85,4115.76,,
45973,4195.39,4126.85,,
45974,4171.52,4195.39,,
45975,4084.06,4171.52,,
45978,4044.96,4084.06,,
45979,4067.24,4044.96,,
45980,4077.98,4067.24,,
45981,4077.19,4077.98,,
45982,4065.14,4077.19,,
45985,4136.31,4065.14,,
45986,4130.69,4136.31,,
45987,4162.15,4130.69,,
45988,4157.61,4162.15,,
45989,4239.43,4157.61,,
45992,4232.21,4239.43,,
45993,4205.85,4232.21,,
45994,4203.08,4205.85,,
45995,4207.62,4203.08,,
45996,4197.78,4207.62,,
45999,4190.66,4197.78,,
46000,4208.24,4190.66,,
46001,4228.84,4208.24,,
46002,4280.18,4228.84,,
46003,4299.63,4280.18,,
46006,4305.01,4299.63,,
46007,4302.32,4305.01,,
46008,4338.33,4302.32,,
46009,4332.62,4338.33,,
46010,4338.88,4332.62,,
46013,4443.6,4338.88,,
46014,4484.47,4443.6,,
46015,4479.42,4484.47,,
46017,4533.21,4479.42,,
46020,4332.35,4533.21,,
46021,4339.49,4332.35,,
46022,4319.37,4339.49,,
46024,4332.29,4319.37,,
46027,4449.15,4332.29,,
46028,4494.83,4449.15,,
46029,4456.47,4494.83,,
46030,4477.65,4456.47,,
46031,4509.5,4477.65,,
46034,4597.51,4509.5,,
46035,4586.52,4597.51,,
46036,4626.58,4586.52,,
46037,4616.15,4626.58,,
46038,4596.09,4616.15,,
46041,4670.89,4596.09,,
46042,4763.43,4670.89,,
46043,4831.73,4763.43,,
46044,4936.02,4831.73,,
46045,4987.49,4936.02,,
46048,5008.7,4987.49,,
46049,5180.16,5008.7,,
46050,5417.21,5180.16,,
46051,5375.24,5417.21,,
46052,4894.23,5375.24,,
46055,4661.38,4894.23,,
46056,4946.76,4661.38,,
46057,4964.93,4946.76,,
46058,4779.05,4964.93,,
46059,4964.36,4779.05,,
46062,5057.8,4964.36,,
46063,5025.45,5057.8,,
46064,5084.39,5025.45,,
46065,4922.19,5084.39,,
46066,5042.04,4922.19,,
46069,4992.08,5042.04,,
46070,4877.89,4992.08,,
46071,4977.56,4877.89,,
46072,4996.1,4977.56,,
46073,5107.45,4996.1,,
46076,5227.42,5107.45,,
46077,5143.85,5227.42,,
46078,5164.78,5143.85,,
46079,5184.97,5164.78,,
46080,5278.93,5184.97,,
46083,5322.12,5278.93,,
46084,5088.83,5322.12,,
46085,5140.36,5088.83,,
46086,5082.3,5140.36,,
46087,5171.74,5082.3,,
46090,5138.53,5171.74,,
46091,5191.98,5138.53,,
46092,5176.46,5191.98,,
46093,5079.21,5176.46,,
46094,5019.49,5079.21,,
46097,5006.41,5019.49,,
46098,5005.61,5006.41,,
46099,4818.5,5005.61,,
46100,4650.02,4818.5,,
46101,4492.42,4650.02,,
46104,4407.18,4492.42,,
46105,4475.51,4407.18,,
46106,4506,4475.51,,
46107,4376.11,4506,,
46108,4494.09,4376.11,,
46111,4510.92,4494.09,,
46112,4668.06,4510.92,,
46113,4758.57,4668.06,,
46114,4676.76,4758.57,,
46118,4649.85,4676.76,,
46119,4706.51,4649.85,,
46120,4719.15,4706.51,,
46121,4766.89,4719.15,,
46122,4749.75,4766.89,,
46125,4740.31,4749.75,,
46126,4841.75,4740.31,,
46127,4791.04,4841.75,,
46128,4790.06,4791.04,,
46129,4830.34,4790.06,,
46132,4820.66,4830.34,,
46133,4720.04,4820.66,,
46134,4739.9,4720.04,,
46135,4694.14,4739.9,,
46136,4709.5,4694.14,,
46139,4682.08,4709.5,,
46140,4596.75,4682.08,,
46141,4547.95,4596.75,,
46142,4617.85,4547.95,,
46143,4614.21,4617.85,,
46146,4521.91,4614.21,,
46147,4556.92,4521.91,,