HSI Index,,,,
40182,21823.28,21872.5,,
40183,22279.58,21823.28,,
40184,22416.67,22279.58,,
40185,22269.45,22416.67,,
40186,22296.75,22269.45,,
40189,22411.52,22296.75,,
40190,22326.64,22411.52,,
40191,21748.6,22326.64,,
40192,21716.95,21748.6,,
40193,21654.16,21716.95,,
40196,21460.01,21654.16,,
40197,21677.98,21460.01,,
40198,21286.17,21677.98,,
40199,20862.67,21286.17,,
40200,20726.18,20862.67,,
40203,20598.55,20726.18,,
40204,20109.33,20598.55,,
40205,20033.07,20109.33,,
40206,20356.37,20033.07,,
40207,20121.99,20356.37,,
40210,20243.75,20121.99,,
40211,20272.18,20243.75,,
40212,20722.08,20272.18,,
40213,20341.64,20722.08,,
40214,19665.08,20341.64,,
40217,19550.89,19665.08,,
40218,19790.28,19550.89,,
40219,19922.22,19790.28,,
40220,20290.69,19922.22,,
40221,20268.69,20290.69,,
40226,20534.01,20268.69,,
40227,20422.15,20534.01,,
40228,19894.02,20422.15,,
40231,20377.27,19894.02,,
40232,20623,20377.27,,
40233,20467.74,20623,,
40234,20399.57,20467.74,,
40235,20608.7,20399.57,,
40238,21056.93,20608.7,,
40239,20906.11,21056.93,,
40240,20876.79,20906.11,,
40241,20575.78,20876.79,,
40242,20787.97,20575.78,,
40245,21196.87,20787.97,,
40246,21207.55,21196.87,,
40247,21208.29,21207.55,,
40248,21228.2,21208.29,,
40249,21209.74,21228.2,,
40252,21079.1,21209.74,,
40253,21022.93,21079.1,,
40254,21384.49,21022.93,,
40255,21330.67,21384.49,,
40256,21370.82,21330.67,,
40259,20933.25,21370.82,,
40260,20987.78,20933.25,,
40261,21008.62,20987.78,,
40262,20778.55,21008.62,,
40263,21053.11,20778.55,,
40266,21237.43,21053.11,,
40267,21374.79,21237.43,,
40268,21239.35,21374.79,,
40269,21537,21239.35,,
40275,21928.77,21537,,
40276,21867.04,21928.77,,
40277,22208.5,21867.04,,
40280,22138.17,22208.5,,
40281,22103.53,22138.17,,
40282,22121.43,22103.53,,
40283,22157.82,22121.43,,
40284,21865.26,22157.82,,
40287,21405.17,21865.26,,
40288,21623.38,21405.17,,
40289,21510.93,21623.38,,
40290,21454.94,21510.93,,
40291,21244.49,21454.94,,
40294,21587.06,21244.49,,
40295,21261.79,21587.06,,
40296,20949.4,21261.79,,
40297,20778.92,20949.4,,
40298,21108.59,20778.92,,
40301,20811.36,21108.59,,
40302,20763.05,20811.36,,
40303,20327.54,20763.05,,
40304,20133.41,20327.54,,
40305,19920.29,20133.41,,
40308,20426.64,19920.29,,
40309,20146.51,20426.64,,
40310,20212.49,20146.51,,
40311,20422.46,20212.49,,
40312,20145.43,20422.46,,
40315,19715.2,20145.43,,
40316,19944.94,19715.2,,
40317,19578.98,19944.94,,
40318,19545.83,19578.98,,
40322,19667.76,19545.83,,
40323,18985.5,19667.76,,
40324,19196.45,18985.5,,
40325,19431.37,19196.45,,
40326,19766.71,19431.37,,
40329,19765.19,19766.71,,
40330,19496.95,19765.19,,
40331,19471.8,19496.95,,
40332,19786.71,19471.8,,
40333,19780.07,19786.71,,
40336,19378.15,19780.07,,
40337,19487.48,19378.15,,
40338,19621.24,19487.48,,
40339,19632.7,19621.24,,
40340,19872.38,19632.7,,
40343,20051.91,19872.38,,
40344,20062.15,20051.91,,
40346,20138.4,20062.15,,
40347,20286.71,20138.4,,
40350,20912.18,20286.71,,
40351,20819.08,20912.18,,
40352,20856.61,20819.08,,
40353,20733.49,20856.61,,
40354,20690.79,20733.49,,
40357,20726.68,20690.79,,
40358,20248.9,20726.68,,
40359,20128.99,20248.9,,
40361,19905.32,20128.99,,
40364,19842.2,19905.32,,
40365,20084.12,19842.2,,
40366,19857.07,20084.12,,
40367,20050.56,19857.07,,
40368,20378.66,20050.56,,
40371,20467.43,20378.66,,
40372,20431.06,20467.43,,
40373,20560.81,20431.06,,
40374,20255.62,20560.81,,
40375,20250.16,20255.62,,
40378,20090.95,20250.16,,
40379,20264.59,20090.95,,
40380,20487.23,20264.59,,
40381,20589.7,20487.23,,
40382,20815.33,20589.7,,
40385,20839.91,20815.33,,
40386,20973.39,20839.91,,
40387,21091.18,20973.39,,
40388,21093.82,21091.18,,
40389,21029.81,21093.82,,
40392,21412.79,21029.81,,
40393,21457.66,21412.79,,
40394,21549.88,21457.66,,
40395,21551.72,21549.88,,
40396,21678.8,21551.72,,
40399,21801.59,21678.8,,
40400,21473.6,21801.59,,
40401,21294.54,21473.6,,
40402,21105.71,21294.54,,
40403,21071.57,21105.71,,
40406,21112.12,21071.57,,
40407,21137.43,21112.12,,
40408,21022.73,21137.43,,
40409,21072.46,21022.73,,
40410,20981.82,21072.46,,
40413,20889.01,20981.82,,
40414,20658.71,20889.01,,
40415,20634.98,20658.71,,
40416,20612.06,20634.98,,
40417,20597.35,20612.06,,
40420,20737.22,20597.35,,
40421,20536.49,20737.22,,
40422,20623.83,20536.49,,
40423,20868.92,20623.83,,
40424,20971.5,20868.92,,
40427,21355.77,20971.5,,
40428,21401.79,21355.77,,
40429,21088.86,21401.79,,
40430,21167.27,21088.86,,
40431,21257.39,21167.27,,
40434,21658.35,21257.39,,
40435,21696.04,21658.35,,
40436,21725.64,21696.04,,
40437,21691.45,21725.64,,
40438,21970.86,21691.45,,
40441,21977.34,21970.86,,
40442,22002.59,21977.34,,
40443,22047.71,22002.59,,
40445,22119.43,22047.71,,
40448,22340.84,22119.43,,
40449,22109.95,22340.84,,
40450,22378.67,22109.95,,
40451,22358.17,22378.67,,
40455,22618.66,22358.17,,
40456,22639.14,22618.66,,
40457,22880.41,22639.14,,
40458,22884.32,22880.41,,
40459,22944.18,22884.32,,
40462,23207.31,22944.18,,
40463,23121.7,23207.31,,
40464,23457.69,23121.7,,
40465,23852.17,23457.69,,
40466,23757.63,23852.17,,
40469,23469.38,23757.63,,
40470,23763.73,23469.38,,
40471,23556.5,23763.73,,
40472,23649.48,23556.5,,
40473,23517.54,23649.48,,
40476,23627.91,23517.54,,
40477,23601.24,23627.91,,
40478,23164.58,23601.24,,
40479,23210.86,23164.58,,
40480,23096.32,23210.86,,
40483,23652.94,23096.32,,
40484,23671.42,23652.94,,
40485,24144.67,23671.42,,
40486,24535.63,24144.67,,
40487,24876.82,24535.63,,
40490,24964.37,24876.82,,
40491,24710.6,24964.37,,
40492,24500.61,24710.6,,
40493,24700.3,24500.61,,
40494,24222.58,24700.3,,
40497,24027.18,24222.58,,
40498,23693.02,24027.18,,
40499,23214.46,23693.02,,
40500,23637.39,23214.46,,
40501,23605.71,23637.39,,
40504,23524.02,23605.71,,
40505,22896.14,23524.02,,
40506,23023.86,22896.14,,
40507,23054.68,23023.86,,
40508,22877.25,23054.68,,
40511,23166.22,22877.25,,
40512,23007.99,23166.22,,
40513,23249.8,23007.99,,
40514,23448.78,23249.8,,
40515,23320.52,23448.78,,
40518,23237.69,23320.52,,
40519,23428.15,23237.69,,
40520,23092.52,23428.15,,
40521,23171.8,23092.52,,
40522,23162.91,23171.8,,
40525,23317.61,23162.91,,
40526,23431.19,23317.61,,
40527,22975.35,23431.19,,
40528,22668.78,22975.35,,
40529,22714.85,22668.78,,
40532,22639.08,22714.85,,
40533,22993.86,22639.08,,
40534,23045.19,22993.86,,
40535,22902.97,23045.19,,
40536,22833.8,22902.97,,
40540,22621.73,22833.8,,
40541,22969.3,22621.73,,
40542,22999.34,22969.3,,
40543,23035.45,22999.34,,
40546,23436.05,23035.45,,
40547,23668.48,23436.05,,
40548,23757.82,23668.48,,
40549,23786.3,23757.82,,
40550,23686.63,23786.3,,
40553,23527.26,23686.63,,
40554,23760.34,23527.26,,
40555,24125.61,23760.34,,
40556,24238.98,24125.61,,
40557,24283.23,24238.98,,
40560,24156.97,24283.23,,
40561,24153.98,24156.97,,
40562,24419.62,24153.98,,
40563,24003.7,24419.62,,
40564,23876.86,24003.7,,
40567,23801.78,23876.86,,
40568,23788.83,23801.78,,
40569,23843.24,23788.83,,
40570,23779.62,23843.24,,
40571,23617.02,23779.62,,
40574,23447.34,23617.02,,
40575,23482.95,23447.34,,
40576,23908.96,23482.95,,
40581,23553.59,23908.96,,
40582,23484.3,23553.59,,
40583,23164.03,23484.3,,
40584,22708.62,23164.03,,
40585,22828.92,22708.62,,
40588,23121.06,22828.92,,
40589,22899.78,23121.06,,
40590,23156.97,22899.78,,
40591,23301.84,23156.97,,
40592,23595.24,23301.84,,
40595,23485.42,23595.24,,
40596,22990.81,23485.42,,
40597,22906.9,22990.81,,
40598,22601.04,22906.9,,
40599,23012.37,22601.04,,
40602,23338.02,23012.37,,
40603,23396.42,23338.02,,
40604,23048.66,23396.42,,
40605,23122.42,23048.66,,
40606,23408.86,23122.42,,
40609,23313.19,23408.86,,
40610,23711.7,23313.19,,
40611,23810.11,23711.7,,
40612,23614.89,23810.11,,
40613,23249.78,23614.89,,
40616,23345.88,23249.78,,
40617,22678.25,23345.88,,
40618,22700.88,22678.25,,
40619,22284.43,22700.88,,
40620,22300.23,22284.43,,
40623,22685.22,22300.23,,
40624,22857.9,22685.22,,
40625,22825.4,22857.9,,
40626,22915.28,22825.4,,
40627,23158.67,22915.28,,
40630,23068.19,23158.67,,
40631,23060.36,23068.19,,
40632,23451.43,23060.36,,
40633,23527.52,23451.43,,
40634,23801.9,23527.52,,
40637,24150.58,23801.9,,
40639,24285.05,24150.58,,
40640,24281.8,24285.05,,
40641,24396.07,24281.8,,
40644,24303.07,24396.07,,
40645,23976.37,24303.07,,
40646,24135.03,23976.37,,
40647,24014,24135.03,,
40648,24008.07,24014,,
40651,23830.31,24008.07,,
40652,23520.62,23830.31,,
40653,23896.1,23520.62,,
40654,24138.31,23896.1,,
40659,24007.38,24138.31,,
40660,23892.84,24007.38,,
40661,23805.63,23892.84,,
40662,23720.81,23805.63,,
40666,23633.25,23720.81,,
40667,23315.24,23633.25,,
40668,23261.61,23315.24,,
40669,23159.14,23261.61,,
40672,23336,23159.14,,
40674,23291.8,23336,,
40675,23073.76,23291.8,,
40676,23276.27,23073.76,,
40679,22960.63,23276.27,,
40680,22901.08,22960.63,,
40681,23011.14,22901.08,,
40682,23163.38,23011.14,,
40683,23199.39,23163.38,,
40686,22711.02,23199.39,,
40687,22730.78,22711.02,,
40688,22747.28,22730.78,,
40689,22900.79,22747.28,,
40690,23118.07,22900.79,,
40693,23184.32,23118.07,,
40694,23684.13,23184.32,,
40695,23626.43,23684.13,,
40696,23253.84,23626.43,,
40697,22949.56,23253.84,,
40701,22868.67,22949.56,,
40702,22661.63,22868.67,,
40703,22609.83,22661.63,,
40704,22420.37,22609.83,,
40707,22508.08,22420.37,,
40708,22496,22508.08,,
40709,22343.77,22496,,
40710,21953.11,22343.77,,
40711,21695.26,21953.11,,
40714,21599.51,21695.26,,
40715,21850.59,21599.51,,
40716,21859.97,21850.59,,
40717,21759.14,21859.97,,
40718,22171.95,21759.14,,
40721,22041.77,22171.95,,
40722,22061.78,22041.77,,
40723,22061.18,22061.78,,
40724,22398.1,22061.18,,
40728,22770.47,22398.1,,
40729,22747.95,22770.47,,
40730,22517.55,22747.95,,
40731,22530.18,22517.55,,
40732,22726.43,22530.18,,
40735,22347.23,22726.43,,
40736,21663.16,22347.23,,
40737,21926.88,21663.16,,
40738,21940.2,21926.88,,
40739,21875.38,21940.2,,
40742,21804.75,21875.38,,
40743,21902.4,21804.75,,
40744,22003.69,21902.4,,
40745,21987.29,22003.69,,
40746,22444.8,21987.29,,
40749,22293.29,22444.8,,
40750,22572.08,22293.29,,
40751,22541.69,22572.08,,
40752,22570.74,22541.69,,
40753,22440.25,22570.74,,
40756,22663.37,22440.25,,
40757,22421.46,22663.37,,
40758,21992.72,22421.46,,
40759,21884.74,21992.72,,
40760,20946.14,21884.74,,
40763,20490.57,20946.14,,
40764,19330.7,20490.57,,
40765,19783.67,19330.7,,
40766,19595.14,19783.67,,
40767,19620.01,19595.14,,
40770,20260.1,19620.01,,
40771,20212.08,20260.1,,
40772,20289.03,20212.08,,
40773,20016.27,20289.03,,
40774,19399.92,20016.27,,
40777,19486.87,19399.92,,
40778,19875.53,19486.87,,
40779,19466.79,19875.53,,
40780,19752.48,19466.79,,
40781,19582.88,19752.48,,
40784,19865.11,19582.88,,
40785,20204.17,19865.11,,
40786,20534.85,20204.17,,
40787,20585.33,20534.85,,
40788,20212.91,20585.33,,
40791,19616.4,20212.91,,
40792,19710.5,19616.4,,
40793,20048,19710.5,,
40794,19912.82,20048,,
40795,19866.63,19912.82,,
40798,19030.54,19866.63,,
40800,19045.44,19030.54,,
40801,19181.5,19045.44,,
40802,19455.31,19181.5,,
40805,18917.95,19455.31,,
40806,19014.8,18917.95,,
40807,18824.17,19014.8,,
40808,17911.95,18824.17,,
40809,17668.83,17911.95,,
40812,17407.8,17668.83,,
40813,18130.55,17407.8,,
40814,18011.06,18130.55,,
40816,17592.41,18011.06,,
40819,16822.15,17592.41,,
40820,16250.27,16822.15,,
40822,17172.28,16250.27,,
40823,17707.01,17172.28,,
40826,17711.06,17707.01,,
40827,18141.59,17711.06,,
40828,18329.46,18141.59,,
40829,18757.81,18329.46,,
40830,18501.79,18757.81,,
40833,18873.99,18501.79,,
40834,18076.46,18873.99,,
40835,18309.22,18076.46,,
40836,17983.1,18309.22,,
40837,18025.72,17983.1,,
40840,18771.82,18025.72,,
40841,18968.2,18771.82,,
40842,19066.54,18968.2,,
40843,19688.7,19066.54,,
40844,20019.24,19688.7,,
40847,19864.87,20019.24,,
40848,19369.96,19864.87,,
40849,19733.71,19369.96,,
40850,19242.5,19733.71,,
40851,19842.79,19242.5,,
40854,19677.89,19842.79,,
40855,19678.47,19677.89,,
40856,20014.43,19678.47,,
40857,18963.89,20014.43,,
40858,19137.17,18963.89,,
40861,19508.18,19137.17,,
40862,19348.44,19508.18,,
40863,18960.9,19348.44,,
40864,18817.47,18960.9,,
40865,18491.23,18817.47,,
40868,18225.85,18491.23,,
40869,18251.59,18225.85,,
40870,17864.43,18251.59,,
40871,17935.1,17864.43,,
40872,17689.48,17935.1,,
40875,18037.81,17689.48,,
40876,18256.2,18037.81,,
40877,17989.35,18256.2,,
40878,19002.26,17989.35,,
40879,19040.39,19002.26,,
40882,19179.69,19040.39,,
40883,18942.23,19179.69,,
40884,19240.58,18942.23,,
40885,19107.81,19240.58,,
40886,18586.23,19107.81,,
40889,18575.66,18586.23,,
40890,18447.17,18575.66,,
40891,18354.43,18447.17,,
40892,18026.84,18354.43,,
40893,18285.39,18026.84,,
40896,18070.21,18285.39,,
40897,18080.2,18070.21,,
40898,18416.45,18080.2,,
40899,18378.23,18416.45,,
40900,18629.17,18378.23,,
40905,18518.67,18629.17,,
40906,18397.92,18518.67,,
40907,18434.39,18397.92,,
40911,18877.41,18434.39,,
40912,18727.31,18877.41,,
40913,18813.41,18727.31,,
40914,18593.06,18813.41,,
40917,18865.72,18593.06,,
40918,19004.28,18865.72,,
40919,19151.94,19004.28,,
40920,19095.38,19151.94,,
40921,19204.42,19095.38,,
40924,19012.2,19204.42,,
40925,19627.75,19012.2,,
40926,19686.92,19627.75,,
40927,19942.95,19686.92,,
40928,20110.37,19942.95,,
40934,20439.14,20110.37,,
40935,20501.67,20439.14,,
40938,20160.41,20501.67,,
40939,20390.49,20160.41,,
40940,20333.37,20390.49,,
40941,20739.45,20333.37,,
40942,20756.98,20739.45,,
40945,20709.94,20756.98,,
40946,20699.19,20709.94,,
40947,21018.46,20699.19,,
40948,21010.01,21018.46,,
40949,20783.86,21010.01,,
40952,20887.4,20783.86,,
40953,20917.83,20887.4,,
40954,21365.23,20917.83,,
40955,21277.28,21365.23,,
40956,21491.62,21277.28,,
40959,21424.79,21491.62,,
40960,21478.72,21424.79,,
40961,21549.28,21478.72,,
40962,21380.99,21549.28,,
40963,21406.86,21380.99,,
40966,21217.86,21406.86,,
40967,21568.73,21217.86,,
40968,21680.08,21568.73,,
40969,21387.96,21680.08,,
40970,21562.26,21387.96,,
40973,21265.31,21562.26,,
40974,20806.25,21265.31,,
40975,20627.78,20806.25,,
40976,20900.73,20627.78,,
40977,21086,20900.73,,
40980,21134.18,21086,,
40981,21339.7,21134.18,,
40982,21307.89,21339.7,,
40983,21353.53,21307.89,,
40984,21317.85,21353.53,,
40987,21115.29,21317.85,,
40988,20888.24,21115.29,,
40989,20856.63,20888.24,,
40990,20901.56,20856.63,,
40991,20668.8,20901.56,,
40994,20668.86,20668.8,,
40995,21046.91,20668.86,,
40996,20885.42,21046.91,,
40997,20609.39,20885.42,,
40998,20555.58,20609.39,,
41001,20522.26,20555.58,,
41002,20790.98,20522.26,,
41004,20593,20790.98,,
41009,20356.24,20593,,
41010,20140.67,20356.24,,
41011,20327.32,20140.67,,
41012,20701.04,20327.32,,
41015,20610.64,20701.04,,
41016,20562.31,20610.64,,
41017,20780.73,20562.31,,
41018,20995.01,20780.73,,
41019,21010.64,20995.01,,
41022,20624.39,21010.64,,
41023,20677.16,20624.39,,
41024,20646.29,20677.16,,
41025,20809.71,20646.29,,
41026,20741.45,20809.71,,
41029,21094.21,20741.45,,
41031,21309.08,21094.21,,
41032,21249.53,21309.08,,
41033,21086,21249.53,,
41036,20536.65,21086,,
41037,20484.75,20536.65,,
41038,20330.64,20484.75,,
41039,20227.28,20330.64,,
41040,19964.63,20227.28,,
41043,19735.04,19964.63,,
41044,19894.31,19735.04,,
41045,19259.83,19894.31,,
41046,19200.93,19259.83,,
41047,18951.85,19200.93,,
41050,18922.32,18951.85,,
41051,19039.15,18922.32,,
41052,18786.19,19039.15,,
41053,18666.4,18786.19,,
41054,18713.41,18666.4,,
41057,18800.99,18713.41,,
41058,19055.46,18800.99,,
41059,18690.22,19055.46,,
41060,18629.52,18690.22,,
41061,18558.34,18629.52,,
41064,18185.59,18558.34,,
41065,18259.03,18185.59,,
41066,18520.53,18259.03,,
41067,18678.29,18520.53,,
41068,18502.34,18678.29,,
41071,18953.63,18502.34,,
41072,18872.56,18953.63,,
41073,19026.52,18872.56,,
41074,18808.4,19026.52,,
41075,19233.94,18808.4,,
41078,19427.81,19233.94,,
41079,19416.67,19427.81,,
41080,19518.85,19416.67,,
41081,19265.07,19518.85,,
41082,18995.13,19265.07,,
41085,18897.45,18995.13,,
41086,18981.84,18897.45,,
41087,19176.95,18981.84,,
41088,19025.27,19176.95,,
41089,19441.46,19025.27,,
41093,19735.53,19441.46,,
41094,19709.75,19735.53,,
41095,19809.13,19709.75,,
41096,19800.64,19809.13,,
41099,19428.09,19800.64,,
41100,19396.36,19428.09,,
41101,19419.87,19396.36,,
41102,19025.11,19419.87,,
41103,19092.63,19025.11,,
41106,19121.34,19092.63,,
41107,19455.33,19121.34,,
41108,19239.88,19455.33,,
41109,19559.05,19239.88,,
41110,19640.8,19559.05,,
41113,19053.47,19640.8,,
41114,18903.2,19053.47,,
41115,18877.33,18903.2,,
41116,18892.79,18877.33,,
41117,19274.96,18892.79,,
41120,19585.4,19274.96,,
41121,19796.81,19585.4,,
41122,19820.38,19796.81,,
41123,19690.2,19820.38,,
41124,19666.18,19690.2,,
41127,19998.72,19666.18,,
41128,20072.55,19998.72,,
41129,20065.52,20072.55,,
41130,20269.47,20065.52,,
41131,20136.12,20269.47,,
41134,20081.36,20136.12,,
41135,20291.68,20081.36,,
41136,20052.29,20291.68,,
41137,19962.95,20052.29,,
41138,20116.07,19962.95,,
41141,20104.27,20116.07,,
41142,20100.09,20104.27,,
41143,19887.78,20100.09,,
41144,20132.24,19887.78,,
41145,19880.03,20132.24,,
41148,19798.67,19880.03,,
41149,19811.8,19798.67,,
41150,19788.51,19811.8,,
41151,19552.91,19788.51,,
41152,19482.57,19552.91,,
41155,19559.21,19482.57,,
41156,19429.91,19559.21,,
41157,19145.07,19429.91,,
41158,19209.3,19145.07,,
41159,19802.16,19209.3,,
41162,19827.17,19802.16,,
41163,19857.88,19827.17,,
41164,20075.39,19857.88,,
41165,20047.63,20075.39,,
41166,20629.78,20047.63,,
41169,20658.11,20629.78,,
41170,20601.93,20658.11,,
41171,20841.91,20601.93,,
41172,20590.92,20841.91,,
41173,20734.94,20590.92,,
41176,20694.7,20734.94,,
41177,20698.68,20694.7,,
41178,20527.73,20698.68,,
41179,20762.29,20527.73,,
41180,20840.38,20762.29,,
41185,20888.28,20840.38,,
41186,20907.95,20888.28,,
41187,21012.38,20907.95,,
41190,20824.56,21012.38,,
41191,20937.28,20824.56,,
41192,20919.6,20937.28,,
41193,20999.05,20919.6,,
41194,21136.43,20999.05,,
41197,21148.25,21136.43,,
41198,21207.07,21148.25,,
41199,21416.64,21207.07,,
41200,21518.71,21416.64,,
41201,21551.76,21518.71,,
41204,21697.55,21551.76,,
41206,21763.78,21697.55,,
41207,21810.23,21763.78,,
41208,21545.57,21810.23,,
41211,21511.05,21545.57,,
41212,21428.58,21511.05,,
41213,21641.82,21428.58,,
41214,21821.87,21641.82,,
41215,22111.33,21821.87,,
41218,22006.4,22111.33,,
41219,21944.43,22006.4,,
41220,22099.85,21944.43,,
41221,21566.91,22099.85,,
41222,21384.38,21566.91,,
41225,21430.3,21384.38,,
41226,21188.65,21430.3,,
41227,21441.99,21188.65,,
41228,21108.93,21441.99,,
41229,21159.01,21108.93,,
41232,21262.06,21159.01,,
41233,21228.28,21262.06,,
41234,21524.36,21228.28,,
41235,21743.2,21524.36,,
41236,21913.98,21743.2,,
41239,21861.81,21913.98,,
41240,21844.03,21861.81,,
41241,21708.98,21844.03,,
41242,21922.89,21708.98,,
41243,22030.39,21922.89,,
41246,21767.85,22030.39,,
41247,21799.97,21767.85,,
41248,22270.91,21799.97,,
41249,22249.81,22270.91,,
41250,22191.17,22249.81,,
41253,22276.72,22191.17,,
41254,22323.94,22276.72,,
41255,22503.35,22323.94,,
41256,22445.58,22503.35,,
41257,22605.98,22445.58,,
41260,22513.61,22605.98,,
41261,22494.73,22513.61,,
41262,22623.37,22494.73,,
41263,22659.78,22623.37,,
41264,22506.29,22659.78,,
41267,22541.18,22506.29,,
41270,22619.78,22541.18,,
41271,22666.59,22619.78,,
41274,22656.92,22666.59,,
41276,23311.98,22656.92,,
41277,23398.6,23311.98,,
41278,23331.09,23398.6,,
41281,23329.75,23331.09,,
41282,23111.19,23329.75,,
41283,23218.47,23111.19,,
41284,23354.31,23218.47,,
41285,23264.07,23354.31,,
41288,23413.26,23264.07,,
41289,23381.51,23413.26,,
41290,23356.99,23381.51,,
41291,23339.76,23356.99,,
41292,23601.78,23339.76,,
41295,23590.91,23601.78,,
41296,23658.99,23590.91,,
41297,23635.1,23658.99,,
41298,23598.9,23635.1,,
41299,23580.43,23598.9,,
41302,23671.88,23580.43,,
41303,23655.17,23671.88,,
41304,23822.06,23655.17,,
41305,23729.53,23822.06,,
41306,23721.84,23729.53,,
41309,23685.01,23721.84,,
41310,23148.53,23685.01,,
41311,23256.93,23148.53,,
41312,23177,23256.93,,
41313,23215.16,23177,,
41319,23413.25,23215.16,,
41320,23444.56,23413.25,,
41323,23381.94,23444.56,,
41324,23143.91,23381.94,,
41325,23307.41,23143.91,,
41326,22906.67,23307.41,,
41327,22782.44,22906.67,,
41330,22820.08,22782.44,,
41331,22519.69,22820.08,,
41332,22577.01,22519.69,,
41333,23020.27,22577.01,,
41334,22880.22,23020.27,,
41337,22537.81,22880.22,,
41338,22560.5,22537.81,,
41339,22777.84,22560.5,,
41340,22771.44,22777.84,,
41341,23091.95,22771.44,,
41344,23090.82,23091.95,,
41345,22890.6,23090.82,,
41346,22556.65,22890.6,,
41347,22619.18,22556.65,,
41348,22533.11,22619.18,,
41351,22083.36,22533.11,,
41352,22041.86,22083.36,,
41353,22256.44,22041.86,,
41354,22225.88,22256.44,,
41355,22115.3,22225.88,,
41358,22251.15,22115.3,,
41359,22311.08,22251.15,,
41360,22464.82,22311.08,,
41361,22299.63,22464.82,,
41366,22367.82,22299.63,,
41367,22337.49,22367.82,,
41369,21726.9,22337.49,,
41372,21718.05,21726.9,,
41373,21870.34,21718.05,,
41374,22034.56,21870.34,,
41375,22101.27,22034.56,,
41376,22089.05,22101.27,,
41379,21772.67,22089.05,,
41380,21672.03,21772.67,,
41381,21569.67,21672.03,,
41382,21512.52,21569.67,,
41383,22013.57,21512.52,,
41386,22044.37,22013.57,,
41387,21806.61,22044.37,,
41388,22183.05,21806.61,,
41389,22401.24,22183.05,,
41390,22547.71,22401.24,,
41393,22580.77,22547.71,,
41394,22737.01,22580.77,,
41396,22668.3,22737.01,,
41397,22689.96,22668.3,,
41400,22915.09,22689.96,,
41401,23047.09,22915.09,,
41402,23244.35,23047.09,,
41403,23211.48,23244.35,,
41404,23321.22,23211.48,,
41407,22989.81,23321.22,,
41408,22930.28,22989.81,,
41409,23044.24,22930.28,,
41410,23082.68,23044.24,,
41414,23493.03,23082.68,,
41415,23366.37,23493.03,,
41416,23261.08,23366.37,,
41417,22669.68,23261.08,,
41418,22618.67,22669.68,,
41421,22686.05,22618.67,,
41422,22924.25,22686.05,,
41423,22554.93,22924.25,,
41424,22484.31,22554.93,,
41425,22392.16,22484.31,,
41428,22282.19,22392.16,,
41429,22285.52,22282.19,,
41430,22069.24,22285.52,,
41431,21838.43,22069.24,,
41432,21575.26,21838.43,,
41435,21615.09,21575.26,,
41436,21354.66,21615.09,,
41438,20887.04,21354.66,,
41439,20969.14,20887.04,,
41442,21225.9,20969.14,,
41443,21225.88,21225.9,,
41444,20986.89,21225.88,,
41445,20382.87,20986.89,,
41446,20263.31,20382.87,,
41449,19813.98,20263.31,,
41450,19855.72,19813.98,,
41451,20338.55,19855.72,,
41452,20440.08,20338.55,,
41453,20803.29,20440.08,,
41457,20658.65,20803.29,,
41458,20147.31,20658.65,,
41459,20468.67,20147.31,,
41460,20854.67,20468.67,,
41463,20582.19,20854.67,,
41464,20683.01,20582.19,,
41465,20904.56,20683.01,,
41466,21437.49,20904.56,,
41467,21277.28,21437.49,,
41470,21303.31,21277.28,,
41471,21312.38,21303.31,,
41472,21371.87,21312.38,,
41473,21345.22,21371.87,,
41474,21362.42,21345.22,,
41477,21416.5,21362.42,,
41478,21915.42,21416.5,,
41479,21968.93,21915.42,,
41480,21900.96,21968.93,,
41481,21968.95,21900.96,,
41484,21850.15,21968.95,,
41485,21953.96,21850.15,,
41486,21883.66,21953.96,,
41487,22088.79,21883.66,,
41488,22190.97,22088.79,,
41491,22222.01,22190.97,,
41492,21923.7,22222.01,,
41493,21588.84,21923.7,,
41494,21655.88,21588.84,,
41495,21807.56,21655.88,,
41498,22271.28,21807.56,,
41499,22541.13,22271.28,,
41501,22539.25,22541.13,,
41502,22517.81,22539.25,,
41505,22463.7,22517.81,,
41506,21970.29,22463.7,,
41507,21817.73,21970.29,,
41508,21895.4,21817.73,,
41509,21863.51,21895.4,,
41512,22005.32,21863.51,,
41513,21874.77,22005.32,,
41514,21524.65,21874.77,,
41515,21704.78,21524.65,,
41516,21731.37,21704.78,,
41519,22175.34,21731.37,,
41520,22394.58,22175.34,,
41521,22326.22,22394.58,,
41522,22597.97,22326.22,,
41523,22621.22,22597.97,,
41526,22750.65,22621.22,,
41527,22976.65,22750.65,,
41528,22937.14,22976.65,,
41529,22953.72,22937.14,,
41530,22915.28,22953.72,,
41533,23252.41,22915.28,,
41534,23180.52,23252.41,,
41535,23117.45,23180.52,,
41536,23502.51,23117.45,,
41540,23371.54,23502.51,,
41541,23179.04,23371.54,,
41542,23209.63,23179.04,,
41543,23125.03,23209.63,,
41544,23207.04,23125.03,,
41547,22859.86,23207.04,,
41549,22984.48,22859.86,,
41550,23214.4,22984.48,,
41551,23138.54,23214.4,,
41554,22973.95,23138.54,,
41555,23178.85,22973.95,,
41556,23033.97,23178.85,,
41557,22951.3,23033.97,,
41558,23218.32,22951.3,,
41562,23336.52,23218.32,,
41563,23228.33,23336.52,,
41564,23094.88,23228.33,,
41565,23340.1,23094.88,,
41568,23438.15,23340.1,,
41569,23315.99,23438.15,,
41570,22999.95,23315.99,,
41571,22835.82,22999.95,,
41572,22698.34,22835.82,,
41575,22806.58,22698.34,,
41576,22846.54,22806.58,,
41577,23304.02,22846.54,,
41578,23206.37,23304.02,,
41579,23249.79,23206.37,,
41582,23189.62,23249.79,,
41583,23038.95,23189.62,,
41584,23036.94,23038.95,,
41585,22881.03,23036.94,,
41586,22744.39,22881.03,,
41589,23069.85,22744.39,,
41590,22901.41,23069.85,,
41591,22463.83,22901.41,,
41592,22649.15,22463.83,,
41593,23032.15,22649.15,,
41596,23660.06,23032.15,,
41597,23657.81,23660.06,,
41598,23700.86,23657.81,,
41599,23580.29,23700.86,,
41600,23696.28,23580.29,,
41603,23684.45,23696.28,,
41604,23681.28,23684.45,,
41605,23806.35,23681.28,,
41606,23789.09,23806.35,,
41607,23881.29,23789.09,,
41610,24038.55,23881.29,,
41611,23910.47,24038.55,,
41612,23728.7,23910.47,,
41613,23712.57,23728.7,,
41614,23743.1,23712.57,,
41617,23811.17,23743.1,,
41618,23744.19,23811.17,,
41619,23338.24,23744.19,,
41620,23218.12,23338.24,,
41621,23245.96,23218.12,,
41624,23114.66,23245.96,,
41625,23069.23,23114.66,,
41626,23143.82,23069.23,,
41627,22888.75,23143.82,,
41628,22812.18,22888.75,,
41631,22921.56,22812.18,,
41632,23179.55,22921.56,,
41635,23243.24,23179.55,,
41638,23244.87,23243.24,,
41639,23306.39,23244.87,,
41641,23340.05,23306.39,,
41642,22817.28,23340.05,,
41645,22684.15,22817.28,,
41646,22712.78,22684.15,,
41647,22996.59,22712.78,,
41648,22787.33,22996.59,,
41649,22846.25,22787.33,,
41652,22888.76,22846.25,,
41653,22791.28,22888.76,,
41654,22902,22791.28,,
41655,22986.41,22902,,
41656,23133.35,22986.41,,
41659,22928.95,23133.35,,
41660,23033.12,22928.95,,
41661,23082.25,23033.12,,
41662,22733.9,23082.25,,
41663,22450.06,22733.9,,
41666,21976.1,22450.06,,
41667,21960.64,21976.1,,
41668,22141.61,21960.64,,
41669,22035.42,22141.61,,
41674,21397.77,22035.42,,
41675,21269.38,21397.77,,
41676,21423.13,21269.38,,
41677,21636.85,21423.13,,
41680,21579.26,21636.85,,
41681,21962.98,21579.26,,
41682,22285.79,21962.98,,
41683,22165.53,22285.79,,
41684,22298.41,22165.53,,
41687,22535.94,22298.41,,
41688,22587.72,22535.94,,
41689,22664.52,22587.72,,
41690,22394.08,22664.52,,
41691,22568.24,22394.08,,
41694,22388.56,22568.24,,
41695,22317.2,22388.56,,
41696,22437.44,22317.2,,
41697,22828.18,22437.44,,
41698,22836.96,22828.18,,
41701,22500.67,22836.96,,
41702,22657.63,22500.67,,
41703,22579.78,22657.63,,
41704,22702.97,22579.78,,
41705,22660.49,22702.97,,
41708,22264.93,22660.49,,
41709,22269.61,22264.93,,
41710,21901.95,22269.61,,
41711,21756.08,21901.95,,
41712,21539.49,21756.08,,
41715,21473.95,21539.49,,
41716,21583.5,21473.95,,
41717,21568.69,21583.5,,
41718,21182.16,21568.69,,
41719,21436.7,21182.16,,
41722,21846.45,21436.7,,
41723,21732.32,21846.45,,
41724,21887.75,21732.32,,
41725,21834.45,21887.75,,
41726,22065.53,21834.45,,
41729,22151.06,22065.53,,
41730,22448.54,22151.06,,
41731,22523.94,22448.54,,
41732,22565.08,22523.94,,
41733,22510.08,22565.08,,
41736,22377.15,22510.08,,
41737,22596.97,22377.15,,
41738,22843.17,22596.97,,
41739,23186.96,22843.17,,
41740,23003.64,23186.96,,
41743,23038.8,23003.64,,
41744,22671.26,23038.8,,
41745,22696.01,22671.26,,
41746,22760.24,22696.01,,
41751,22730.68,22760.24,,
41752,22509.64,22730.68,,
41753,22562.8,22509.64,,
41754,22223.53,22562.8,,
41757,22132.53,22223.53,,
41758,22453.89,22132.53,,
41759,22133.97,22453.89,,
41761,22260.67,22133.97,,
41764,21976.33,22260.67,,
41766,21746.26,21976.33,,
41767,21837.12,21746.26,,
41768,21862.99,21837.12,,
41771,22261.61,21862.99,,
41772,22352.38,22261.61,,
41773,22582.77,22352.38,,
41774,22730.86,22582.77,,
41775,22712.91,22730.86,,
41778,22704.5,22712.91,,
41779,22834.68,22704.5,,
41780,22836.52,22834.68,,
41781,22953.76,22836.52,,
41782,22965.86,22953.76,,
41785,22963.18,22965.86,,
41786,22944.3,22963.18,,
41787,23080.03,22944.3,,
41788,23010.14,23080.03,,
41789,23081.65,23010.14,,
41793,23291.04,23081.65,,
41794,23151.71,23291.04,,
41795,23109.66,23151.71,,
41796,22951,23109.66,,
41799,23117.47,22951,,
41800,23315.74,23117.47,,
41801,23257.29,23315.74,,
41802,23175.02,23257.29,,
41803,23319.17,23175.02,,
41806,23300.67,23319.17,,
41807,23203.59,23300.67,,
41808,23181.72,23203.59,,
41809,23167.73,23181.72,,
41810,23194.06,23167.73,,
41813,22804.81,23194.06,,
41814,22880.64,22804.81,,
41815,22866.7,22880.64,,
41816,23197.83,22866.7,,
41817,23221.52,23197.83,,
41820,23190.72,23221.52,,
41822,23549.62,23190.72,,
41823,23531.44,23549.62,,
41824,23546.36,23531.44,,
41827,23540.92,23546.36,,
41828,23541.38,23540.92,,
41829,23176.07,23541.38,,
41830,23238.99,23176.07,,
41831,23233.45,23238.99,,
41834,23346.67,23233.45,,
41835,23459.96,23346.67,,
41836,23523.28,23459.96,,
41837,23520.87,23523.28,,
41838,23454.79,23520.87,,
41841,23387.14,23454.79,,
41842,23782.11,23387.14,,
41843,23971.87,23782.11,,
41844,24141.5,23971.87,,
41845,24216.01,24141.5,,
41848,24428.63,24216.01,,
41849,24640.53,24428.63,,
41850,24732.21,24640.53,,
41851,24756.85,24732.21,,
41852,24532.43,24756.85,,
41855,24600.08,24532.43,,
41856,24648.26,24600.08,,
41857,24584.13,24648.26,,
41858,24387.56,24584.13,,
41859,24331.41,24387.56,,
41862,24646.02,24331.41,,
41863,24689.41,24646.02,,
41864,24890.34,24689.41,,
41865,24801.36,24890.34,,
41866,24954.94,24801.36,,
41869,24955.46,24954.94,,
41870,25122.95,24955.46,,
41871,25159.76,25122.95,,
41872,24994.1,25159.76,,
41873,25112.23,24994.1,,
41876,25166.91,25112.23,,
41877,25074.5,25166.91,,
41878,24918.75,25074.5,,
41879,24741,24918.75,,
41880,24742.06,24741,,
41883,24752.09,24742.06,,
41884,24749.02,24752.09,,
41885,25317.95,24749.02,,
41886,25297.92,25317.95,,
41887,25240.15,25297.92,,
41890,25190.45,25240.15,,
41892,24705.36,25190.45,,
41893,24662.64,24705.36,,
41894,24595.32,24662.64,,
41897,24356.99,24595.32,,
41898,24136.01,24356.99,,
41899,24376.41,24136.01,,
41900,24168.72,24376.41,,
41901,24306.16,24168.72,,
41904,23955.49,24306.16,,
41905,23837.07,23955.49,,
41906,23921.61,23837.07,,
41907,23768.13,23921.61,,
41908,23678.41,23768.13,,
41911,23229.21,23678.41,,
41912,22932.98,23229.21,,
41915,23064.56,22932.98,,
41918,23315.04,23064.56,,
41919,23422.52,23315.04,,
41920,23263.33,23422.52,,
41921,23534.53,23263.33,,
41922,23088.54,23534.53,,
41925,23143.38,23088.54,,
41926,23047.97,23143.38,,
41927,23140.05,23047.97,,
41928,22900.94,23140.05,,
41929,23023.21,22900.94,,
41932,23070.26,23023.21,,
41933,23088.58,23070.26,,
41934,23403.97,23088.58,,
41935,23333.18,23403.97,,
41936,23302.2,23333.18,,
41939,23143.23,23302.2,,
41940,23520.36,23143.23,,
41941,23819.87,23520.36,,
41942,23702.04,23819.87,,
41943,23998.06,23702.04,,
41946,23915.97,23998.06,,
41947,23845.66,23915.97,,
41948,23695.62,23845.66,,
41949,23649.31,23695.62,,
41950,23550.24,23649.31,,
41953,23744.7,23550.24,,
41954,23808.28,23744.7,,
41955,23938.18,23808.28,,
41956,24019.94,23938.18,,
41957,24087.38,24019.94,,
41960,23797.08,24087.38,,
41961,23529.17,23797.08,,
41962,23373.31,23529.17,,
41963,23349.64,23373.31,,
41964,23437.12,23349.64,,
41967,23893.14,23437.12,,
41968,23843.91,23893.14,,
41969,24111.98,23843.91,,
41970,24004.28,24111.98,,
41971,23987.45,24004.28,,
41974,23367.45,23987.45,,
41975,23654.3,23367.45,,
41976,23428.62,23654.3,,
41977,23832.56,23428.62,,
41978,24002.64,23832.56,,
41981,24047.67,24002.64,,
41982,23485.83,24047.67,,
41983,23524.52,23485.83,,
41984,23312.54,23524.52,,
41985,23249.2,23312.54,,
41988,23027.85,23249.2,,
41989,22670.5,23027.85,,
41990,22585.84,22670.5,,
41991,22832.21,22585.84,,
41992,23116.63,22832.21,,
41995,23408.57,23116.63,,
41996,23333.69,23408.57,,
41997,23349.34,23333.69,,
42002,23773.18,23349.34,,
42003,23501.1,23773.18,,
42004,23605.04,23501.1,,
42006,23857.82,23605.04,,
42009,23721.32,23857.82,,
42010,23485.41,23721.32,,
42011,23681.26,23485.41,,
42012,23835.53,23681.26,,
42013,23919.95,23835.53,,
42016,24026.46,23919.95,,
42017,24215.97,24026.46,,
42018,24112.6,24215.97,,
42019,24350.91,24112.6,,
42020,24103.52,24350.91,,
42023,23738.49,24103.52,,
42024,23951.16,23738.49,,
42025,24352.58,23951.16,,
42026,24522.63,24352.58,,
42027,24850.45,24522.63,,
42030,24909.9,24850.45,,
42031,24807.28,24909.9,,
42032,24861.81,24807.28,,
42033,24595.85,24861.81,,
42034,24507.05,24595.85,,
42037,24484.74,24507.05,,
42038,24554.78,24484.74,,
42039,24679.76,24554.78,,
42040,24765.49,24679.76,,
42041,24679.39,24765.49,,
42044,24521,24679.39,,
42045,24528.1,24521,,
42046,24315.02,24528.1,,
42047,24422.15,24315.02,,
42048,24682.54,24422.15,,
42051,24726.53,24682.54,,
42052,24784.88,24726.53,,
42053,24832.08,24784.88,,
42058,24836.76,24832.08,,
42059,24750.07,24836.76,,
42060,24778.28,24750.07,,
42061,24902.06,24778.28,,
42062,24823.29,24902.06,,
42065,24887.44,24823.29,,
42066,24702.78,24887.44,,
42067,24465.38,24702.78,,
42068,24193.04,24465.38,,
42069,24164,24193.04,,
42072,24123.05,24164,,
42073,23896.98,24123.05,,
42074,23717.97,23896.98,,
42075,23797.96,23717.97,,
42076,23823.21,23797.96,,
42079,23949.55,23823.21,,
42080,23901.49,23949.55,,
42081,24120.08,23901.49,,
42082,24468.89,24120.08,,
42083,24375.24,24468.89,,
42086,24494.51,24375.24,,
42087,24399.6,24494.51,,
42088,24528.23,24399.6,,
42089,24497.08,24528.23,,
42090,24486.2,24497.08,,
42093,24855.12,24486.2,,
42094,24900.89,24855.12,,
42095,25082.75,24900.89,,
42096,25275.64,25082.75,,
42102,26236.86,25275.64,,
42103,26944.39,26236.86,,
42104,27272.39,26944.39,,
42107,28016.34,27272.39,,
42108,27561.49,28016.34,,
42109,27618.82,27561.49,,
42110,27739.71,27618.82,,
42111,27653.12,27739.71,,
42114,27094.93,27653.12,,
42115,27850.49,27094.93,,
42116,27933.85,27850.49,,
42117,27827.7,27933.85,,
42118,28060.98,27827.7,,
42121,28433.59,28060.98,,
42122,28442.75,28433.59,,
42123,28400.34,28442.75,,
42124,28133,28400.34,,
42128,28123.82,28133,,
42129,27755.54,28123.82,,
42130,27640.91,27755.54,,
42131,27289.97,27640.91,,
42132,27577.34,27289.97,,
42135,27718.2,27577.34,,
42136,27407.18,27718.2,,
42137,27249.28,27407.18,,
42138,27286.55,27249.28,,
42139,27822.28,27286.55,,
42142,27591.25,27822.28,,
42143,27693.54,27591.25,,
42144,27585.05,27693.54,,
42145,27523.72,27585.05,,
42146,27992.83,27523.72,,
42150,28249.86,27992.83,,
42151,28081.21,28249.86,,
42152,27454.31,28081.21,,
42153,27424.19,27454.31,,
42156,27597.16,27424.19,,
42157,27466.72,27597.16,,
42158,27657.47,27466.72,,
42159,27551.89,27657.47,,
42160,27260.16,27551.89,,
42163,27316.28,27260.16,,
42164,26989.52,27316.28,,
42165,26687.64,26989.52,,
42166,26907.85,26687.64,,
42167,27280.54,26907.85,,
42170,26861.81,27280.54,,
42171,26566.7,26861.81,,
42172,26753.79,26566.7,,
42173,26694.66,26753.79,,
42174,26760.53,26694.66,,
42177,27080.85,26760.53,,
42178,27333.46,27080.85,,
42179,27404.97,27333.46,,
42180,27145.75,27404.97,,
42181,26663.87,27145.75,,
42184,25966.98,26663.87,,
42185,26250.03,25966.98,,
42187,26282.32,26250.03,,
42188,26064.11,26282.32,,
42191,25236.28,26064.11,,
42192,24975.31,25236.28,,
42193,23516.56,24975.31,,
42194,24392.79,23516.56,,
42195,24901.28,24392.79,,
42198,25224.01,24901.28,,
42199,25120.91,25224.01,,
42200,25055.76,25120.91,,
42201,25162.78,25055.76,,
42202,25415.27,25162.78,,
42205,25404.81,25415.27,,
42206,25536.43,25404.81,,
42207,25282.62,25536.43,,
42208,25398.85,25282.62,,
42209,25128.51,25398.85,,
42212,24351.96,25128.51,,
42213,24503.94,24351.96,,
42214,24619.45,24503.94,,
42215,24497.98,24619.45,,
42216,24636.28,24497.98,,
42219,24411.42,24636.28,,
42220,24406.12,24411.42,,
42221,24514.16,24406.12,,
42222,24375.28,24514.16,,
42223,24552.47,24375.28,,
42226,24521.12,24552.47,,
42227,24498.21,24521.12,,
42228,23916.02,24498.21,,
42229,24018.8,23916.02,,
42230,23991.03,24018.8,,
42233,23814.65,23991.03,,
42234,23474.97,23814.65,,
42235,23167.85,23474.97,,
42236,22757.47,23167.85,,
42237,22409.62,22757.47,,
42240,21251.57,22409.62,,
42241,21404.96,21251.57,,
42242,21080.39,21404.96,,
42243,21838.54,21080.39,,
42244,21612.39,21838.54,,
42247,21670.58,21612.39,,
42248,21185.43,21670.58,,
42249,20934.94,21185.43,,
42251,20840.61,20934.94,,
42254,20583.52,20840.61,,
42255,21259.04,20583.52,,
42256,22131.31,21259.04,,
42257,21562.5,22131.31,,
42258,21504.37,21562.5,,
42261,21561.9,21504.37,,
42262,21455.23,21561.9,,
42263,21966.66,21455.23,,
42264,21854.63,21966.66,,
42265,21920.83,21854.63,,
42268,21756.93,21920.83,,
42269,21796.58,21756.93,,
42270,21302.91,21796.58,,
42271,21095.98,21302.91,,
42272,21186.32,21095.98,,
42276,20556.6,21186.32,,
42277,20846.3,20556.6,,
42279,21506.09,20846.3,,
42282,21854.5,21506.09,,
42283,21831.62,21854.5,,
42284,22515.76,21831.62,,
42285,22354.91,22515.76,,
42286,22458.8,22354.91,,
42289,22730.93,22458.8,,
42290,22600.46,22730.93,,
42291,22439.91,22600.46,,
42292,22888.17,22439.91,,
42293,23067.37,22888.17,,
42296,23075.61,23067.37,,
42297,22989.22,23075.61,,
42299,22845.37,22989.22,,
42300,23151.94,22845.37,,
42303,23116.25,23151.94,,
42304,23142.73,23116.25,,
42305,22956.57,23142.73,,
42306,22819.94,22956.57,,
42307,22640.04,22819.94,,
42310,22370.04,22640.04,,
42311,22568.43,22370.04,,
42312,23053.57,22568.43,,
42313,23051.04,23053.57,,
42314,22867.33,23051.04,,
42317,22726.77,22867.33,,
42318,22401.7,22726.77,,
42319,22352.17,22401.7,,
42320,22888.92,22352.17,,
42321,22396.14,22888.92,,
42324,22010.82,22396.14,,
42325,22264.25,22010.82,,
42326,22188.26,22264.25,,
42327,22500.22,22188.26,,
42328,22754.72,22500.22,,
42331,22665.9,22754.72,,
42332,22587.63,22665.9,,
42333,22498,22587.63,,
42334,22488.94,22498,,
42335,22068.32,22488.94,,
42338,21996.42,22068.32,,
42339,22381.35,21996.42,,
42340,22479.69,22381.35,,
42341,22417.01,22479.69,,
42342,22235.89,22417.01,,
42345,22203.22,22235.89,,
42346,21905.13,22203.22,,
42347,21803.76,21905.13,,
42348,21704.61,21803.76,,
42349,21464.05,21704.61,,
42352,21309.85,21464.05,,
42353,21274.37,21309.85,,
42354,21701.21,21274.37,,
42355,21872.06,21701.21,,
42356,21755.56,21872.06,,
42359,21791.68,21755.56,,
42360,21830.02,21791.68,,
42361,22040.59,21830.02,,
42362,22138.13,22040.59,,
42366,21919.62,22138.13,,
42367,21999.62,21919.62,,
42368,21882.15,21999.62,,
42369,21914.4,21882.15,,
42373,21327.12,21914.4,,
42374,21188.72,21327.12,,
42375,20980.81,21188.72,,
42376,20333.34,20980.81,,
42377,20453.71,20333.34,,
42380,19888.5,20453.71,,
42381,19711.76,19888.5,,
42382,19934.88,19711.76,,
42383,19817.41,19934.88,,
42384,19520.77,19817.41,,
42387,19237.45,19520.77,,
42388,19635.81,19237.45,,
42389,18886.3,19635.81,,
42390,18542.15,18886.3,,
42391,19080.51,18542.15,,
42394,19340.14,19080.51,,
42395,18860.8,19340.14,,
42396,19052.45,18860.8,,
42397,19195.83,19052.45,,
42398,19683.11,19195.83,,
42401,19595.5,19683.11,,
42402,19446.84,19595.5,,
42403,18991.59,19446.84,,
42404,19183.09,18991.59,,
42405,19288.17,19183.09,,
42411,18545.8,19288.17,,
42412,18319.58,18545.8,,
42415,18918.14,18319.58,,
42416,19122.08,18918.14,,
42417,18924.57,19122.08,,
42418,19363.08,18924.57,,
42419,19285.5,19363.08,,
42422,19464.09,19285.5,,
42423,19414.78,19464.09,,
42424,19192.45,19414.78,,
42425,18888.75,19192.45,,
42426,19364.15,18888.75,,
42429,19111.93,19364.15,,
42430,19407.46,19111.93,,
42431,20003.49,19407.46,,
42432,19941.76,20003.49,,
42433,20176.7,19941.76,,
42436,20159.72,20176.7,,
42437,20011.58,20159.72,,
42438,19996.26,20011.58,,
42439,19984.42,19996.26,,
42440,20199.6,19984.42,,
42443,20435.34,20199.6,,
42444,20288.77,20435.34,,
42445,20257.7,20288.77,,
42446,20503.81,20257.7,,
42447,20671.63,20503.81,,
42450,20684.15,20671.63,,
42451,20666.75,20684.15,,
42452,20615.23,20666.75,,
42453,20345.61,20615.23,,
42458,20366.3,20345.61,,
42459,20803.39,20366.3,,
42460,20776.7,20803.39,,
42461,20498.92,20776.7,,
42465,20177,20498.92,,
42466,20206.67,20177,,
42467,20266.05,20206.67,,
42468,20370.4,20266.05,,
42471,20440.81,20370.4,,
42472,20504.44,20440.81,,
42473,21158.71,20504.44,,
42474,21337.81,21158.71,,
42475,21316.47,21337.81,,
42478,21161.5,21316.47,,
42479,21436.21,21161.5,,
42480,21236.31,21436.21,,
42481,21622.25,21236.31,,
42482,21467.04,21622.25,,
42485,21304.44,21467.04,,
42486,21407.27,21304.44,,
42487,21361.6,21407.27,,
42488,21388.03,21361.6,,
42489,21067.05,21388.03,,
42493,20676.94,21067.05,,
42494,20525.83,20676.94,,
42495,20449.82,20525.83,,
42496,20109.87,20449.82,,
42499,20156.81,20109.87,,
42500,20242.68,20156.81,,
42501,20055.29,20242.68,,
42502,19915.46,20055.29,,
42503,19719.29,19915.46,,
42506,19883.95,19719.29,,
42507,20118.8,19883.95,,
42508,19826.41,20118.8,,
42509,19694.33,19826.41,,
42510,19852.2,19694.33,,
42513,19809.03,19852.2,,
42514,19830.43,19809.03,,
42515,20368.05,19830.43,,
42516,20397.11,20368.05,,
42517,20576.77,20397.11,,
42520,20629.39,20576.77,,
42521,20815.09,20629.39,,
42522,20760.98,20815.09,,
42523,20859.22,20760.98,,
42524,20947.24,20859.22,,
42527,21030.22,20947.24,,
42528,21328.24,21030.22,,
42529,21297.88,21328.24,,
42531,21042.64,21297.88,,
42534,20512.99,21042.64,,
42535,20387.53,20512.99,,
42536,20467.52,20387.53,,
42537,20038.42,20467.52,,
42538,20169.98,20038.42,,
42541,20510.2,20169.98,,
42542,20668.44,20510.2,,
42543,20795.12,20668.44,,
42544,20868.34,20795.12,,
42545,20259.13,20868.34,,
42548,20227.3,20259.13,,
42549,20172.46,20227.3,,
42550,20436.12,20172.46,,
42551,20794.37,20436.12,,
42555,21059.2,20794.37,,
42556,20750.72,21059.2,,
42557,20495.29,20750.72,,
42558,20706.92,20495.29,,
42559,20564.17,20706.92,,
42562,20880.5,20564.17,,
42563,21224.74,20880.5,,
42564,21322.37,21224.74,,
42565,21561.06,21322.37,,
42566,21659.25,21561.06,,
42569,21803.18,21659.25,,
42570,21673.2,21803.18,,
42571,21882.48,21673.2,,
42572,22000.49,21882.48,,
42573,21964.27,22000.49,,
42576,21993.44,21964.27,,
42577,22129.73,21993.44,,
42578,22218.99,22129.73,,
42579,22174.34,22218.99,,
42580,21891.37,22174.34,,
42583,22129.14,21891.37,,
42585,21739.12,22129.14,,
42586,21832.23,21739.12,,
42587,22146.09,21832.23,,
42590,22494.76,22146.09,,
42591,22465.61,22494.76,,
42592,22492.43,22465.61,,
42593,22580.55,22492.43,,
42594,22766.91,22580.55,,
42597,22932.51,22766.91,,
42598,22910.84,22932.51,,
42599,22799.78,22910.84,,
42600,23023.16,22799.78,,
42601,22937.22,23023.16,,
42604,22997.91,22937.22,,
42605,22998.93,22997.91,,
42606,22820.78,22998.93,,
42607,22814.95,22820.78,,
42608,22909.54,22814.95,,
42611,22821.34,22909.54,,
42612,23016.11,22821.34,,
42613,22976.88,23016.11,,
42614,23162.34,22976.88,,
42615,23266.7,23162.34,,
42618,23649.55,23266.7,,
42619,23787.68,23649.55,,
42620,23741.81,23787.68,,
42621,23919.34,23741.81,,
42622,24099.7,23919.34,,
42625,23290.6,24099.7,,
42626,23215.76,23290.6,,
42627,23190.64,23215.76,,
42628,23335.59,23190.64,,
42632,23550.45,23335.59,,
42633,23530.86,23550.45,,
42634,23669.9,23530.86,,
42635,23759.8,23669.9,,
42636,23686.48,23759.8,,
42639,23317.92,23686.48,,
42640,23571.9,23317.92,,
42641,23619.65,23571.9,,
42642,23739.47,23619.65,,
42643,23297.15,23739.47,,
42646,23584.43,23297.15,,
42647,23689.44,23584.43,,
42648,23788.31,23689.44,,
42649,23952.5,23788.31,,
42650,23851.82,23952.5,,
42654,23549.52,23851.82,,
42655,23407.05,23549.52,,
42656,23031.3,23407.05,,
42657,23233.31,23031.3,,
42660,23037.54,23233.31,,
42661,23394.39,23037.54,,
42662,23304.97,23394.39,,
42663,23374.4,23304.97,,
42667,23604.08,23374.4,,
42668,23565.11,23604.08,,
42669,23325.43,23565.11,,
42670,23132.35,23325.43,,
42671,22954.81,23132.35,,
42674,22934.54,22954.81,,
42675,23147.07,22934.54,,
42676,22810.5,23147.07,,
42677,22683.51,22810.5,,
42678,22642.62,22683.51,,
42681,22801.4,22642.62,,
42682,22909.47,22801.4,,
42683,22415.19,22909.47,,
42684,22839.11,22415.19,,
42685,22531.09,22839.11,,
42688,22222.22,22531.09,,
42689,22323.91,22222.22,,
42690,22280.53,22323.91,,
42691,22262.88,22280.53,,
42692,22344.21,22262.88,,
42695,22357.78,22344.21,,
42696,22678.07,22357.78,,
42697,22676.69,22678.07,,
42698,22608.49,22676.69,,
42699,22723.45,22608.49,,
42702,22830.57,22723.45,,
42703,22737.07,22830.57,,
42704,22789.77,22737.07,,
42705,22878.23,22789.77,,
42706,22564.82,22878.23,,
42709,22505.55,22564.82,,
42710,22675.15,22505.55,,
42711,22800.92,22675.15,,
42712,22861.84,22800.92,,
42713,22760.98,22861.84,,
42716,22433.02,22760.98,,
42717,22446.7,22433.02,,
42718,22456.62,22446.7,,
42719,22059.4,22456.62,,
42720,22020.75,22059.4,,
42723,21832.68,22020.75,,
42724,21729.06,21832.68,,
42725,21809.8,21729.06,,
42726,21636.2,21809.8,,
42727,21574.76,21636.2,,
42732,21754.74,21574.76,,
42733,21790.91,21754.74,,
42734,22000.56,21790.91,,
42738,22150.4,22000.56,,
42739,22134.47,22150.4,,
42740,22456.69,22134.47,,
42741,22503.01,22456.69,,
42744,22558.69,22503.01,,
42745,22744.85,22558.69,,
42746,22935.35,22744.85,,
42747,22829.02,22935.35,,
42748,22937.38,22829.02,,
42751,22718.15,22937.38,,
42752,22840.97,22718.15,,
42753,23098.26,22840.97,,
42754,23049.96,23098.26,,
42755,22885.91,23049.96,,
42758,22898.52,22885.91,,
42759,22949.86,22898.52,,
42760,23049.12,22949.86,,
42761,23374.17,23049.12,,
42762,23360.78,23374.17,,
42767,23318.39,23360.78,,
42768,23184.52,23318.39,,
42769,23129.21,23184.52,,
42772,23348.24,23129.21,,
42773,23331.57,23348.24,,
42774,23485.13,23331.57,,
42775,23525.14,23485.13,,
42776,23574.98,23525.14,,
42779,23710.98,23574.98,,
42780,23703.01,23710.98,,
42781,23994.87,23703.01,,
42782,24107.7,23994.87,,
42783,24033.74,24107.7,,
42786,24146.08,24033.74,,
42787,23963.63,24146.08,,
42788,24201.96,23963.63,,
42789,24114.86,24201.96,,
42790,23965.7,24114.86,,
42793,23925.05,23965.7,,
42794,23740.73,23925.05,,
42795,23776.49,23740.73,,
42796,23728.07,23776.49,,
42797,23552.72,23728.07,,
42800,23596.28,23552.72,,
42801,23681.07,23596.28,,
42802,23782.27,23681.07,,
42803,23501.56,23782.27,,
42804,23568.67,23501.56,,
42807,23829.67,23568.67,,
42808,23827.95,23829.67,,
42809,23792.85,23827.95,,
42810,24288.28,23792.85,,
42811,24309.93,24288.28,,
42814,24501.99,24309.93,,
42815,24593.12,24501.99,,
42816,24320.41,24593.12,,
42817,24327.7,24320.41,,
42818,24358.27,24327.7,,
42821,24193.7,24358.27,,
42822,24345.87,24193.7,,
42823,24392.05,24345.87,,
42824,24301.09,24392.05,,
42825,24111.59,24301.09,,
42828,24261.48,24111.59,,
42830,24400.8,24261.48,,
42831,24273.72,24400.8,,
42832,24267.3,24273.72,,
42835,24262.18,24267.3,,
42836,24088.46,24262.18,,
42837,24313.5,24088.46,,
42838,24261.66,24313.5,,
42843,23924.54,24261.66,,
42844,23825.88,23924.54,,
42845,24056.98,23825.88,,
42846,24042.02,24056.98,,
42849,24139.48,24042.02,,
42850,24455.94,24139.48,,
42851,24578.43,24455.94,,
42852,24698.48,24578.43,,
42853,24615.13,24698.48,,
42857,24696.13,24615.13,,
42859,24683.88,24696.13,,
42860,24476.35,24683.88,,
42863,24577.91,24476.35,,
42864,24889.03,24577.91,,
42865,25015.42,24889.03,,
42866,25125.55,25015.42,,
42867,25156.34,25125.55,,
42870,25371.59,25156.34,,
42871,25335.94,25371.59,,
42872,25293.63,25335.94,,
42873,25136.52,25293.63,,
42874,25174.87,25136.52,,
42877,25391.34,25174.87,,
42878,25403.15,25391.34,,
42879,25428.5,25403.15,,
42880,25630.78,25428.5,,
42881,25639.27,25630.78,,
42884,25701.63,25639.27,,
42886,25660.65,25701.63,,
42887,25809.22,25660.65,,
42888,25924.05,25809.22,,
42891,25862.99,25924.05,,
42892,25997.14,25862.99,,
42893,25974.16,25997.14,,
42894,26063.06,25974.16,,
42895,26030.29,26063.06,,
42898,25708.04,26030.29,,
42899,25852.1,25708.04,,
42900,25875.9,25852.1,,
42901,25565.34,25875.9,,
42902,25626.49,25565.34,,
42905,25924.55,25626.49,,
42906,25843.04,25924.55,,
42907,25694.58,25843.04,,
42908,25674.53,25694.58,,
42909,25670.05,25674.53,,
42912,25871.89,25670.05,,
42913,25839.99,25871.89,,
42914,25683.5,25839.99,,
42915,25965.42,25683.5,,
42916,25764.58,25965.42,,
42919,25784.17,25764.58,,
42920,25389.01,25784.17,,
42921,25521.97,25389.01,,
42922,25465.22,25521.97,,
42923,25340.85,25465.22,,
42926,25500.06,25340.85,,
42927,25877.64,25500.06,,
42928,26043.64,25877.64,,
42929,26346.17,26043.64,,
42930,26389.23,26346.17,,
42933,26470.58,26389.23,,
42934,26524.94,26470.58,,
42935,26672.16,26524.94,,
42936,26740.21,26672.16,,
42937,26706.09,26740.21,,
42940,26846.83,26706.09,,
42941,26852.05,26846.83,,
42942,26941.02,26852.05,,
42943,27131.17,26941.02,,
42944,26979.39,27131.17,,
42947,27323.99,26979.39,,
42948,27540.23,27323.99,,
42949,27607.38,27540.23,,
42950,27531.01,27607.38,,
42951,27562.68,27531.01,,
42954,27690.36,27562.68,,
42955,27854.91,27690.36,,
42956,27757.09,27854.91,,
42957,27444,27757.09,,
42958,26883.51,27444,,
42961,27250.23,26883.51,,
42962,27174.96,27250.23,,
42963,27409.07,27174.96,,
42964,27344.22,27409.07,,
42965,27047.57,27344.22,,
42968,27154.68,27047.57,,
42969,27401.67,27154.68,,
42971,27518.6,27401.67,,
42972,27848.16,27518.6,,
42975,27863.29,27848.16,,
42976,27765.01,27863.29,,
42977,28094.61,27765.01,,
42978,27970.3,28094.61,,
42979,27953.16,27970.3,,
42982,27740.26,27953.16,,
42983,27741.35,27740.26,,
42984,27613.76,27741.35,,
42985,27522.92,27613.76,,
42986,27668.47,27522.92,,
42989,27955.13,27668.47,,
42990,27972.24,27955.13,,
42991,27894.08,27972.24,,
42992,27777.2,27894.08,,
42993,27807.59,27777.2,,
42996,28159.77,27807.59,,
42997,28051.41,28159.77,,
42998,28127.8,28051.41,,
42999,28110.33,28127.8,,
43000,27880.53,28110.33,,
43003,27500.34,27880.53,,
43004,27513.01,27500.34,,
43005,27642.43,27513.01,,
43006,27421.6,27642.43,,
43007,27554.3,27421.6,,
43011,28173.21,27554.3,,
43012,28379.18,28173.21,,
43014,28458.04,28379.18,,
43017,28326.59,28458.04,,
43018,28490.83,28326.59,,
43019,28389.57,28490.83,,
43020,28459.03,28389.57,,
43021,28476.43,28459.03,,
43024,28692.8,28476.43,,
43025,28697.49,28692.8,,
43026,28711.76,28697.49,,
43027,28159.09,28711.76,,
43028,28487.24,28159.09,,
43031,28305.88,28487.24,,
43032,28154.97,28305.88,,
43033,28302.89,28154.97,,
43034,28202.38,28302.89,,
43035,28438.85,28202.38,,
43038,28336.19,28438.85,,
43039,28245.54,28336.19,,
43040,28594.06,28245.54,,
43041,28518.64,28594.06,,
43042,28603.61,28518.64,,
43045,28596.8,28603.61,,
43046,28994.34,28596.8,,
43047,28907.6,28994.34,,
43048,29136.57,28907.6,,
43049,29120.92,29136.57,,
43052,29182.18,29120.92,,
43053,29152.12,29182.18,,
43054,28851.69,29152.12,,
43055,29018.76,28851.69,,
43056,29199.04,29018.76,,
43059,29260.31,29199.04,,
43060,29818.07,29260.31,,
43061,30003.49,29818.07,,
43062,29707.94,30003.49,,
43063,29866.32,29707.94,,
43066,29686.19,29866.32,,
43067,29680.85,29686.19,,
43068,29623.83,29680.85,,
43069,29177.35,29623.83,,
43070,29074.24,29177.35,,
43073,29138.28,29074.24,,
43074,28842.8,29138.28,,
43075,28224.8,28842.8,,
43076,28303.19,28224.8,,
43077,28639.85,28303.19,,
43080,28965.29,28639.85,,
43081,28793.88,28965.29,,
43082,29222.1,28793.88,,
43083,29166.38,29222.1,,
43084,28848.11,29166.38,,
43087,29050.41,28848.11,,
43088,29253.66,29050.41,,
43089,29234.09,29253.66,,
43090,29367.06,29234.09,,
43091,29578.01,29367.06,,
43096,29597.66,29578.01,,
43097,29863.71,29597.66,,
43098,29919.15,29863.71,,
43102,30515.31,29919.15,,
43103,30560.95,30515.31,,
43104,30736.48,30560.95,,
43105,30814.64,30736.48,,
43108,30899.53,30814.64,,
43109,31011.41,30899.53,,
43110,31073.72,31011.41,,
43111,31120.39,31073.72,,
43112,31412.54,31120.39,,
43115,31338.87,31412.54,,
43116,31904.75,31338.87,,
43117,31983.41,31904.75,,
43118,32121.94,31983.41,,
43119,32254.89,32121.94,,
43122,32393.41,32254.89,,
43123,32930.7,32393.41,,
43124,32958.69,32930.7,,
43125,32654.45,32958.69,,
43126,33154.12,32654.45,,
43129,32966.89,33154.12,,
43130,32607.29,32966.89,,
43131,32887.27,32607.29,,
43132,32642.09,32887.27,,
43133,32601.78,32642.09,,
43136,32245.22,32601.78,,
43137,30595.42,32245.22,,
43138,30323.2,30595.42,,
43139,30451.27,30323.2,,
43140,29507.42,30451.27,,
43143,29459.63,29507.42,,
43144,29839.53,29459.63,,
43145,30515.6,29839.53,,
43146,31115.43,30515.6,,
43151,30873.63,31115.43,,
43152,31431.89,30873.63,,
43153,30965.68,31431.89,,
43154,31267.17,30965.68,,
43157,31498.6,31267.17,,
43158,31268.66,31498.6,,
43159,30844.72,31268.66,,
43160,31044.25,30844.72,,
43161,30583.45,31044.25,,
43164,29886.39,30583.45,,
43165,30510.73,29886.39,,
43166,30196.92,30510.73,,
43167,30654.52,30196.92,,
43168,30996.21,30654.52,,
43171,31594.33,30996.21,,
43172,31601.45,31594.33,,
43173,31435.01,31601.45,,
43174,31541.1,31435.01,,
43175,31501.97,31541.1,,
43178,31513.76,31501.97,,
43179,31549.93,31513.76,,
43180,31414.52,31549.93,,
43181,31071.05,31414.52,,
43182,30309.29,31071.05,,
43185,30548.77,30309.29,,
43186,30790.83,30548.77,,
43187,30022.53,30790.83,,
43188,30093.38,30022.53,,
43193,30180.1,30093.38,,
43194,29518.69,30180.1,,
43196,29844.94,29518.69,,
43199,30229.58,29844.94,,
43200,30728.74,30229.58,,
43201,30897.71,30728.74,,
43202,30831.28,30897.71,,
43203,30808.38,30831.28,,
43206,30315.59,30808.38,,
43207,30062.75,30315.59,,
43208,30284.25,30062.75,,
43209,30708.44,30284.25,,
43210,30418.33,30708.44,,
43213,30254.4,30418.33,,
43214,30636.24,30254.4,,
43215,30328.15,30636.24,,
43216,30007.68,30328.15,,
43217,30280.67,30007.68,,
43220,30808.45,30280.67,,
43222,30723.88,30808.45,,
43223,30313.37,30723.88,,
43224,29926.5,30313.37,,
43227,29994.26,29926.5,,
43228,30402.81,29994.26,,
43229,30536.14,30402.81,,
43230,30809.22,30536.14,,
43231,31122.06,30809.22,,
43234,31541.08,31122.06,,
43235,31152.03,31541.08,,
43236,31110.2,31152.03,,
43237,30942.15,31110.2,,
43238,31047.91,30942.15,,
43241,31234.35,31047.91,,
43243,30665.64,31234.35,,
43244,30760.41,30665.64,,
43245,30588.04,30760.41,,
43248,30792.26,30588.04,,
43249,30484.58,30792.26,,
43250,30056.79,30484.58,,
43251,30468.56,30056.79,,
43252,30492.91,30468.56,,
43255,30997.98,30492.91,,
43256,31093.45,30997.98,,
43257,31259.1,31093.45,,
43258,31512.63,31259.1,,
43259,30958.21,31512.63,,
43262,31063.7,30958.21,,
43263,31103.06,31063.7,,
43264,30725.15,31103.06,,
43265,30440.17,30725.15,,
43266,30309.49,30440.17,,
43270,29468.15,30309.49,,
43271,29696.17,29468.15,,
43272,29296.05,29696.17,,
43273,29338.7,29296.05,,
43276,28961.39,29338.7,,
43277,28881.4,28961.39,,
43278,28356.26,28881.4,,
43279,28497.32,28356.26,,
43280,28955.11,28497.32,,
43284,28545.57,28955.11,,
43285,28241.67,28545.57,,
43286,28182.09,28241.67,,
43287,28315.62,28182.09,,
43290,28688.5,28315.62,,
43291,28682.25,28688.5,,
43292,28311.69,28682.25,,
43293,28480.83,28311.69,,
43294,28525.44,28480.83,,
43297,28539.66,28525.44,,
43298,28181.68,28539.66,,
43299,28117.42,28181.68,,
43300,28010.86,28117.42,,
43301,28224.48,28010.86,,
43304,28256.12,28224.48,,
43305,28662.57,28256.12,,
43306,28920.9,28662.57,,
43307,28781.14,28920.9,,
43308,28804.28,28781.14,,
43311,28733.13,28804.28,,
43312,28583.01,28733.13,,
43313,28340.74,28583.01,,
43314,27714.56,28340.74,,
43315,27676.32,27714.56,,
43318,27819.56,27676.32,,
43319,28248.88,27819.56,,
43320,28359.14,28248.88,,
43321,28607.3,28359.14,,
43322,28366.62,28607.3,,
43325,27936.57,28366.62,,
43326,27752.93,27936.57,,
43327,27323.59,27752.93,,
43328,27100.06,27323.59,,
43329,27213.41,27100.06,,
43332,27598.02,27213.41,,
43333,27752.79,27598.02,,
43334,27927.58,27752.79,,
43335,27790.46,27927.58,,
43336,27671.87,27790.46,,
43339,28271.27,27671.87,,
43340,28351.62,28271.27,,
43341,28416.44,28351.62,,
43342,28164.05,28416.44,,
43343,27888.55,28164.05,,
43346,27712.54,27888.55,,
43347,27973.34,27712.54,,
43348,27243.85,27973.34,,
43349,26974.82,27243.85,,
43350,26973.47,26974.82,,
43353,26613.42,26973.47,,
43354,26422.55,26613.42,,
43355,26345.04,26422.55,,
43356,27014.49,26345.04,,
43357,27286.41,27014.49,,
43360,26932.85,27286.41,,
43361,27084.66,26932.85,,
43362,27407.37,27084.66,,
43363,27477.67,27407.37,,
43364,27953.58,27477.67,,
43367,27499.39,27953.58,,
43369,27816.87,27499.39,,
43370,27715.67,27816.87,,
43371,27788.52,27715.67,,
43375,27126.38,27788.52,,
43376,27091.26,27126.38,,
43377,26623.87,27091.26,,
43378,26572.57,26623.87,,
43381,26202.57,26572.57,,
43382,26172.91,26202.57,,
43383,26193.07,26172.91,,
43384,25266.37,26193.07,,
43385,25801.49,25266.37,,
43388,25445.06,25801.49,,
43389,25462.26,25445.06,,
43391,25454.55,25462.26,,
43392,25561.4,25454.55,,
43395,26153.15,25561.4,,
43396,25346.55,26153.15,,
43397,25249.78,25346.55,,
43398,24994.46,25249.78,,
43399,24717.63,24994.46,,
43402,24812.04,24717.63,,
43403,24585.53,24812.04,,
43404,24979.69,24585.53,,
43405,25416,24979.69,,
43406,26486.35,25416,,
43409,25934.39,26486.35,,
43410,26120.96,25934.39,,
43411,26147.69,26120.96,,
43412,26227.72,26147.69,,
43413,25601.92,26227.72,,
43416,25633.18,25601.92,,
43417,25792.87,25633.18,,
43418,25654.43,25792.87,,
43419,26103.34,25654.43,,
43420,26183.53,26103.34,,
43423,26372,26183.53,,
43424,25840.34,26372,,
43425,25971.47,25840.34,,
43426,26019.41,25971.47,,
43427,25927.68,26019.41,,
43430,26376.18,25927.68,,
43431,26331.96,26376.18,,
43432,26682.56,26331.96,,
43433,26451.03,26682.56,,
43434,26506.75,26451.03,,
43437,27182.04,26506.75,,
43438,27260.44,27182.04,,
43439,26819.68,27260.44,,
43440,26156.38,26819.68,,
43441,26063.76,26156.38,,
43444,25752.38,26063.76,,
43445,25771.67,25752.38,,
43446,26186.71,25771.67,,
43447,26524.35,26186.71,,
43448,26094.79,26524.35,,
43451,26087.98,26094.79,,
43452,25814.25,26087.98,,
43453,25865.39,25814.25,,
43454,25623.53,25865.39,,
43455,25753.42,25623.53,,
43458,25651.38,25753.42,,
43461,25478.88,25651.38,,
43462,25504.2,25478.88,,
43465,25845.7,25504.2,,
43467,25130.35,25845.7,,
43468,25064.36,25130.35,,
43469,25626.03,25064.36,,
43472,25835.7,25626.03,,
43473,25875.45,25835.7,,
43474,26462.32,25875.45,,
43475,26521.43,26462.32,,
43476,26667.27,26521.43,,
43479,26298.33,26667.27,,
43480,26830.29,26298.33,,
43481,26902.1,26830.29,,
43482,26755.63,26902.1,,
43483,27090.81,26755.63,,
43486,27196.54,27090.81,,
43487,27005.45,27196.54,,
43488,27008.2,27005.45,,
43489,27120.98,27008.2,,
43490,27569.19,27120.98,,
43493,27576.96,27569.19,,
43494,27531.68,27576.96,,
43495,27642.85,27531.68,,
43496,27942.47,27642.85,,
43497,27930.74,27942.47,,
43500,27990.21,27930.74,,
43504,27946.32,27990.21,,
43507,28143.84,27946.32,,
43508,28171.33,28143.84,,
43509,28497.59,28171.33,,
43510,28432.05,28497.59,,
43511,27900.84,28432.05,,
43514,28347.01,27900.84,,
43515,28228.13,28347.01,,
43516,28514.05,28228.13,,
43517,28629.92,28514.05,,
43518,28816.3,28629.92,,
43521,28959.3,28816.3,,
43522,28772.06,28959.3,,
43523,28757.44,28772.06,,
43524,28633.18,28757.44,,
43525,28812.17,28633.18,,
43528,28959.59,28812.17,,
43529,28961.6,28959.59,,
43530,29037.6,28961.6,,
43531,28779.45,29037.6,,
43532,28228.42,28779.45,,
43535,28503.3,28228.42,,
43536,28920.87,28503.3,,
43537,28807.45,28920.87,,
43538,28851.39,28807.45,,
43539,29012.26,28851.39,,
43542,29409.01,29012.26,,
43543,29466.28,29409.01,,
43544,29320.97,29466.28,,
43545,29071.56,29320.97,,
43546,29113.36,29071.56,,
43549,28523.35,29113.36,,
43550,28566.91,28523.35,,
43551,28728.25,28566.91,,
43552,28775.21,28728.25,,
43553,29051.36,28775.21,,
43556,29562.02,29051.36,,
43557,29624.67,29562.02,,
43558,29986.39,29624.67,,
43559,29936.32,29986.39,,
43563,30077.15,29936.32,,
43564,30157.49,30077.15,,
43565,30119.56,30157.49,,
43566,29839.45,30119.56,,
43567,29909.76,29839.45,,
43570,29810.72,29909.76,,
43571,30129.87,29810.72,,
43572,30124.68,30129.87,,
43573,29963.26,30124.68,,
43578,29963.24,29963.26,,
43579,29805.83,29963.24,,
43580,29549.8,29805.83,,
43581,29605.01,29549.8,,
43584,29892.81,29605.01,,
43585,29699.11,29892.81,,
43587,29944.18,29699.11,,
43588,30081.55,29944.18,,
43591,29209.82,30081.55,,
43592,29363.02,29209.82,,
43593,29003.2,29363.02,,
43594,28311.07,29003.2,,
43595,28550.24,28311.07,,
43599,28122.02,28550.24,,
43600,28268.71,28122.02,,
43601,28275.07,28268.71,,
43602,27946.46,28275.07,,
43605,27787.61,27946.46,,
43606,27657.24,27787.61,,
43607,27705.94,27657.24,,
43608,27267.13,27705.94,,
43609,27353.93,27267.13,,
43612,27288.09,27353.93,,
43613,27390.81,27288.09,,
43614,27235.71,27390.81,,
43615,27114.88,27235.71,,
43616,26901.09,27114.88,,
43619,26893.86,26901.09,,
43620,26761.52,26893.86,,
43621,26895.44,26761.52,,
43622,26965.28,26895.44,,
43626,27578.64,26965.28,,
43627,27789.34,27578.64,,
43628,27308.46,27789.34,,
43629,27294.71,27308.46,,
43630,27118.35,27294.71,,
43633,27227.16,27118.35,,
43634,27498.77,27227.16,,
43635,28202.14,27498.77,,
43636,28550.43,28202.14,,
43637,28473.71,28550.43,,
43640,28513,28473.71,,
43641,28185.98,28513,,
43642,28221.98,28185.98,,
43643,28621.42,28221.98,,
43644,28542.62,28621.42,,
43648,28875.56,28542.62,,
43649,28855.14,28875.56,,
43650,28795.77,28855.14,,
43651,28774.83,28795.77,,
43654,28331.69,28774.83,,
43655,28116.28,28331.69,,
43656,28204.69,28116.28,,
43657,28431.8,28204.69,,
43658,28471.62,28431.8,,
43661,28554.88,28471.62,,
43662,28619.62,28554.88,,
43663,28593.17,28619.62,,
43664,28461.66,28593.17,,
43665,28765.4,28461.66,,
43668,28371.26,28765.4,,
43669,28466.48,28371.26,,
43670,28524.04,28466.48,,
43671,28594.3,28524.04,,
43672,28397.74,28594.3,,
43675,28106.41,28397.74,,
43676,28146.5,28106.41,,
43677,27777.75,28146.5,,
43678,27565.7,27777.75,,
43679,26918.58,27565.7,,
43682,26151.32,26918.58,,
43683,25976.24,26151.32,,
43684,25997.03,25976.24,,
43685,26120.77,25997.03,,
43686,25939.3,26120.77,,
43689,25824.72,25939.3,,
43690,25281.3,25824.72,,
43691,25302.28,25281.3,,
43692,25495.46,25302.28,,
43693,25734.22,25495.46,,
43696,26291.84,25734.22,,
43697,26231.54,26291.84,,
43698,26270.04,26231.54,,
43699,26048.72,26270.04,,
43700,26179.33,26048.72,,
43703,25680.33,26179.33,,
43704,25664.07,25680.33,,
43705,25615.48,25664.07,,
43706,25703.5,25615.48,,
43707,25724.73,25703.5,,
43710,25626.55,25724.73,,
43711,25527.85,25626.55,,
43712,26523.23,25527.85,,
43713,26515.53,26523.23,,
43714,26690.76,26515.53,,
43717,26681.4,26690.76,,
43718,26683.68,26681.4,,
43719,27159.06,26683.68,,
43720,27087.63,27159.06,,
43721,27352.69,27087.63,,
43724,27124.55,27352.69,,
43725,26790.24,27124.55,,
43726,26754.12,26790.24,,
43727,26468.95,26754.12,,
43728,26435.67,26468.95,,
43731,26222.4,26435.67,,
43732,26281,26222.4,,
43733,25945.35,26281,,
43734,26041.93,25945.35,,
43735,25954.81,26041.93,,
43738,26092.27,25954.81,,
43740,26042.69,26092.27,,
43741,26110.31,26042.69,,
43742,25821.03,26110.31,,
43746,25893.4,25821.03,,
43747,25682.81,25893.4,,
43748,25707.93,25682.81,,
43749,26308.44,25707.93,,
43752,26521.85,26308.44,,
43753,26503.93,26521.85,,
43754,26664.28,26503.93,,
43755,26848.49,26664.28,,
43756,26719.58,26848.49,,
43759,26725.68,26719.58,,
43760,26786.2,26725.68,,
43761,26566.73,26786.2,,
43762,26797.95,26566.73,,
43763,26667.39,26797.95,,
43766,26891.26,26667.39,,
43767,26786.76,26891.26,,
43768,26667.71,26786.76,,
43769,26906.72,26667.71,,
43770,27100.76,26906.72,,
43773,27547.3,27100.76,,
43774,27683.4,27547.3,,
43775,27688.64,27683.4,,
43776,27847.23,27688.64,,
43777,27651.14,27847.23,,
43780,26926.55,27651.14,,
43781,27065.28,26926.55,,
43782,26571.46,27065.28,,
43783,26323.69,26571.46,,
43784,26326.66,26323.69,,
43787,26681.09,26326.66,,
43788,27093.8,26681.09,,
43789,26889.61,27093.8,,
43790,26466.88,26889.61,,
43791,26595.08,26466.88,,
43794,26993.04,26595.08,,
43795,26913.92,26993.04,,
43796,26954,26913.92,,
43797,26893.73,26954,,
43798,26346.49,26893.73,,
43801,26444.72,26346.49,,
43802,26391.3,26444.72,,
43803,26062.56,26391.3,,
43804,26217.04,26062.56,,
43805,26498.37,26217.04,,
43808,26494.73,26498.37,,
43809,26436.62,26494.73,,
43810,26645.43,26436.62,,
43811,26994.14,26645.43,,
43812,27687.76,26994.14,,
43815,27508.09,27687.76,,
43816,27843.71,27508.09,,
43817,27884.21,27843.71,,
43818,27800.49,27884.21,,
43819,27871.35,27800.49,,
43822,27906.41,27871.35,,
43823,27864.21,27906.41,,
43826,28225.42,27864.21,,
43829,28319.39,28225.42,,
43830,28189.75,28319.39,,
43832,28543.52,28189.75,,
43833,28451.5,28543.52,,
43836,28226.19,28451.5,,
43837,28322.06,28226.19,,
43838,28087.92,28322.06,,
43839,28561,28087.92,,
43840,28638.2,28561,,
43843,28954.94,28638.2,,
43844,28885.14,28954.94,,
43845,28773.59,28885.14,,
43846,28883.04,28773.59,,
43847,29056.42,28883.04,,
43850,28795.91,29056.42,,
43851,27985.33,28795.91,,
43852,28341.04,27985.33,,
43853,27909.12,28341.04,,
43854,27949.64,27909.12,,
43859,27160.63,27949.64,,
43860,26449.13,27160.63,,
43861,26312.63,26449.13,,
43864,26356.98,26312.63,,
43865,26675.98,26356.98,,
43866,26786.74,26675.98,,
43867,27493.7,26786.74,,
43868,27404.27,27493.7,,
43871,27241.34,27404.27,,
43872,27583.88,27241.34,,
43873,27823.66,27583.88,,
43874,27730,27823.66,,
43875,27815.6,27730,,
43878,27959.6,27815.6,,
43879,27530.2,27959.6,,
43880,27655.81,27530.2,,
43881,27609.16,27655.81,,
43882,27308.81,27609.16,,
43885,26820.88,27308.81,,
43886,26893.23,26820.88,,
43887,26696.49,26893.23,,
43888,26778.62,26696.49,,
43889,26129.93,26778.62,,
43892,26291.68,26129.93,,
43893,26284.82,26291.68,,
43894,26222.07,26284.82,,
43895,26767.87,26222.07,,
43896,26146.67,26767.87,,
43899,25040.46,26146.67,,
43900,25392.51,25040.46,,
43901,25231.61,25392.51,,
43902,24309.07,25231.61,,
43903,24032.91,24309.07,,
43906,23063.57,24032.91,,
43907,23263.73,23063.57,,
43908,22291.82,23263.73,,
43909,21709.13,22291.82,,
43910,22805.07,21709.13,,
43913,21696.13,22805.07,,
43914,22663.49,21696.13,,
43915,23527.19,22663.49,,
43916,23352.34,23527.19,,
43917,23484.28,23352.34,,
43920,23175.11,23484.28,,
43921,23603.48,23175.11,,
43922,23085.79,23603.48,,
43923,23280.06,23085.79,,
43924,23236.11,23280.06,,
43927,23749.12,23236.11,,
43928,24253.29,23749.12,,
43929,23970.37,24253.29,,
43930,24300.33,23970.37,,
43935,24435.4,24300.33,,
43936,24145.34,24435.4,,
43937,24006.45,24145.34,,
43938,24380,24006.45,,
43941,24330.02,24380,,
43942,23793.55,24330.02,,
43943,23893.36,23793.55,,
43944,23977.32,23893.36,,
43945,23831.33,23977.32,,
43948,24280.14,23831.33,,
43949,24575.96,24280.14,,
43950,24643.59,24575.96,,
43955,23613.8,24643.59,,
43956,23868.66,23613.8,,
43957,24137.48,23868.66,,
43958,23980.63,24137.48,,
43959,24230.17,23980.63,,
43962,24602.06,24230.17,,
43963,24245.68,24602.06,,
43964,24180.3,24245.68,,
43965,23829.74,24180.3,,
43966,23797.47,23829.74,,
43969,23934.77,23797.47,,
43970,24388.13,23934.77,,
43971,24399.95,24388.13,,
43972,24280.03,24399.95,,
43973,22930.14,24280.03,,
43976,22952.24,22930.14,,
43977,23384.66,22952.24,,
43978,23301.36,23384.66,,
43979,23132.76,23301.36,,
43980,22961.47,23132.76,,
43983,23732.52,22961.47,,
43984,23995.94,23732.52,,
43985,24325.62,23995.94,,
43986,24366.3,24325.62,,
43987,24770.41,24366.3,,
43990,24776.77,24770.41,,
43991,25057.22,24776.77,,
43992,25049.73,25057.22,,
43993,24480.15,25049.73,,
43994,24301.38,24480.15,,
43997,23776.95,24301.38,,
43998,24344.09,23776.95,,
43999,24481.41,24344.09,,
44000,24464.94,24481.41,,
44001,24643.89,24464.94,,
44004,24511.34,24643.89,,
44005,24907.34,24511.34,,
44006,24781.58,24907.34,,
44008,24549.99,24781.58,,
44011,24301.28,24549.99,,
44012,24427.19,24301.28,,
44014,25124.19,24427.19,,
44015,25373.12,25124.19,,
44018,26339.16,25373.12,,
44019,25975.66,26339.16,,
44020,26129.18,25975.66,,
44021,26210.16,26129.18,,
44022,25727.41,26210.16,,
44025,25772.12,25727.41,,
44026,25477.89,25772.12,,
44027,25481.58,25477.89,,
44028,24970.69,25481.58,,
44029,25089.17,24970.69,,
44032,25057.99,25089.17,,
44033,25635.66,25057.99,,
44034,25057.94,25635.66,,
44035,25263,25057.94,,
44036,24705.33,25263,,
44039,24603.26,24705.33,,
44040,24772.76,24603.26,,
44041,24883.14,24772.76,,
44042,24710.59,24883.14,,
44043,24595.35,24710.59,,
44046,24458.13,24595.35,,
44047,24946.63,24458.13,,
44048,25102.54,24946.63,,
44049,24930.58,25102.54,,
44050,24531.62,24930.58,,
44053,24377.43,24531.62,,
44054,24890.68,24377.43,,
44055,25244.02,24890.68,,
44056,25230.67,25244.02,,
44057,25183.01,25230.67,,
44060,25347.34,25183.01,,
44061,25367.38,25347.34,,
44062,25178.91,25367.38,,
44063,24791.39,25178.91,,
44064,25113.84,24791.39,,
44067,25551.58,25113.84,,
44068,25486.22,25551.58,,
44069,25491.79,25486.22,,
44070,25281.15,25491.79,,
44071,25422.06,25281.15,,
44074,25177.05,25422.06,,
44075,25184.85,25177.05,,
44076,25120.09,25184.85,,
44077,25007.6,25120.09,,
44078,24695.45,25007.6,,
44081,24589.65,24695.45,,
44082,24624.34,24589.65,,
44083,24468.93,24624.34,,
44084,24313.54,24468.93,,
44085,24503.31,24313.54,,
44088,24640.28,24503.31,,
44089,24732.76,24640.28,,
44090,24725.63,24732.76,,
44091,24340.85,24725.63,,
44092,24455.41,24340.85,,
44095,23950.69,24455.41,,
44096,23716.85,23950.69,,
44097,23742.51,23716.85,,
44098,23311.07,23742.51,,
44099,23235.42,23311.07,,
44102,23476.05,23235.42,,
44103,23275.53,23476.05,,
44104,23459.05,23275.53,,
44109,23767.78,23459.05,,
44110,23980.65,23767.78,,
44111,24242.86,23980.65,,
44112,24193.35,24242.86,,
44113,24119.13,24193.35,,
44116,24649.68,24119.13,,
44118,24667.09,24649.68,,
44119,24158.54,24667.09,,
44120,24386.79,24158.54,,
44123,24542.26,24386.79,,
44124,24569.54,24542.26,,
44125,24754.42,24569.54,,
44126,24786.13,24754.42,,
44127,24918.78,24786.13,,
44131,24787.19,24918.78,,
44132,24708.8,24787.19,,
44133,24586.6,24708.8,,
44134,24107.42,24586.6,,
44137,24460.01,24107.42,,
44138,24939.73,24460.01,,
44139,24886.14,24939.73,,
44140,25695.92,24886.14,,
44141,25712.97,25695.92,,
44144,26016.17,25712.97,,
44145,26301.48,26016.17,,
44146,26226.98,26301.48,,
44147,26169.38,26226.98,,
44148,26156.86,26169.38,,
44151,26381.67,26156.86,,
44152,26415.09,26381.67,,
44153,26544.29,26415.09,,
44154,26356.97,26544.29,,
44155,26451.54,26356.97,,
44158,26486.2,26451.54,,
44159,26588.2,26486.2,,
44160,26669.75,26588.2,,
44161,26819.45,26669.75,,
44162,26894.68,26819.45,,
44165,26341.49,26894.68,,
44166,26567.68,26341.49,,
44167,26532.58,26567.68,,
44168,26728.5,26532.58,,
44169,26835.92,26728.5,,
44172,26506.85,26835.92,,
44173,26304.56,26506.85,,
44174,26502.84,26304.56,,
44175,26410.59,26502.84,,
44176,26505.87,26410.59,,
44179,26389.52,26505.87,,
44180,26207.29,26389.52,,
44181,26460.29,26207.29,,
44182,26678.38,26460.29,,
44183,26498.6,26678.38,,
44186,26306.68,26498.6,,
44187,26119.25,26306.68,,
44188,26343.1,26119.25,,
44189,26386.56,26343.1,,
44193,26314.63,26386.56,,
44194,26568.49,26314.63,,
44195,27147.11,26568.49,,
44196,27231.13,27147.11,,
44200,27472.81,27231.13,,
44201,27649.86,27472.81,,
44202,27692.3,27649.86,,
44203,27548.52,27692.3,,
44204,27878.22,27548.52,,
44207,27908.22,27878.22,,
44208,28276.75,27908.22,,
44209,28235.6,28276.75,,
44210,28496.86,28235.6,,
44211,28573.86,28496.86,,
44214,28862.77,28573.86,,
44215,29642.28,28862.77,,
44216,29962.47,29642.28,,
44217,29927.76,29962.47,,
44218,29447.85,29927.76,,
44221,30159.01,29447.85,,
44222,29391.26,30159.01,,
44223,29297.53,29391.26,,
44224,28550.77,29297.53,,
44225,28283.71,28550.77,,
44228,28892.86,28283.71,,
44229,29248.7,28892.86,,
44230,29307.46,29248.7,,
44231,29113.5,29307.46,,
44232,29288.68,29113.5,,
44235,29319.47,29288.68,,
44236,29476.19,29319.47,,
44237,30038.72,29476.19,,
44238,30173.57,30038.72,,
44243,30746.66,30173.57,,
44244,31084.94,30746.66,,
44245,30595.27,31084.94,,
44246,30644.73,30595.27,,
44249,30319.83,30644.73,,
44250,30632.64,30319.83,,
44251,29718.24,30632.64,,
44252,30074.17,29718.24,,
44253,28980.21,30074.17,,
44256,29452.57,28980.21,,
44257,29095.86,29452.57,,
44258,29880.42,29095.86,,
44259,29236.79,29880.42,,
44260,29098.29,29236.79,,
44263,28540.83,29098.29,,
44264,28773.23,28540.83,,
44265,28907.52,28773.23,,
44266,29385.61,28907.52,,
44267,28739.72,29385.61,,
44270,28833.76,28739.72,,
44271,29027.69,28833.76,,
44272,29034.12,29027.69,,
44273,29405.72,29034.12,,
44274,28990.94,29405.72,,
44277,28885.34,28990.94,,
44278,28497.38,28885.34,,
44279,27918.14,28497.38,,
44280,27899.61,27918.14,,
44281,28336.43,27899.61,,
44284,28338.3,28336.43,,
44285,28577.5,28338.3,,
44286,28378.35,28577.5,,
44287,28938.74,28378.35,,
44293,28674.8,28938.74,,
44294,29008.07,28674.8,,
44295,28698.8,29008.07,,
44298,28453.28,28698.8,,
44299,28497.25,28453.28,,
44300,28900.83,28497.25,,
44301,28793.14,28900.83,,
44302,28969.71,28793.14,,
44305,29106.15,28969.71,,
44306,29135.73,29106.15,,
44307,28621.92,29135.73,,
44308,28755.34,28621.92,,
44309,29078.75,28755.34,,
44312,28952.83,29078.75,,
44313,28941.54,28952.83,,
44314,29071.34,28941.54,,
44315,29303.26,29071.34,,
44316,28724.88,29303.26,,
44319,28357.54,28724.88,,
44320,28557.14,28357.54,,
44321,28417.98,28557.14,,
44322,28637.46,28417.98,,
44323,28610.65,28637.46,,
44326,28595.66,28610.65,,
44327,28013.81,28595.66,,
44328,28231.04,28013.81,,
44329,27718.67,28231.04,,
44330,28027.57,27718.67,,
44333,28194.09,28027.57,,
44334,28593.81,28194.09,,
44336,28450.29,28593.81,,
44337,28458.44,28450.29,,
44340,28412.26,28458.44,,
44341,28910.86,28412.26,,
44342,29166.01,28910.86,,
44343,29113.2,29166.01,,
44344,29124.41,29113.2,,
44347,29151.8,29124.41,,
44348,29468,29151.8,,
44349,29297.62,29468,,
44350,28966.03,29297.62,,
44351,28918.1,28966.03,,
44354,28787.28,28918.1,,
44355,28781.38,28787.28,,
44356,28742.63,28781.38,,
44357,28738.88,28742.63,,
44358,28842.13,28738.88,,
44362,28638.53,28842.13,,
44363,28436.84,28638.53,,
44364,28558.59,28436.84,,
44365,28801.27,28558.59,,
44368,28489,28801.27,,
44369,28309.76,28489,,
44370,28817.07,28309.76,,
44371,28882.46,28817.07,,
44372,29288.22,28882.46,,
44375,29268.3,29288.22,,
44376,28994.1,29268.3,,
44377,28827.95,28994.1,,
44379,28310.42,28827.95,,
44382,28143.5,28310.42,,
44383,28072.86,28143.5,,
44384,27960.62,28072.86,,
44385,27153.13,27960.62,,
44386,27344.54,27153.13,,
44389,27515.24,27344.54,,
44390,27963.41,27515.24,,
44391,27787.46,27963.41,,
44392,27996.27,27787.46,,
44393,28004.68,27996.27,,
44396,27489.78,28004.68,,
44397,27259.25,27489.78,,
44398,27224.58,27259.25,,
44399,27723.84,27224.58,,
44400,27321.98,27723.84,,
44403,26192.32,27321.98,,
44404,25086.43,26192.32,,
44405,25473.88,25086.43,,
44406,26315.32,25473.88,,
44407,25961.03,26315.32,,
44410,26235.8,25961.03,,
44411,26194.82,26235.8,,
44412,26426.55,26194.82,,
44413,26204.69,26426.55,,
44414,26179.4,26204.69,,
44417,26283.4,26179.4,,
44418,26605.62,26283.4,,
44419,26660.16,26605.62,,
44420,26517.82,26660.16,,
44421,26391.62,26517.82,,
44424,26181.46,26391.62,,
44425,25745.87,26181.46,,
44426,25867.01,25745.87,,
44427,25316.33,25867.01,,
44428,24849.72,25316.33,,
44431,25109.59,24849.72,,
44432,25727.92,25109.59,,
44433,25693.95,25727.92,,
44434,25415.69,25693.95,,
44435,25407.89,25415.69,,
44438,25539.54,25407.89,,
44439,25878.99,25539.54,,
44440,26028.29,25878.99,,
44441,26090.43,26028.29,,
44442,25901.99,26090.43,,
44445,26163.63,25901.99,,
44446,26353.63,26163.63,,
44447,26320.93,26353.63,,
44448,25716,26320.93,,
44449,26205.91,25716,,
44452,25813.81,26205.91,,
44453,25502.23,25813.81,,
44454,25033.21,25502.23,,
44455,24667.85,25033.21,,
44456,24920.76,24667.85,,
44459,24099.14,24920.76,,
44460,24221.54,24099.14,,
44462,24510.98,24221.54,,
44463,24192.16,24510.98,,
44466,24208.78,24192.16,,
44467,24500.39,24208.78,,
44468,24663.5,24500.39,,
44469,24575.64,24663.5,,
44473,24036.37,24575.64,,
44474,24104.15,24036.37,,
44475,23966.49,24104.15,,
44476,24701.73,23966.49,,
44477,24837.85,24701.73,,
44480,25325.09,24837.85,,
44481,24962.59,25325.09,,
44484,25330.96,24962.59,,
44487,25409.75,25330.96,,
44488,25787.21,25409.75,,
44489,26136.02,25787.21,,
44490,26017.53,26136.02,,
44491,26126.93,26017.53,,
44494,26132.03,26126.93,,
44495,26038.27,26132.03,,
44496,25628.74,26038.27,,
44497,25555.73,25628.74,,
44498,25377.24,25555.73,,
44501,25154.32,25377.24,,
44502,25099.67,25154.32,,
44503,25024.75,25099.67,,
44504,25225.19,25024.75,,
44505,24870.51,25225.19,,
44508,24763.77,24870.51,,
44509,24813.13,24763.77,,
44510,24996.14,24813.13,,
44511,25247.99,24996.14,,
44512,25327.97,25247.99,,
44515,25390.91,25327.97,,
44516,25713.78,25390.91,,
44517,25650.08,25713.78,,
44518,25319.72,25650.08,,
44519,25049.97,25319.72,,
44522,24951.34,25049.97,,
44523,24651.58,24951.34,,
44524,24685.5,24651.58,,
44525,24740.16,24685.5,,
44526,24080.52,24740.16,,
44529,23852.24,24080.52,,
44530,23475.26,23852.24,,
44531,23658.92,23475.26,,
44532,23788.93,23658.92,,
44533,23766.69,23788.93,,
44536,23349.38,23766.69,,
44537,23983.66,23349.38,,
44538,23996.87,23983.66,,
44539,24254.86,23996.87,,
44540,23995.72,24254.86,,
44543,23954.58,23995.72,,
44544,23635.95,23954.58,,
44545,23420.76,23635.95,,
44546,23475.5,23420.76,,
44547,23192.63,23475.5,,
44550,22744.86,23192.63,,
44551,22971.33,22744.86,,
44552,23102.33,22971.33,,
44553,23193.64,23102.33,,
44554,23223.76,23193.64,,
44558,23280.56,23223.76,,
44559,23086.54,23280.56,,
44560,23112.01,23086.54,,
44561,23397.67,23112.01,,
44564,23274.75,23397.67,,
44565,23289.84,23274.75,,
44566,22907.25,23289.84,,
44567,23072.86,22907.25,,
44568,23493.38,23072.86,,
44571,23746.54,23493.38,,
44572,23739.06,23746.54,,
44573,24402.17,23739.06,,
44574,24429.77,24402.17,,
44575,24383.32,24429.77,,
44578,24218.03,24383.32,,
44579,24112.78,24218.03,,
44580,24127.85,24112.78,,
44581,24952.35,24127.85,,
44582,24965.55,24952.35,,
44585,24656.46,24965.55,,
44586,24243.61,24656.46,,
44587,24289.9,24243.61,,
44588,23807,24289.9,,
44589,23550.08,23807,,
44592,23802.26,23550.08,,
44596,24573.29,23802.26,,
44599,24579.55,24573.29,,
44600,24329.49,24579.55,,
44601,24829.99,24329.49,,
44602,24924.35,24829.99,,
44603,24906.66,24924.35,,
44606,24556.57,24906.66,,
44607,24355.71,24556.57,,
44608,24718.9,24355.71,,
44609,24792.77,24718.9,,
44610,24327.71,24792.77,,
44613,24170.07,24327.71,,
44614,23520,24170.07,,
44615,23660.28,23520,,
44616,22901.56,23660.28,,
44617,22767.18,22901.56,,
44620,22713.02,22767.18,,
44621,22761.71,22713.02,,
44622,22343.92,22761.71,,
44623,22467.34,22343.92,,
44624,21905.29,22467.34,,
44627,21057.63,21905.29,,
44628,20765.87,21057.63,,
44629,20627.71,20765.87,,
44630,20890.26,20627.71,,
44631,20553.79,20890.26,,
44634,19531.66,20553.79,,
44635,18415.08,19531.66,,
44636,20087.5,18415.08,,
44637,21501.23,20087.5,,
44638,21412.4,21501.23,,
44641,21221.34,21412.4,,
44642,21889.28,21221.34,,
44643,22154.08,21889.28,,
44644,21945.95,22154.08,,
44645,21404.88,21945.95,,
44648,21684.97,21404.88,,
44649,21927.63,21684.97,,
44650,22232.03,21927.63,,
44651,21996.85,22232.03,,
44652,22039.55,21996.85,,
44655,22502.31,22039.55,,
44657,22080.52,22502.31,,
44658,21808.98,22080.52,,
44659,21872.01,21808.98,,
44662,21208.3,21872.01,,
44663,21319.13,21208.3,,
44664,21374.37,21319.13,,
44665,21518.08,21374.37,,
44670,21027.76,21518.08,,
44671,20944.67,21027.76,,
44672,20682.22,20944.67,,
44673,20638.52,20682.22,,
44676,19869.34,20638.52,,
44677,19934.71,19869.34,,
44678,19946.36,19934.71,,
44679,20276.17,19946.36,,
44680,21089.39,20276.17,,
44684,21101.89,21089.39,,
44685,20869.52,21101.89,,
44686,20793.4,20869.52,,
44687,20001.96,20793.4,,
44691,19633.69,20001.96,,
44692,19824.57,19633.69,,
44693,19380.34,19824.57,,
44694,19898.77,19380.34,,
44697,19950.21,19898.77,,
44698,20602.52,19950.21,,
44699,20644.28,20602.52,,
44700,20120.68,20644.28,,
44701,20717.24,20120.68,,
44704,20470.06,20717.24,,
44705,20112.1,20470.06,,
44706,20171.27,20112.1,,
44707,20116.2,20171.27,,
44708,20697.36,20116.2,,
44711,21123.93,20697.36,,
44712,21415.2,21123.93,,
44713,21294.94,21415.2,,
44714,21082.13,21294.94,,
44718,21653.9,21082.13,,
44719,21531.67,21653.9,,
44720,22014.59,21531.67,,
44721,21869.05,22014.59,,
44722,21806.18,21869.05,,
44725,21067.58,21806.18,,
44726,21067.99,21067.58,,
44727,21308.21,21067.99,,
44728,20845.43,21308.21,,
44729,21075,20845.43,,
44732,21163.91,21075,,
44733,21559.59,21163.91,,
44734,21008.34,21559.59,,
44735,21273.87,21008.34,,
44736,21719.06,21273.87,,
44739,22229.52,21719.06,,
44740,22418.97,22229.52,,
44741,21996.89,22418.97,,
44742,21859.79,21996.89,,
44746,21830.35,21859.79,,
44747,21853.07,21830.35,,
44748,21586.66,21853.07,,
44749,21643.58,21586.66,,
44750,21725.78,21643.58,,
44753,21124.2,21725.78,,
44754,20844.74,21124.2,,
44755,20797.95,20844.74,,
44756,20751.21,20797.95,,
44757,20297.72,20751.21,,
44760,20846.18,20297.72,,
44761,20661.06,20846.18,,
44762,20890.22,20661.06,,
44763,20574.63,20890.22,,
44764,20609.14,20574.63,,
44767,20562.94,20609.14,,
44768,20905.88,20562.94,,
44769,20670.04,20905.88,,
44770,20622.68,20670.04,,
44771,20156.51,20622.68,,
44774,20165.84,20156.51,,
44775,19689.21,20165.84,,
44776,19767.09,19689.21,,
44777,20174.04,19767.09,,
44778,20201.94,20174.04,,
44781,20045.77,20201.94,,
44782,20003.44,20045.77,,
44783,19610.84,20003.44,,
44784,20082.43,19610.84,,
44785,20175.62,20082.43,,
44788,20040.86,20175.62,,
44789,19830.52,20040.86,,
44790,19922.45,19830.52,,
44791,19763.91,19922.45,,
44792,19773.03,19763.91,,
44795,19656.98,19773.03,,
44796,19503.25,19656.98,,
44797,19268.74,19503.25,,
44798,19968.38,19268.74,,
44799,20170.04,19968.38,,
44802,20023.22,20170.04,,
44803,19949.03,20023.22,,
44804,19954.39,19949.03,,
44805,19597.31,19954.39,,
44806,19452.09,19597.31,,
44809,19225.7,19452.09,,
44810,19202.73,19225.7,,
44811,19044.3,19202.73,,
44812,18854.62,19044.3,,
44813,19362.25,18854.62,,
44817,19326.86,19362.25,,
44818,18847.1,19326.86,,
44819,18930.38,18847.1,,
44820,18761.69,18930.38,,
44823,18565.97,18761.69,,
44824,18781.42,18565.97,,
44825,18444.62,18781.42,,
44826,18147.95,18444.62,,
44827,17933.27,18147.95,,
44830,17855.14,17933.27,,
44831,17860.31,17855.14,,
44832,17250.88,17860.31,,
44833,17165.87,17250.88,,
44834,17222.83,17165.87,,
44837,17079.51,17222.83,,
44839,18087.97,17079.51,,
44840,18012.15,18087.97,,
44841,17740.05,18012.15,,
44844,17216.66,17740.05,,
44845,16832.36,17216.66,,
44846,16701.03,16832.36,,
44847,16389.11,16701.03,,
44848,16587.69,16389.11,,
44851,16612.9,16587.69,,
44852,16914.58,16612.9,,
44853,16511.28,16914.58,,
44854,16280.22,16511.28,,
44855,16211.12,16280.22,,
44858,15180.69,16211.12,,
44859,15165.59,15180.69,,
44860,15317.67,15165.59,,
44861,15427.94,15317.67,,
44862,14863.06,15427.94,,
44865,14687.02,14863.06,,
44866,15455.27,14687.02,,
44867,15827.17,15455.27,,
44868,15339.49,15827.17,,
44869,16161.14,15339.49,,
44872,16595.91,16161.14,,
44873,16557.31,16595.91,,
44874,16358.52,16557.31,,
44875,16081.04,16358.52,,
44876,17325.66,16081.04,,
44879,17619.71,17325.66,,
44880,18343.12,17619.71,,
44881,18256.48,18343.12,,
44882,18045.66,18256.48,,
44883,17992.54,18045.66,,
44886,17655.91,17992.54,,
44887,17424.41,17655.91,,
44888,17523.81,17424.41,,
44889,17660.9,17523.81,,
44890,17573.58,17660.9,,
44893,17297.94,17573.58,,
44894,18204.68,17297.94,,
44895,18597.23,18204.68,,
44896,18736.44,18597.23,,
44897,18675.35,18736.44,,
44900,19518.29,18675.35,,
44901,19441.18,19518.29,,
44902,18814.82,19441.18,,
44903,19450.23,18814.82,,
44904,19900.87,19450.23,,
44907,19463.63,19900.87,,
44908,19596.2,19463.63,,
44909,19673.45,19596.2,,
44910,19368.59,19673.45,,
44911,19450.67,19368.59,,
44914,19352.81,19450.67,,
44915,19094.8,19352.81,,
44916,19160.49,19094.8,,
44917,19679.22,19160.49,,
44918,19593.06,19679.22,,
44923,19898.91,19593.06,,
44924,19741.14,19898.91,,
44925,19781.41,19741.14,,
44929,20145.29,19781.41,,
44930,20793.11,20145.29,,
44931,21052.17,20793.11,,
44932,20991.64,21052.17,,
44935,21388.34,20991.64,,
44936,21331.46,21388.34,,
44937,21436.05,21331.46,,
44938,21514.1,21436.05,,
44939,21738.66,21514.1,,
44942,21746.72,21738.66,,
44943,21577.64,21746.72,,
44944,21678,21577.64,,
44945,21650.98,21678,,
44946,22044.65,21650.98,,
44952,22566.78,22044.65,,
44953,22688.9,22566.78,,
44956,22069.73,22688.9,,
44957,21842.33,22069.73,,
44958,22072.18,21842.33,,
44959,21958.36,22072.18,,
44960,21660.47,21958.36,,
44963,21222.16,21660.47,,
44964,21298.7,21222.16,,
44965,21283.52,21298.7,,
44966,21624.36,21283.52,,
44967,21190.42,21624.36,,
44970,21164.42,21190.42,,
44971,21113.76,21164.42,,
44972,20812.17,21113.76,,
44973,20987.67,20812.17,,
44974,20719.81,20987.67,,
44977,20886.96,20719.81,,
44978,20529.49,20886.96,,
44979,20423.84,20529.49,,
44980,20351.35,20423.84,,
44981,20010.04,20351.35,,
44984,19943.51,20010.04,,
44985,19785.94,19943.51,,
44986,20619.71,19785.94,,
44987,20429.46,20619.71,,
44988,20567.54,20429.46,,
44991,20603.19,20567.54,,
44992,20534.48,20603.19,,
44993,20051.25,20534.48,,
44994,19925.74,20051.25,,
44995,19319.92,19925.74,,
44998,19695.97,19319.92,,
44999,19247.96,19695.97,,
45000,19539.87,19247.96,,
45001,19203.91,19539.87,,
45002,19518.59,19203.91,,
45005,19000.71,19518.59,,
45006,19258.76,19000.71,,
45007,19591.43,19258.76,,
45008,20049.64,19591.43,,
45009,19915.68,20049.64,,
45012,19567.69,19915.68,,
45013,19784.65,19567.69,,
45014,20192.4,19784.65,,
45015,20309.13,20192.4,,
45016,20400.11,20309.13,,
45019,20409.18,20400.11,,
45020,20274.59,20409.18,,
45022,20331.2,20274.59,,
45027,20485.24,20331.2,,
45028,20309.86,20485.24,,
45029,20344.48,20309.86,,
45030,20438.81,20344.48,,
45033,20782.45,20438.81,,
45034,20650.51,20782.45,,
45035,20367.76,20650.51,,
45036,20396.97,20367.76,,
45037,20075.73,20396.97,,
45040,19959.94,20075.73,,
45041,19617.88,19959.94,,
45042,19757.27,19617.88,,
45043,19840.28,19757.27,,
45044,19894.57,19840.28,,
45048,19933.81,19894.57,,
45049,19699.16,19933.81,,
45050,19948.73,19699.16,,
45051,20049.31,19948.73,,
45054,20297.03,20049.31,,
45055,19867.58,20297.03,,
45056,19762.2,19867.58,,
45057,19743.79,19762.2,,
45058,19627.24,19743.79,,
45061,19971.13,19627.24,,
45062,19978.25,19971.13,,
45063,19560.57,19978.25,,
45064,19727.25,19560.57,,
45065,19450.57,19727.25,,
45068,19678.17,19450.57,,
45069,19431.25,19678.17,,
45070,19115.93,19431.25,,
45071,18746.92,19115.93,,
45075,18551.11,18746.92,,
45076,18595.78,18551.11,,
45077,18234.27,18595.78,,
45078,18216.91,18234.27,,
45079,18949.94,18216.91,,
45082,19108.5,18949.94,,
45083,19099.28,19108.5,,
45084,19252,19099.28,,
45085,19299.18,19252,,
45086,19389.95,19299.18,,
45089,19404.31,19389.95,,
45090,19521.42,19404.31,,
45091,19408.42,19521.42,,
45092,19828.92,19408.42,,
45093,20040.37,19828.92,,
45096,19912.89,20040.37,,
45097,19607.08,19912.89,,
45098,19218.35,19607.08,,
45100,18889.97,19218.35,,
45103,18794.13,18889.97,,
45104,19148.13,18794.13,,
45105,19172.05,19148.13,,
45106,18934.36,19172.05,,
45107,18916.43,18934.36,,
45110,19306.59,18916.43,,
45111,19415.68,19306.59,,
45112,19110.38,19415.68,,
45113,18533.05,19110.38,,
45114,18365.7,18533.05,,
45117,18479.72,18365.7,,
45118,18659.83,18479.72,,
45119,18860.95,18659.83,,
45120,19350.62,18860.95,,
45121,19413.78,19350.62,,
45125,19015.72,19413.78,,
45126,18952.31,19015.72,,
45127,18928.02,18952.31,,
45128,19075.26,18928.02,,
45131,18668.15,19075.26,,
45132,19434.4,18668.15,,
45133,19365.14,19434.4,,
45134,19639.11,19365.14,,
45135,19916.56,19639.11,,
45138,20078.94,19916.56,,
45139,20011.12,20078.94,,
45140,19517.38,20011.12,,
45141,19420.87,19517.38,,
45142,19539.46,19420.87,,
45145,19537.92,19539.46,,
45146,19184.17,19537.92,,
45147,19246.03,19184.17,,
45148,19248.26,19246.03,,
45149,19075.19,19248.26,,
45152,18773.55,19075.19,,
45153,18581.11,18773.55,,
45154,18329.3,18581.11,,
45155,18326.63,18329.3,,
45156,17950.85,18326.63,,
45159,17623.29,17950.85,,
45160,17791.01,17623.29,,
45161,17845.92,17791.01,,
45162,18212.17,17845.92,,
45163,17956.38,18212.17,,
45166,18130.74,17956.38,,
45167,18484.03,18130.74,,
45168,18482.86,18484.03,,
45169,18382.06,18482.86,,
45173,18844.16,18382.06,,
45174,18456.91,18844.16,,
45175,18449.98,18456.91,,
45176,18202.07,18449.98,,
45180,18096.45,18202.07,,
45181,18025.89,18096.45,,
45182,18009.22,18025.89,,
45183,18047.92,18009.22,,
45184,18182.89,18047.92,,
45187,17930.55,18182.89,,
45188,17997.17,17930.55,,
45189,17885.6,17997.17,,
45190,17655.41,17885.6,,
45191,18057.45,17655.41,,
45194,17729.29,18057.45,,
45195,17466.9,17729.29,,
45196,17611.87,17466.9,,
45197,17373.03,17611.87,,
45198,17809.66,17373.03,,
45202,17331.22,17809.66,,
45203,17195.84,17331.22,,
45204,17213.87,17195.84,,
45205,17485.98,17213.87,,
45208,17517.4,17485.98,,
45209,17664.73,17517.4,,
45210,17893.1,17664.73,,
45211,18238.21,17893.1,,
45212,17813.45,18238.21,,
45215,17640.36,17813.45,,
45216,17773.34,17640.36,,
45217,17732.52,17773.34,,
45218,17295.89,17732.52,,
45219,17172.13,17295.89,,
45223,16991.53,17172.13,,
45224,17085.33,16991.53,,
45225,17044.61,17085.33,,
45226,17398.73,17044.61,,
45229,17406.36,17398.73,,
45230,17112.48,17406.36,,
45231,17101.78,17112.48,,
45232,17230.59,17101.78,,
45233,17664.12,17230.59,,
45236,17966.59,17664.12,,
45237,17670.16,17966.59,,
45238,17568.46,17670.16,,
45239,17511.29,17568.46,,
45240,17203.26,17511.29,,
45243,17426.21,17203.26,,
45244,17396.86,17426.21,,
45245,18079,17396.86,,
45246,17832.82,18079,,
45247,17454.19,17832.82,,
45250,17778.07,17454.19,,
45251,17733.89,17778.07,,
45252,17734.6,17733.89,,
45253,17910.84,17734.6,,
45254,17559.42,17910.84,,
45257,17525.06,17559.42,,
45258,17354.14,17525.06,,
45259,16993.44,17354.14,,
45260,17042.88,16993.44,,
45261,16830.3,17042.88,,
45264,16646.05,16830.3,,
45265,16327.86,16646.05,,
45266,16463.26,16327.86,,
45267,16345.89,16463.26,,
45268,16334.37,16345.89,,
45271,16201.49,16334.37,,
45272,16374.5,16201.49,,
45273,16228.75,16374.5,,
45274,16402.19,16228.75,,
45275,16792.19,16402.19,,
45278,16629.23,16792.19,,
45279,16505,16629.23,,
45280,16613.81,16505,,
45281,16621.13,16613.81,,
45282,16340.41,16621.13,,
45287,16624.84,16340.41,,
45288,17043.53,16624.84,,
45289,17047.39,17043.53,,
45293,16788.55,17047.39,,
45294,16646.41,16788.55,,
45295,16645.98,16646.41,,
45296,16535.33,16645.98,,
45299,16224.45,16535.33,,
45300,16190.02,16224.45,,
45301,16097.28,16190.02,,
45302,16302.04,16097.28,,
45303,16244.58,16302.04,,
45306,16216.33,16244.58,,
45307,15865.92,16216.33,,
45308,15276.9,15865.92,,
45309,15391.79,15276.9,,
45310,15308.69,15391.79,,
45313,14961.18,15308.69,,
45314,15353.98,14961.18,,
45315,15899.87,15353.98,,
45316,16211.96,15899.87,,
45317,15952.23,16211.96,,
45320,16077.24,15952.23,,
45321,15703.45,16077.24,,
45322,15485.07,15703.45,,
45323,15566.21,15485.07,,
45324,15533.56,15566.21,,
45327,15510.01,15533.56,,
45328,16136.87,15510.01,,
45329,16081.89,16136.87,,
45330,15878.07,16081.89,,
45331,15746.58,15878.07,,
45336,15879.38,15746.58,,
45337,15944.63,15879.38,,
45338,16339.96,15944.63,,
45341,16155.61,16339.96,,
45342,16247.51,16155.61,,
45343,16503.1,16247.51,,
45344,16742.95,16503.1,,
45345,16725.86,16742.95,,
45348,16634.74,16725.86,,
45349,16790.8,16634.74,,
45350,16536.85,16790.8,,
45351,16511.44,16536.85,,
45352,16589.44,16511.44,,
45355,16595.97,16589.44,,
45356,16162.64,16595.97,,
45357,16438.09,16162.64,,
45358,16229.78,16438.09,,
45359,16353.39,16229.78,,
45362,16587.57,16353.39,,
45363,17093.5,16587.57,,
45364,17082.11,17093.5,,
45365,16961.66,17082.11,,
45366,16720.89,16961.66,,
45369,16737.12,16720.89,,
45370,16529.48,16737.12,,
45371,16543.07,16529.48,,
45372,16863.1,16543.07,,
45373,16499.47,16863.1,,
45376,16473.64,16499.47,,
45377,16618.32,16473.64,,
45378,16392.84,16618.32,,
45379,16541.42,16392.84,,
45384,16931.52,16541.42,,
45385,16725.1,16931.52,,
45387,16723.92,16725.1,,
45390,16732.85,16723.92,,
45391,16828.07,16732.85,,
45392,17139.17,16828.07,,
45393,17095.03,17139.17,,
45394,16721.69,17095.03,,
45397,16600.46,16721.69,,
45398,16248.97,16600.46,,
45399,16251.84,16248.97,,
45400,16385.87,16251.84,,
45401,16224.14,16385.87,,
45404,16511.69,16224.14,,
45405,16828.93,16511.69,,
45406,17201.27,16828.93,,
45407,17284.54,17201.27,,
45408,17651.15,17284.54,,
45411,17746.91,17651.15,,
45412,17763.03,17746.91,,
45414,18207.13,17763.03,,
45415,18475.92,18207.13,,
45418,18578.3,18475.92,,
45419,18479.37,18578.3,,
45420,18313.86,18479.37,,
45421,18537.81,18313.86,,
45422,18963.68,18537.81,,
45425,19115.06,18963.68,,
45426,19073.71,19115.06,,
45428,19376.53,19073.71,,
45429,19553.61,19376.53,,
45432,19636.22,19553.61,,
45433,19220.62,19636.22,,
45434,19195.6,19220.62,,
45435,18868.71,19195.6,,
45436,18608.94,18868.71,,
45439,18827.35,18608.94,,
45440,18821.16,18827.35,,
45441,18477.01,18821.16,,
45442,18230.19,18477.01,,
45443,18079.61,18230.19,,
45446,18403.04,18079.61,,
45447,18444.11,18403.04,,
45448,18424.96,18444.11,,
45449,18476.8,18424.96,,
45450,18366.95,18476.8,,
45454,18176.34,18366.95,,
45455,17937.84,18176.34,,
45456,18112.63,17937.84,,
45457,17941.78,18112.63,,
45460,17936.12,17941.78,,
45461,17915.55,17936.12,,
45462,18430.39,17915.55,,
45463,18335.32,18430.39,,
45464,18028.52,18335.32,,
45467,18027.71,18028.52,,
45468,18072.9,18027.71,,
45469,18089.93,18072.9,,
45470,17716.47,18089.93,,
45471,17718.61,17716.47,,
45475,17769.14,17718.61,,
45476,17978.57,17769.14,,
45477,18028.28,17978.57,,
45478,17799.61,18028.28,,
45481,17524.06,17799.61,,
45482,17523.23,17524.06,,
45483,17471.67,17523.23,,
45484,17832.33,17471.67,,
45485,18293.38,17832.33,,
45488,18015.94,18293.38,,
45489,17727.98,18015.94,,
45490,17739.41,17727.98,,
45491,17778.41,17739.41,,
45492,17417.68,17778.41,,
45495,17635.88,17417.68,,
45496,17469.36,17635.88,,
45497,17311.05,17469.36,,
45498,17004.97,17311.05,,
45499,17021.31,17004.97,,
45502,17238.34,17021.31,,
45503,17002.91,17238.34,,
45504,17344.6,17002.91,,
45505,17304.96,17344.6,,
45506,16945.51,17304.96,,
45509,16698.36,16945.51,,
45510,16647.34,16698.36,,
45511,16877.86,16647.34,,
45512,16891.83,16877.86,,
45513,17090.23,16891.83,,
45516,17111.65,17090.23,,
45517,17174.06,17111.65,,
45518,17113.36,17174.06,,
45519,17109.14,17113.36,,
45520,17430.16,17109.14,,
45523,17569.57,17430.16,,
45524,17511.08,17569.57,,
45525,17391.01,17511.08,,
45526,17641,17391.01,,
45527,17612.1,17641,,
45530,17798.73,17612.1,,
45531,17874.67,17798.73,,
45532,17692.45,17874.67,,
45533,17786.32,17692.45,,
45534,17989.07,17786.32,,
45537,17691.97,17989.07,,
45538,17651.49,17691.97,,
45539,17457.34,17651.49,,
45540,17444.3,17457.34,,
45544,17196.96,17444.3,,
45545,17234.09,17196.96,,
45546,17108.71,17234.09,,
45547,17240.39,17108.71,,
45548,17369.09,17240.39,,
45551,17422.12,17369.09,,
45552,17660.02,17422.12,,
45554,18013.16,17660.02,,
45555,18258.57,18013.16,,
45558,18247.11,18258.57,,
45559,19000.56,18247.11,,
45560,19129.1,19000.56,,
45561,19924.58,19129.1,,
45562,20632.3,19924.58,,
45565,21133.68,20632.3,,
45567,22443.73,21133.68,,
45568,22113.51,22443.73,,
45569,22736.87,22113.51,,
45572,23099.78,22736.87,,
45573,20926.79,23099.78,,
45574,20637.24,20926.79,,
45575,21251.98,20637.24,,
45579,21092.87,21251.98,,
45580,20318.79,21092.87,,
45581,20286.85,20318.79,,
45582,20079.1,20286.85,,
45583,20804.11,20079.1,,
45586,20478.46,20804.11,,
45587,20498.95,20478.46,,
45588,20760.15,20498.95,,
45589,20489.62,20760.15,,
45590,20590.15,20489.62,,
45593,20599.36,20590.15,,
45594,20701.14,20599.36,,
45595,20380.64,20701.14,,
45596,20317.33,20380.64,,
45597,20506.43,20317.33,,
45600,20567.52,20506.43,,
45601,21006.97,20567.52,,
45602,20538.38,21006.97,,
45603,20953.34,20538.38,,
45604,20728.19,20953.34,,
45607,20426.93,20728.19,,
45608,19846.88,20426.93,,
45609,19823.45,19846.88,,
45610,19435.81,19823.45,,
45611,19426.34,19435.81,,
45614,19576.61,19426.34,,
45615,19663.67,19576.61,,
45616,19705.01,19663.67,,
45617,19601.11,19705.01,,
45618,19229.97,19601.11,,
45621,19150.99,19229.97,,
45622,19159.2,19150.99,,
45623,19603.13,19159.2,,
45624,19366.96,19603.13,,
45625,19423.61,19366.96,,
45628,19550.29,19423.61,,
45629,19746.32,19550.29,,
45630,19742.46,19746.32,,
45631,19560.44,19742.46,,
45632,19865.85,19560.44,,
45635,20414.09,19865.85,,
45636,20311.28,20414.09,,
45637,20155.05,20311.28,,
45638,20397.05,20155.05,,
45639,19971.24,20397.05,,
45642,19795.49,19971.24,,
45643,19700.48,19795.49,,
45644,19864.55,19700.48,,
45645,19752.51,19864.55,,
45646,19720.7,19752.51,,
45649,19883.13,19720.7,,
45650,20098.29,19883.13,,
45653,20090.46,20098.29,,
45656,20041.42,20090.46,,
45657,20059.95,20041.42,,
45659,19623.32,20059.95,,
45660,19760.27,19623.32,,
45663,19688.29,19760.27,,
45664,19447.58,19688.29,,
45665,19279.84,19447.58,,
45666,19240.89,19279.84,,
45667,19064.29,19240.89,,
45670,18874.14,19064.29,,
45671,19219.78,18874.14,,
45672,19286.07,19219.78,,
45673,19522.89,19286.07,,
45674,19584.06,19522.89,,
45677,19925.81,19584.06,,
45678,20106.55,19925.81,,
45679,19778.77,20106.55,,
45680,19700.56,19778.77,,
45681,20066.19,19700.56,,
45684,20197.77,20066.19,,
45685,20225.11,20197.77,,
45691,20217.26,20225.11,,
45692,20789.96,20217.26,,
45693,20597.09,20789.96,,
45694,20891.62,20597.09,,
45695,21133.54,20891.62,,
45698,21521.98,21133.54,,
45699,21294.86,21521.98,,
45700,21857.92,21294.86,,
45701,21814.37,21857.92,,
45702,22620.33,21814.37,,
45705,22616.23,22620.33,,
45706,22976.81,22616.23,,
45707,22944.24,22976.81,,
45708,22576.98,22944.24,,
45709,23477.92,22576.98,,
45712,23341.61,23477.92,,
45713,23034.02,23341.61,,
45714,23787.93,23034.02,,
45715,23718.29,23787.93,,
45716,22941.32,23718.29,,
45719,23006.27,22941.32,,
45720,22941.77,23006.27,,
45721,23594.21,22941.77,,
45722,24369.71,23594.21,,
45723,24231.3,24369.71,,
45726,23783.49,24231.3,,
45727,23782.14,23783.49,,
45728,23600.31,23782.14,,
45729,23462.65,23600.31,,
45730,23959.98,23462.65,,
45733,24145.57,23959.98,,
45734,24740.57,24145.57,,
45735,24771.14,24740.57,,
45736,24219.95,24771.14,,
45737,23689.72,24219.95,,
45740,23905.56,23689.72,,
45741,23344.25,23905.56,,
45742,23483.32,23344.25,,
45743,23578.8,23483.32,,
45744,23426.6,23578.8,,
45747,23119.58,23426.6,,
45748,23206.84,23119.58,,
45749,23202.53,23206.84,,
45750,22849.81,23202.53,,
45754,19828.3,22849.81,,
45755,20127.68,19828.3,,
45756,20264.49,20127.68,,
45757,20681.78,20264.49,,
45758,20914.69,20681.78,,
45761,21417.4,20914.69,,
45762,21466.27,21417.4,,
45763,21056.98,21466.27,,
45764,21395.14,21056.98,,
45769,21562.32,21395.14,,
45770,22072.62,21562.32,,
45771,21909.76,22072.62,,
45772,21980.74,21909.76,,
45775,21971.96,21980.74,,
45776,22008.11,21971.96,,
45777,22119.41,22008.11,,
45779,22504.68,22119.41,,
45783,22662.71,22504.68,,
45784,22691.88,22662.71,,
45785,22775.92,22691.88,,
45786,22867.74,22775.92,,
45789,23549.46,22867.74,,
45790,23108.27,23549.46,,
45791,23640.65,23108.27,,
45792,23453.16,23640.65,,
45793,23345.05,23453.16,,
45796,23332.72,23345.05,,
45797,23681.48,23332.72,,
45798,23827.78,23681.48,,
45799,23544.31,23827.78,,
45800,23601.26,23544.31,,
45803,23282.33,23601.26,,
45804,23381.99,23282.33,,
45805,23258.31,23381.99,,
45806,23573.38,23258.31,,
45807,23289.77,23573.38,,
45810,23157.97,23289.77,,
45811,23512.49,23157.97,,
45812,23654.03,23512.49,,
45813,23906.97,23654.03,,
45814,23792.54,23906.97,,
45817,24181.43,23792.54,,
45818,24162.87,24181.43,,
45819,24366.94,24162.87,,
45820,24035.38,24366.94,,
45821,23892.56,24035.38,,
45824,24060.99,23892.56,,
45825,23980.3,24060.99,,
45826,23710.69,23980.3,,
45827,23237.74,23710.69,,
45828,23530.48,23237.74,,
45831,23689.13,23530.48,,
45832,24177.07,23689.13,,
45833,24474.67,24177.07,,
45834,24325.4,24474.67,,
45835,24284.15,24325.4,,
45838,24072.28,24284.15,,
45840,24221.41,24072.28,,
45841,24069.94,24221.41,,
45842,23916.06,24069.94,,
45845,23887.83,23916.06,,
45846,24148.07,23887.83,,
45847,23892.32,24148.07,,
45848,24028.37,23892.32,,
45849,24139.57,24028.37,,
45852,24203.32,24139.57,,
45853,24590.12,24203.32,,
45854,24517.76,24590.12,,
45855,24498.95,24517.76,,
45856,24825.66,24498.95,,
45859,24994.14,24825.66,,
45860,25130.03,24994.14,,
45861,25538.07,25130.03,,
45862,25667.18,25538.07,,
45863,25388.35,25667.18,,
45866,25562.13,25388.35,,
45867,25524.45,25562.13,,
45868,25176.93,25524.45,,
45869,24773.33,25176.93,,
45870,24507.81,24773.33,,
45873,24733.45,24507.81,,
45874,24902.53,24733.45,,
45875,24910.63,24902.53,,
45876,25081.63,24910.63,,
45877,24858.82,25081.63,,
45880,24906.81,24858.82,,
45881,24969.68,24906.81,,
45882,25613.67,24969.68,,
45883,25519.32,25613.67,,
45884,25270.07,25519.32,,
45887,25176.85,25270.07,,
45888,25122.9,25176.85,,
45889,25165.94,25122.9,,
45890,25104.61,25165.94,,
45891,25339.14,25104.61,,
45894,25829.91,25339.14,,
45895,25524.92,25829.91,,
45896,25201.76,25524.92,,
45897,24998.82,25201.76,,
45898,25077.62,24998.82,,
45901,25617.42,25077.62,,
45902,25496.55,25617.42,,
45903,25343.43,25496.55,,
45904,25058.51,25343.43,,
45905,25417.98,25058.51,,
45908,25633.91,25417.98,,
45909,25938.13,25633.91,,
45910,26200.26,25938.13,,
45911,26086.32,26200.26,,
45912,26388.16,26086.32,,
45915,26446.56,26388.16,,
45916,26438.51,26446.56,,
45917,26908.39,26438.51,,
45918,26544.85,26908.39,,
45919,26545.1,26544.85,,
45922,26344.14,26545.1,,
45923,26159.12,26344.14,,
45924,26518.65,26159.12,,
45925,26484.68,26518.65,,
45926,26128.2,26484.68,,
45929,26622.88,26128.2,,
45930,26855.56,26622.88,,
45932,27287.12,26855.56,,
45933,27140.92,27287.12,,
45936,26957.77,27140.92,,
45938,26829.46,26957.77,,
45939,26752.59,26829.46,,
45940,26290.32,26752.59,,
45943,25889.48,26290.32,,
45944,25441.35,25889.48,,
45945,25910.6,25441.35,,
45946,25888.51,25910.6,,
45947,25247.1,25888.51,,
45950,25858.83,25247.1,,
45951,26027.55,25858.83,,
45952,25781.77,26027.55,,
45953,25967.98,25781.77,,
45954,26160.15,25967.98,,
45957,26433.7,26160.15,,
45958,26346.14,26433.7,,
45960,26282.69,26346.14,,
45961,25906.65,26282.69,,
45964,26158.36,25906.65,,
45965,25952.4,26158.36,,
45966,25935.41,25952.4,,
45967,26485.9,25935.41,,
45968,26241.83,26485.9,,
45971,26649.06,26241.83,,
45972,26696.41,26649.06,,
45973,26922.73,26696.41,,
45974,27073.03,26922.73,,
45975,26572.46,27073.03,,
45978,26384.28,26572.46,,
45979,25930.03,26384.28,,
45980,25830.65,25930.03,,
45981,25835.57,25830.65,,
45982,25220.02,25835.57,,
45985,25716.5,25220.02,,
45986,25894.55,25716.5,,
45987,25928.08,25894.55,,
45988,25945.93,25928.08,,
45989,25858.89,25945.93,,
45992,26033.26,25858.89,,
45993,26095.05,26033.26,,
45994,25760.73,26095.05,,
45995,25935.9,25760.73,,
45996,26085.08,25935.9,,
45999,25765.36,26085.08,,
46000,25434.23,25765.36,,
46001,25540.78,25434.23,,
46002,25530.51,25540.78,,
46003,25976.79,25530.51,,
46006,25628.88,25976.79,,
46007,25235.41,25628.88,,
46008,25468.78,25235.41,,
46009,25498.13,25468.78,,
46010,25690.53,25498.13,,
46013,25801.77,25690.53,,
46014,25774.14,25801.77,,
46015,25818.93,25774.14,,
46020,25635.23,25818.93,,
46021,25854.6,25635.23,,
46022,25630.54,25854.6,,
46024,26338.47,25630.54,,
46027,26347.24,26338.47,,
46028,26710.45,26347.24,,
46029,26458.95,26710.45,,
46030,26149.31,26458.95,,
46031,26231.79,26149.31,,
46034,26608.48,26231.79,,
46035,26848.47,26608.48,,
46036,26999.81,26848.47,,
46037,26923.62,26999.81,,
46038,26844.96,26923.62,,
46041,26563.9,26844.96,,
46042,26487.51,26563.9,,
46043,26585.06,26487.51,,
46044,26629.96,26585.06,,
46045,26749.51,26629.96,,
46048,26765.52,26749.51,,
46049,27126.95,26765.52,,
46050,27826.91,27126.95,,
46051,27968.09,27826.91,,
46052,27387.11,27968.09,,
46055,26775.57,27387.11,,
46056,26834.77,26775.57,,
46057,26847.32,26834.77,,
46058,26885.24,26847.32,,
46059,26559.95,26885.24,,
46062,27027.16,26559.95,,
46063,27183.15,27027.16,,
46064,27266.38,27183.15,,
46065,27032.54,27266.38,,
46066,26567.12,27032.54,,
46069,26705.94,26567.12,,
46073,26413.35,26705.94,,
46076,27081.91,26413.35,,
46077,26590.32,27081.91,,
46078,26765.72,26590.32,,
46079,26381.02,26765.72,,
46080,26630.54,26381.02,,
46083,26059.85,26630.54,,
46084,25768.08,26059.85,,
46085,25249.48,25768.08,,
46086,25321.34,25249.48,,
46087,25757.29,25321.34,,
46090,25408.46,25757.29,,
46091,25959.9,25408.46,,
46092,25898.76,25959.9,,
46093,25716.76,25898.76,,
46094,25465.6,25716.76,,
46097,25834.02,25465.6,,
46098,25868.54,25834.02,,
46099,26025.42,25868.54,,
46100,25500.58,26025.42,,
46101,25277.32,25500.58,,
46104,24382.47,25277.32,,
46105,25063.71,24382.47,,
46106,25335.95,25063.71,,
46107,24856.43,25335.95,,
46108,24951.88,24856.43,,
46111,24750.79,24951.88,,
46112,24788.14,24750.79,,
46113,25294.03,24788.14,,
46114,25116.53,25294.03,,
46120,25893.02,25116.53,,
46121,25752.4,25893.02,,
46122,25893.54,25752.4,,
46125,25660.85,25893.54,,
46126,25872.32,25660.85,,
46127,25947.32,25872.32,,
46128,26394.26,25947.32,,
46129,26160.33,26394.26,,
46132,26361.07,26160.33,,
46133,26487.48,26361.07,,
46134,26163.24,26487.48,,
46135,25915.2,26163.24,,
46136,25978.07,25915.2,,
46139,25925.65,25978.07,,
46140,25679.78,25925.65,,
46141,26111.84,25679.78,,
46142,25776.53,26111.84,,
46146,26095.88,25776.53,,
46147,25898.61,26095.88,,