SPX Index,,,,
40182,1132.98,1115.1,,
40183,1136.52,1132.98,,
40184,1137.14,1136.52,,
40185,1141.7,1137.14,,
40186,1144.98,1141.7,,
40189,1146.98,1144.98,,
40190,1136.22,1146.98,,
40191,1145.68,1136.22,,
40192,1148.46,1145.68,,
40193,1136.03,1148.46,,
40197,1150.23,1136.03,,
40198,1138.04,1150.23,,
40199,1116.48,1138.04,,
40200,1091.76,1116.48,,
40203,1096.79,1091.76,,
40204,1092.17,1096.79,,
40205,1097.5,1092.17,,
40206,1084.53,1097.5,,
40207,1073.87,1084.53,,
40210,1089.19,1073.87,,
40211,1103.32,1089.19,,
40212,1097.28,1103.32,,
40213,1063.11,1097.28,,
40214,1066.19,1063.11,,
40217,1056.74,1066.19,,
40218,1070.52,1056.74,,
40219,1068.14,1070.52,,
40220,1078.47,1068.14,,
40221,1075.51,1078.47,,
40225,1094.87,1075.51,,
40226,1099.51,1094.87,,
40227,1106.75,1099.51,,
40228,1109.17,1106.75,,
40231,1108.02,1109.17,,
40232,1094.6,1108.02,,
40233,1105.24,1094.6,,
40234,1102.94,1105.24,,
40235,1104.49,1102.94,,
40238,1115.71,1104.49,,
40239,1118.31,1115.71,,
40240,1118.79,1118.31,,
40241,1122.97,1118.79,,
40242,1138.7,1122.97,,
40245,1138.51,1138.7,,
40246,1140.45,1138.51,,
40247,1145.61,1140.45,,
40248,1150.24,1145.61,,
40249,1149.99,1150.24,,
40252,1150.51,1149.99,,
40253,1159.46,1150.51,,
40254,1166.21,1159.46,,
40255,1165.83,1166.21,,
40256,1159.9,1165.83,,
40259,1165.81,1159.9,,
40260,1174.17,1165.81,,
40261,1167.72,1174.17,,
40262,1165.73,1167.72,,
40263,1166.59,1165.73,,
40266,1173.22,1166.59,,
40267,1173.27,1173.22,,
40268,1169.43,1173.27,,
40269,1178.1,1169.43,,
40273,1187.44,1178.1,,
40274,1189.44,1187.44,,
40275,1182.45,1189.44,,
40276,1186.44,1182.45,,
40277,1194.37,1186.44,,
40280,1196.48,1194.37,,
40281,1197.3,1196.48,,
40282,1210.65,1197.3,,
40283,1211.67,1210.65,,
40284,1192.13,1211.67,,
40287,1197.52,1192.13,,
40288,1207.18,1197.52,,
40289,1205.95,1207.18,,
40290,1208.67,1205.95,,
40291,1217.28,1208.67,,
40294,1212.05,1217.28,,
40295,1183.71,1212.05,,
40296,1191.36,1183.71,,
40297,1206.78,1191.36,,
40298,1186.69,1206.78,,
40301,1202.26,1186.69,,
40302,1173.6,1202.26,,
40303,1165.9,1173.6,,
40304,1128.15,1165.9,,
40305,1110.89,1128.15,,
40308,1159.73,1110.89,,
40309,1155.79,1159.73,,
40310,1171.67,1155.79,,
40311,1157.44,1171.67,,
40312,1135.68,1157.44,,
40315,1136.94,1135.68,,
40316,1120.8,1136.94,,
40317,1115.05,1120.8,,
40318,1071.59,1115.05,,
40319,1087.69,1071.59,,
40322,1073.65,1087.69,,
40323,1074.03,1073.65,,
40324,1067.95,1074.03,,
40325,1103.06,1067.95,,
40326,1089.41,1103.06,,
40330,1070.71,1089.41,,
40331,1098.38,1070.71,,
40332,1102.83,1098.38,,
40333,1064.88,1102.83,,
40336,1050.47,1064.88,,
40337,1062,1050.47,,
40338,1055.69,1062,,
40339,1086.84,1055.69,,
40340,1091.6,1086.84,,
40343,1089.63,1091.6,,
40344,1115.23,1089.63,,
40345,1114.61,1115.23,,
40346,1116.04,1114.61,,
40347,1117.51,1116.04,,
40350,1113.2,1117.51,,
40351,1095.31,1113.2,,
40352,1092.04,1095.31,,
40353,1073.69,1092.04,,
40354,1076.77,1073.69,,
40357,1074.57,1076.77,,
40358,1041.24,1074.57,,
40359,1030.71,1041.24,,
40360,1027.37,1030.71,,
40361,1022.58,1027.37,,
40365,1028.06,1022.58,,
40366,1060.27,1028.06,,
40367,1070.24,1060.27,,
40368,1077.96,1070.24,,
40371,1078.75,1077.96,,
40372,1095.34,1078.75,,
40373,1095.17,1095.34,,
40374,1096.48,1095.17,,
40375,1064.88,1096.48,,
40378,1071.25,1064.88,,
40379,1083.48,1071.25,,
40380,1069.59,1083.48,,
40381,1093.67,1069.59,,
40382,1102.66,1093.67,,
40385,1115.01,1102.66,,
40386,1113.84,1115.01,,
40387,1106.13,1113.84,,
40388,1101.53,1106.13,,
40389,1101.6,1101.53,,
40392,1125.86,1101.6,,
40393,1120.46,1125.86,,
40394,1127.24,1120.46,,
40395,1125.82,1127.24,,
40396,1121.64,1125.82,,
40399,1127.79,1121.64,,
40400,1121.06,1127.79,,
40401,1089.47,1121.06,,
40402,1083.61,1089.47,,
40403,1079.25,1083.61,,
40406,1079.38,1079.25,,
40407,1092.54,1079.38,,
40408,1094.16,1092.54,,
40409,1075.63,1094.16,,
40410,1071.69,1075.63,,
40413,1067.36,1071.69,,
40414,1051.87,1067.36,,
40415,1055.33,1051.87,,
40416,1047.22,1055.33,,
40417,1064.59,1047.22,,
40420,1048.92,1064.59,,
40421,1049.33,1048.92,,
40422,1080.29,1049.33,,
40423,1090.1,1080.29,,
40424,1104.51,1090.1,,
40428,1091.84,1104.51,,
40429,1098.87,1091.84,,
40430,1104.18,1098.87,,
40431,1109.55,1104.18,,
40434,1121.9,1109.55,,
40435,1121.1,1121.9,,
40436,1125.07,1121.1,,
40437,1124.66,1125.07,,
40438,1125.59,1124.66,,
40441,1142.71,1125.59,,
40442,1139.78,1142.71,,
40443,1134.28,1139.78,,
40444,1124.83,1134.28,,
40445,1148.67,1124.83,,
40448,1142.16,1148.67,,
40449,1147.7,1142.16,,
40450,1144.73,1147.7,,
40451,1141.2,1144.73,,
40452,1146.24,1141.2,,
40455,1137.03,1146.24,,
40456,1160.75,1137.03,,
40457,1159.97,1160.75,,
40458,1158.06,1159.97,,
40459,1165.15,1158.06,,
40462,1165.32,1165.15,,
40463,1169.77,1165.32,,
40464,1178.1,1169.77,,
40465,1173.81,1178.1,,
40466,1176.19,1173.81,,
40469,1184.71,1176.19,,
40470,1165.9,1184.71,,
40471,1178.17,1165.9,,
40472,1180.27,1178.17,,
40473,1183.08,1180.27,,
40476,1185.62,1183.08,,
40477,1185.64,1185.62,,
40478,1182.45,1185.64,,
40479,1183.78,1182.45,,
40480,1183.26,1183.78,,
40483,1184.39,1183.26,,
40484,1193.57,1184.39,,
40485,1197.96,1193.57,,
40486,1221.06,1197.96,,
40487,1225.85,1221.06,,
40490,1223.25,1225.85,,
40491,1213.4,1223.25,,
40492,1218.71,1213.4,,
40493,1213.54,1218.71,,
40494,1199.21,1213.54,,
40497,1197.75,1199.21,,
40498,1178.34,1197.75,,
40499,1178.59,1178.34,,
40500,1196.69,1178.59,,
40501,1199.73,1196.69,,
40504,1197.84,1199.73,,
40505,1180.73,1197.84,,
40506,1198.35,1180.73,,
40508,1189.4,1198.35,,
40511,1187.76,1189.4,,
40512,1180.55,1187.76,,
40513,1206.07,1180.55,,
40514,1221.53,1206.07,,
40515,1224.71,1221.53,,
40518,1223.12,1224.71,,
40519,1223.75,1223.12,,
40520,1228.28,1223.75,,
40521,1233,1228.28,,
40522,1240.4,1233,,
40525,1240.46,1240.4,,
40526,1241.59,1240.46,,
40527,1235.23,1241.59,,
40528,1242.87,1235.23,,
40529,1243.91,1242.87,,
40532,1247.08,1243.91,,
40533,1254.6,1247.08,,
40534,1258.84,1254.6,,
40535,1256.77,1258.84,,
40539,1257.54,1256.77,,
40540,1258.51,1257.54,,
40541,1259.78,1258.51,,
40542,1257.88,1259.78,,
40543,1257.64,1257.88,,
40546,1271.87,1257.64,,
40547,1270.2,1271.87,,
40548,1276.56,1270.2,,
40549,1273.85,1276.56,,
40550,1271.5,1273.85,,
40553,1269.75,1271.5,,
40554,1274.48,1269.75,,
40555,1285.96,1274.48,,
40556,1283.76,1285.96,,
40557,1293.24,1283.76,,
40561,1295.02,1293.24,,
40562,1281.92,1295.02,,
40563,1280.26,1281.92,,
40564,1283.35,1280.26,,
40567,1290.84,1283.35,,
40568,1291.18,1290.84,,
40569,1296.63,1291.18,,
40570,1299.54,1296.63,,
40571,1276.34,1299.54,,
40574,1286.12,1276.34,,
40575,1307.59,1286.12,,
40576,1304.03,1307.59,,
40577,1307.1,1304.03,,
40578,1310.87,1307.1,,
40581,1319.05,1310.87,,
40582,1324.57,1319.05,,
40583,1320.88,1324.57,,
40584,1321.87,1320.88,,
40585,1329.15,1321.87,,
40588,1332.32,1329.15,,
40589,1328.01,1332.32,,
40590,1336.32,1328.01,,
40591,1340.43,1336.32,,
40592,1343.01,1340.43,,
40596,1315.45,1343.01,,
40597,1307.4,1315.45,,
40598,1306.1,1307.4,,
40599,1319.88,1306.1,,
40602,1327.22,1319.88,,
40603,1306.33,1327.22,,
40604,1308.44,1306.33,,
40605,1330.97,1308.44,,
40606,1321.15,1330.97,,
40609,1310.13,1321.15,,
40610,1321.82,1310.13,,
40611,1320.03,1321.82,,
40612,1295.11,1320.03,,
40613,1304.28,1295.11,,
40616,1296.39,1304.28,,
40617,1281.87,1296.39,,
40618,1256.88,1281.87,,
40619,1273.71,1256.88,,
40620,1279.21,1273.71,,
40623,1298.38,1279.21,,
40624,1293.77,1298.38,,
40625,1297.54,1293.77,,
40626,1309.66,1297.54,,
40627,1313.8,1309.66,,
40630,1310.19,1313.8,,
40631,1319.44,1310.19,,
40632,1328.26,1319.44,,
40633,1325.83,1328.26,,
40634,1332.41,1325.83,,
40637,1332.87,1332.41,,
40638,1332.63,1332.87,,
40639,1335.54,1332.63,,
40640,1333.51,1335.54,,
40641,1328.17,1333.51,,
40644,1324.46,1328.17,,
40645,1314.16,1324.46,,
40646,1314.41,1314.16,,
40647,1314.52,1314.41,,
40648,1319.68,1314.52,,
40651,1305.14,1319.68,,
40652,1312.62,1305.14,,
40653,1330.36,1312.62,,
40654,1337.39,1330.36,,
40658,1335.25,1337.39,,
40659,1347.24,1335.25,,
40660,1355.66,1347.24,,
40661,1360.48,1355.66,,
40662,1363.61,1360.48,,
40665,1361.22,1363.61,,
40666,1356.62,1361.22,,
40667,1347.32,1356.62,,
40668,1335.1,1347.32,,
40669,1340.2,1335.1,,
40672,1346.3,1340.2,,
40673,1357.16,1346.3,,
40674,1342.08,1357.16,,
40675,1348.65,1342.08,,
40676,1337.77,1348.65,,
40679,1329.47,1337.77,,
40680,1328.98,1329.47,,
40681,1340.68,1328.98,,
40682,1343.6,1340.68,,
40683,1333.27,1343.6,,
40686,1317.37,1333.27,,
40687,1316.28,1317.37,,
40688,1320.47,1316.28,,
40689,1325.69,1320.47,,
40690,1331.1,1325.69,,
40694,1345.2,1331.1,,
40695,1314.55,1345.2,,
40696,1312.94,1314.55,,
40697,1300.16,1312.94,,
40700,1286.17,1300.16,,
40701,1284.94,1286.17,,
40702,1279.56,1284.94,,
40703,1289,1279.56,,
40704,1270.98,1289,,
40707,1271.83,1270.98,,
40708,1287.87,1271.83,,
40709,1265.42,1287.87,,
40710,1267.64,1265.42,,
40711,1271.5,1267.64,,
40714,1278.36,1271.5,,
40715,1295.52,1278.36,,
40716,1287.14,1295.52,,
40717,1283.5,1287.14,,
40718,1268.45,1283.5,,
40721,1280.1,1268.45,,
40722,1296.67,1280.1,,
40723,1307.41,1296.67,,
40724,1320.64,1307.41,,
40725,1339.67,1320.64,,
40729,1337.88,1339.67,,
40730,1339.23,1337.88,,
40731,1353.22,1339.23,,
40732,1343.8,1353.22,,
40735,1319.49,1343.8,,
40736,1313.64,1319.49,,
40737,1317.72,1313.64,,
40738,1308.87,1317.72,,
40739,1316.14,1308.87,,
40742,1305.44,1316.14,,
40743,1326.73,1305.44,,
40744,1325.84,1326.73,,
40745,1343.8,1325.84,,
40746,1345.02,1343.8,,
40749,1337.43,1345.02,,
40750,1331.94,1337.43,,
40751,1304.89,1331.94,,
40752,1300.67,1304.89,,
40753,1292.28,1300.67,,
40756,1286.94,1292.28,,
40757,1254.05,1286.94,,
40758,1260.34,1254.05,,
40759,1200.07,1260.34,,
40760,1199.38,1200.07,,
40763,1119.46,1199.38,,
40764,1172.53,1119.46,,
40765,1120.76,1172.53,,
40766,1172.64,1120.76,,
40767,1178.81,1172.64,,
40770,1204.49,1178.81,,
40771,1192.76,1204.49,,
40772,1193.89,1192.76,,
40773,1140.65,1193.89,,
40774,1123.53,1140.65,,
40777,1123.82,1123.53,,
40778,1162.35,1123.82,,
40779,1177.6,1162.35,,
40780,1159.27,1177.6,,
40781,1176.8,1159.27,,
40784,1210.09,1176.8,,
40785,1212.92,1210.09,,
40786,1218.89,1212.92,,
40787,1204.42,1218.89,,
40788,1173.97,1204.42,,
40792,1165.24,1173.97,,
40793,1198.62,1165.24,,
40794,1185.9,1198.62,,
40795,1154.23,1185.9,,
40798,1162.27,1154.23,,
40799,1172.87,1162.27,,
40800,1188.68,1172.87,,
40801,1209.11,1188.68,,
40802,1216.01,1209.11,,
40805,1204.09,1216.01,,
40806,1202.09,1204.09,,
40807,1166.76,1202.09,,
40808,1129.56,1166.76,,
40809,1136.43,1129.56,,
40812,1162.95,1136.43,,
40813,1175.38,1162.95,,
40814,1151.06,1175.38,,
40815,1160.4,1151.06,,
40816,1131.42,1160.4,,
40819,1099.23,1131.42,,
40820,1123.95,1099.23,,
40821,1144.03,1123.95,,
40822,1164.97,1144.03,,
40823,1155.46,1164.97,,
40826,1194.89,1155.46,,
40827,1195.54,1194.89,,
40828,1207.25,1195.54,,
40829,1203.66,1207.25,,
40830,1224.58,1203.66,,
40833,1200.86,1224.58,,
40834,1225.38,1200.86,,
40835,1209.88,1225.38,,
40836,1215.39,1209.88,,
40837,1238.25,1215.39,,
40840,1254.2,1238.25,,
40841,1229.05,1254.2,,
40842,1242,1229.05,,
40843,1284.59,1242,,
40844,1285.09,1284.59,,
40847,1253.3,1285.09,,
40848,1218.28,1253.3,,
40849,1237.9,1218.28,,
40850,1261.16,1237.9,,
40851,1253.23,1261.16,,
40854,1261.12,1253.23,,
40855,1275.92,1261.12,,
40856,1229.1,1275.92,,
40857,1239.69,1229.1,,
40858,1263.86,1239.69,,
40861,1251.78,1263.86,,
40862,1257.81,1251.78,,
40863,1236.91,1257.81,,
40864,1216.13,1236.91,,
40865,1215.65,1216.13,,
40868,1192.98,1215.65,,
40869,1188.04,1192.98,,
40870,1161.79,1188.04,,
40872,1158.67,1161.79,,
40875,1192.55,1158.67,,
40876,1195.19,1192.55,,
40877,1246.96,1195.19,,
40878,1244.58,1246.96,,
40879,1244.28,1244.58,,
40882,1257.08,1244.28,,
40883,1258.47,1257.08,,
40884,1261.01,1258.47,,
40885,1234.35,1261.01,,
40886,1255.19,1234.35,,
40889,1236.47,1255.19,,
40890,1225.73,1236.47,,
40891,1211.82,1225.73,,
40892,1215.75,1211.82,,
40893,1219.66,1215.75,,
40896,1205.35,1219.66,,
40897,1241.31,1205.35,,
40898,1243.72,1241.31,,
40899,1254,1243.72,,
40900,1265.33,1254,,
40904,1265.43,1265.33,,
40905,1249.64,1265.43,,
40906,1263.02,1249.64,,
40907,1257.61,1263.02,,
40911,1277.06,1257.61,,
40912,1277.3,1277.06,,
40913,1281.06,1277.3,,
40914,1277.81,1281.06,,
40917,1280.7,1277.81,,
40918,1292.08,1280.7,,
40919,1292.48,1292.08,,
40920,1295.5,1292.48,,
40921,1289.09,1295.5,,
40925,1293.67,1289.09,,
40926,1308.04,1293.67,,
40927,1314.5,1308.04,,
40928,1315.38,1314.5,,
40931,1316,1315.38,,
40932,1314.66,1316,,
40933,1326.05,1314.66,,
40934,1318.43,1326.05,,
40935,1316.33,1318.43,,
40938,1313.01,1316.33,,
40939,1312.41,1313.01,,
40940,1324.09,1312.41,,
40941,1325.54,1324.09,,
40942,1344.9,1325.54,,
40945,1344.33,1344.9,,
40946,1347.05,1344.33,,
40947,1349.96,1347.05,,
40948,1351.95,1349.96,,
40949,1342.64,1351.95,,
40952,1351.77,1342.64,,
40953,1350.5,1351.77,,
40954,1343.23,1350.5,,
40955,1358.04,1343.23,,
40956,1361.23,1358.04,,
40960,1362.21,1361.23,,
40961,1357.66,1362.21,,
40962,1363.46,1357.66,,
40963,1365.74,1363.46,,
40966,1367.59,1365.74,,
40967,1372.18,1367.59,,
40968,1365.68,1372.18,,
40969,1374.09,1365.68,,
40970,1369.63,1374.09,,
40973,1364.34,1369.63,,
40974,1343.36,1364.34,,
40975,1352.63,1343.36,,
40976,1365.91,1352.63,,
40977,1370.87,1365.91,,
40980,1371.09,1370.87,,
40981,1395.95,1371.09,,
40982,1394.28,1395.95,,
40983,1402.6,1394.28,,
40984,1404.17,1402.6,,
40987,1409.75,1404.17,,
40988,1405.52,1409.75,,
40989,1402.9,1405.52,,
40990,1392.79,1402.9,,
40991,1397.11,1392.79,,
40994,1416.51,1397.11,,
40995,1412.52,1416.51,,
40996,1405.54,1412.52,,
40997,1403.28,1405.54,,
40998,1408.47,1403.28,,
41001,1419.04,1408.47,,
41002,1413.38,1419.04,,
41003,1398.96,1413.38,,
41004,1398.08,1398.96,,
41008,1382.2,1398.08,,
41009,1358.59,1382.2,,
41010,1368.71,1358.59,,
41011,1387.57,1368.71,,
41012,1370.26,1387.57,,
41015,1369.57,1370.26,,
41016,1390.78,1369.57,,
41017,1385.14,1390.78,,
41018,1376.92,1385.14,,
41019,1378.53,1376.92,,
41022,1366.94,1378.53,,
41023,1371.97,1366.94,,
41024,1390.69,1371.97,,
41025,1399.98,1390.69,,
41026,1403.36,1399.98,,
41029,1397.91,1403.36,,
41030,1405.82,1397.91,,
41031,1402.31,1405.82,,
41032,1391.57,1402.31,,
41033,1369.1,1391.57,,
41036,1369.58,1369.1,,
41037,1363.72,1369.58,,
41038,1354.58,1363.72,,
41039,1357.99,1354.58,,
41040,1353.39,1357.99,,
41043,1338.35,1353.39,,
41044,1330.66,1338.35,,
41045,1324.8,1330.66,,
41046,1304.86,1324.8,,
41047,1295.22,1304.86,,
41050,1315.99,1295.22,,
41051,1316.63,1315.99,,
41052,1318.86,1316.63,,
41053,1320.68,1318.86,,
41054,1317.82,1320.68,,
41058,1332.42,1317.82,,
41059,1313.32,1332.42,,
41060,1310.33,1313.32,,
41061,1278.05,1310.33,,
41064,1278.18,1278.05,,
41065,1285.5,1278.18,,
41066,1315.13,1285.5,,
41067,1314.99,1315.13,,
41068,1325.66,1314.99,,
41071,1308.93,1325.66,,
41072,1324.18,1308.93,,
41073,1314.88,1324.18,,
41074,1329.1,1314.88,,
41075,1342.84,1329.1,,
41078,1344.78,1342.84,,
41079,1357.98,1344.78,,
41080,1355.69,1357.98,,
41081,1325.51,1355.69,,
41082,1335.02,1325.51,,
41085,1313.72,1335.02,,
41086,1319.99,1313.72,,
41087,1331.85,1319.99,,
41088,1329.04,1331.85,,
41089,1362.16,1329.04,,
41092,1365.51,1362.16,,
41093,1374.02,1365.51,,
41095,1367.58,1374.02,,
41096,1354.68,1367.58,,
41099,1352.46,1354.68,,
41100,1341.47,1352.46,,
41101,1341.46,1341.47,,
41102,1334.76,1341.46,,
41103,1356.78,1334.76,,
41106,1353.64,1356.78,,
41107,1363.67,1353.64,,
41108,1372.78,1363.67,,
41109,1376.51,1372.78,,
41110,1362.66,1376.51,,
41113,1350.52,1362.66,,
41114,1338.31,1350.52,,
41115,1337.89,1338.31,,
41116,1360.02,1337.89,,
41117,1385.97,1360.02,,
41120,1385.3,1385.97,,
41121,1379.32,1385.3,,
41122,1375.14,1379.32,,
41123,1365,1375.14,,
41124,1390.99,1365,,
41127,1394.23,1390.99,,
41128,1401.35,1394.23,,
41129,1402.22,1401.35,,
41130,1402.8,1402.22,,
41131,1405.87,1402.8,,
41134,1404.11,1405.87,,
41135,1403.93,1404.11,,
41136,1405.53,1403.93,,
41137,1415.51,1405.53,,
41138,1418.16,1415.51,,
41141,1418.13,1418.16,,
41142,1413.17,1418.13,,
41143,1413.49,1413.17,,
41144,1402.08,1413.49,,
41145,1411.13,1402.08,,
41148,1410.44,1411.13,,
41149,1409.3,1410.44,,
41150,1410.49,1409.3,,
41151,1399.48,1410.49,,
41152,1406.58,1399.48,,
41156,1404.94,1406.58,,
41157,1403.43,1404.94,,
41158,1432.12,1403.43,,
41159,1437.92,1432.12,,
41162,1429.08,1437.92,,
41163,1433.57,1429.08,,
41164,1436.56,1433.57,,
41165,1459.99,1436.56,,
41166,1465.77,1459.99,,
41169,1461.19,1465.77,,
41170,1459.32,1461.19,,
41171,1461.05,1459.32,,
41172,1460.26,1461.05,,
41173,1460.15,1460.26,,
41176,1456.89,1460.15,,
41177,1441.59,1456.89,,
41178,1433.32,1441.59,,
41179,1447.15,1433.32,,
41180,1440.67,1447.15,,
41183,1444.49,1440.67,,
41184,1445.75,1444.49,,
41185,1450.99,1445.75,,
41186,1461.4,1450.99,,
41187,1460.93,1461.4,,
41190,1455.88,1460.93,,
41191,1441.48,1455.88,,
41192,1432.56,1441.48,,
41193,1432.84,1432.56,,
41194,1428.59,1432.84,,
41197,1440.13,1428.59,,
41198,1454.92,1440.13,,
41199,1460.91,1454.92,,
41200,1457.34,1460.91,,
41201,1433.19,1457.34,,
41204,1433.82,1433.19,,
41205,1413.11,1433.82,,
41206,1408.75,1413.11,,
41207,1412.97,1408.75,,
41208,1411.94,1412.97,,
41213,1412.16,1411.94,,
41214,1427.59,1412.16,,
41215,1414.2,1427.59,,
41218,1417.26,1414.2,,
41219,1428.39,1417.26,,
41220,1394.53,1428.39,,
41221,1377.51,1394.53,,
41222,1379.85,1377.51,,
41225,1380.03,1379.85,,
41226,1374.53,1380.03,,
41227,1355.49,1374.53,,
41228,1353.33,1355.49,,
41229,1359.88,1353.33,,
41232,1386.89,1359.88,,
41233,1387.81,1386.89,,
41234,1391.03,1387.81,,
41236,1409.15,1391.03,,
41239,1406.29,1409.15,,
41240,1398.94,1406.29,,
41241,1409.93,1398.94,,
41242,1415.95,1409.93,,
41243,1416.18,1415.95,,
41246,1409.46,1416.18,,
41247,1407.05,1409.46,,
41248,1409.28,1407.05,,
41249,1413.94,1409.28,,
41250,1418.07,1413.94,,
41253,1418.55,1418.07,,
41254,1427.84,1418.55,,
41255,1428.48,1427.84,,
41256,1419.45,1428.48,,
41257,1413.58,1419.45,,
41260,1430.36,1413.58,,
41261,1446.79,1430.36,,
41262,1435.81,1446.79,,
41263,1443.69,1435.81,,
41264,1430.15,1443.69,,
41267,1426.66,1430.15,,
41269,1419.83,1426.66,,
41270,1418.1,1419.83,,
41271,1402.43,1418.1,,
41274,1426.19,1402.43,,
41276,1462.42,1426.19,,
41277,1459.37,1462.42,,
41278,1466.47,1459.37,,
41281,1461.89,1466.47,,
41282,1457.15,1461.89,,
41283,1461.02,1457.15,,
41284,1472.12,1461.02,,
41285,1472.05,1472.12,,
41288,1470.68,1472.05,,
41289,1472.34,1470.68,,
41290,1472.63,1472.34,,
41291,1480.94,1472.63,,
41292,1485.98,1480.94,,
41296,1492.56,1485.98,,
41297,1494.81,1492.56,,
41298,1494.82,1494.81,,
41299,1502.96,1494.82,,
41302,1500.18,1502.96,,
41303,1507.84,1500.18,,
41304,1501.96,1507.84,,
41305,1498.11,1501.96,,
41306,1513.17,1498.11,,
41309,1495.71,1513.17,,
41310,1511.29,1495.71,,
41311,1512.12,1511.29,,
41312,1509.39,1512.12,,
41313,1517.93,1509.39,,
41316,1517.01,1517.93,,
41317,1519.43,1517.01,,
41318,1520.33,1519.43,,
41319,1521.38,1520.33,,
41320,1519.79,1521.38,,
41324,1530.94,1519.79,,
41325,1511.95,1530.94,,
41326,1502.42,1511.95,,
41327,1515.6,1502.42,,
41330,1487.85,1515.6,,
41331,1496.94,1487.85,,
41332,1515.99,1496.94,,
41333,1514.68,1515.99,,
41334,1518.2,1514.68,,
41337,1525.2,1518.2,,
41338,1539.79,1525.2,,
41339,1541.46,1539.79,,
41340,1544.26,1541.46,,
41341,1551.18,1544.26,,
41344,1556.22,1551.18,,
41345,1552.48,1556.22,,
41346,1554.52,1552.48,,
41347,1563.23,1554.52,,
41348,1560.7,1563.23,,
41351,1552.1,1560.7,,
41352,1548.34,1552.1,,
41353,1558.71,1548.34,,
41354,1545.8,1558.71,,
41355,1556.89,1545.8,,
41358,1551.69,1556.89,,
41359,1563.77,1551.69,,
41360,1562.85,1563.77,,
41361,1569.19,1562.85,,
41365,1562.17,1569.19,,
41366,1570.25,1562.17,,
41367,1553.69,1570.25,,
41368,1559.98,1553.69,,
41369,1553.28,1559.98,,
41372,1563.07,1553.28,,
41373,1568.61,1563.07,,
41374,1587.73,1568.61,,
41375,1593.37,1587.73,,
41376,1588.85,1593.37,,
41379,1552.36,1588.85,,
41380,1574.57,1552.36,,
41381,1552.01,1574.57,,
41382,1541.61,1552.01,,
41383,1555.25,1541.61,,
41386,1562.5,1555.25,,
41387,1578.78,1562.5,,
41388,1578.79,1578.78,,
41389,1585.16,1578.79,,
41390,1582.24,1585.16,,
41393,1593.61,1582.24,,
41394,1597.57,1593.61,,
41395,1582.7,1597.57,,
41396,1597.59,1582.7,,
41397,1614.42,1597.59,,
41400,1617.5,1614.42,,
41401,1625.96,1617.5,,
41402,1632.69,1625.96,,
41403,1626.67,1632.69,,
41404,1633.7,1626.67,,
41407,1633.77,1633.7,,
41408,1650.34,1633.77,,
41409,1658.78,1650.34,,
41410,1650.47,1658.78,,
41411,1667.47,1650.47,,
41414,1666.29,1667.47,,
41415,1669.16,1666.29,,
41416,1655.35,1669.16,,
41417,1650.51,1655.35,,
41418,1649.6,1650.51,,
41422,1660.06,1649.6,,
41423,1648.36,1660.06,,
41424,1654.41,1648.36,,
41425,1630.74,1654.41,,
41428,1640.42,1630.74,,
41429,1631.38,1640.42,,
41430,1608.9,1631.38,,
41431,1622.56,1608.9,,
41432,1643.38,1622.56,,
41435,1642.81,1643.38,,
41436,1626.13,1642.81,,
41437,1612.52,1626.13,,
41438,1636.36,1612.52,,
41439,1626.73,1636.36,,
41442,1639.04,1626.73,,
41443,1651.81,1639.04,,
41444,1628.93,1651.81,,
41445,1588.19,1628.93,,
41446,1592.43,1588.19,,
41449,1573.09,1592.43,,
41450,1588.03,1573.09,,
41451,1603.26,1588.03,,
41452,1613.2,1603.26,,
41453,1606.28,1613.2,,
41456,1614.96,1606.28,,
41457,1614.08,1614.96,,
41458,1615.41,1614.08,,
41460,1631.89,1615.41,,
41463,1640.46,1631.89,,
41464,1652.32,1640.46,,
41465,1652.62,1652.32,,
41466,1675.02,1652.62,,
41467,1680.19,1675.02,,
41470,1682.5,1680.19,,
41471,1676.26,1682.5,,
41472,1680.91,1676.26,,
41473,1689.37,1680.91,,
41474,1692.09,1689.37,,
41477,1695.53,1692.09,,
41478,1692.39,1695.53,,
41479,1685.94,1692.39,,
41480,1690.25,1685.94,,
41481,1691.65,1690.25,,
41484,1685.33,1691.65,,
41485,1685.96,1685.33,,
41486,1685.73,1685.96,,
41487,1706.87,1685.73,,
41488,1709.67,1706.87,,
41491,1707.14,1709.67,,
41492,1697.37,1707.14,,
41493,1690.91,1697.37,,
41494,1697.48,1690.91,,
41495,1691.42,1697.48,,
41498,1689.47,1691.42,,
41499,1694.16,1689.47,,
41500,1685.39,1694.16,,
41501,1661.32,1685.39,,
41502,1655.83,1661.32,,
41505,1646.06,1655.83,,
41506,1652.35,1646.06,,
41507,1642.8,1652.35,,
41508,1656.96,1642.8,,
41509,1663.5,1656.96,,
41512,1656.78,1663.5,,
41513,1630.48,1656.78,,
41514,1634.96,1630.48,,
41515,1638.17,1634.96,,
41516,1632.97,1638.17,,
41520,1639.77,1632.97,,
41521,1653.08,1639.77,,
41522,1655.08,1653.08,,
41523,1655.17,1655.08,,
41526,1671.71,1655.17,,
41527,1683.99,1671.71,,
41528,1689.13,1683.99,,
41529,1683.42,1689.13,,
41530,1687.99,1683.42,,
41533,1697.6,1687.99,,
41534,1704.76,1697.6,,
41535,1725.52,1704.76,,
41536,1722.34,1725.52,,
41537,1709.91,1722.34,,
41540,1701.84,1709.91,,
41541,1697.42,1701.84,,
41542,1692.77,1697.42,,
41543,1698.67,1692.77,,
41544,1691.75,1698.67,,
41547,1681.55,1691.75,,
41548,1695,1681.55,,
41549,1693.87,1695,,
41550,1678.66,1693.87,,
41551,1690.5,1678.66,,
41554,1676.12,1690.5,,
41555,1655.45,1676.12,,
41556,1656.4,1655.45,,
41557,1692.56,1656.4,,
41558,1703.2,1692.56,,
41561,1710.14,1703.2,,
41562,1698.06,1710.14,,
41563,1721.54,1698.06,,
41564,1733.15,1721.54,,
41565,1744.5,1733.15,,
41568,1744.66,1744.5,,
41569,1754.67,1744.66,,
41570,1746.38,1754.67,,
41571,1752.07,1746.38,,
41572,1759.77,1752.07,,
41575,1762.11,1759.77,,
41576,1771.95,1762.11,,
41577,1763.31,1771.95,,
41578,1756.54,1763.31,,
41579,1761.64,1756.54,,
41582,1767.93,1761.64,,
41583,1762.97,1767.93,,
41584,1770.49,1762.97,,
41585,1747.15,1770.49,,
41586,1770.61,1747.15,,
41589,1771.89,1770.61,,
41590,1767.69,1771.89,,
41591,1782,1767.69,,
41592,1790.62,1782,,
41593,1798.18,1790.62,,
41596,1791.53,1798.18,,
41597,1787.87,1791.53,,
41598,1781.37,1787.87,,
41599,1795.85,1781.37,,
41600,1804.76,1795.85,,
41603,1802.48,1804.76,,
41604,1802.75,1802.48,,
41605,1807.23,1802.75,,
41607,1805.81,1807.23,,
41610,1800.9,1805.81,,
41611,1795.15,1800.9,,
41612,1792.81,1795.15,,
41613,1785.03,1792.81,,
41614,1805.09,1785.03,,
41617,1808.37,1805.09,,
41618,1802.62,1808.37,,
41619,1782.22,1802.62,,
41620,1775.5,1782.22,,
41621,1775.32,1775.5,,
41624,1786.54,1775.32,,
41625,1781,1786.54,,
41626,1810.65,1781,,
41627,1809.6,1810.65,,
41628,1818.32,1809.6,,
41631,1827.99,1818.32,,
41632,1833.32,1827.99,,
41634,1842.02,1833.32,,
41635,1841.4,1842.02,,
41638,1841.07,1841.4,,
41639,1848.36,1841.07,,
41641,1831.98,1848.36,,
41642,1831.37,1831.98,,
41645,1826.77,1831.37,,
41646,1837.88,1826.77,,
41647,1837.49,1837.88,,
41648,1838.13,1837.49,,
41649,1842.37,1838.13,,
41652,1819.2,1842.37,,
41653,1838.88,1819.2,,
41654,1848.38,1838.88,,
41655,1845.89,1848.38,,
41656,1838.7,1845.89,,
41660,1843.8,1838.7,,
41661,1844.86,1843.8,,
41662,1828.46,1844.86,,
41663,1790.29,1828.46,,
41666,1781.56,1790.29,,
41667,1792.5,1781.56,,
41668,1774.2,1792.5,,
41669,1794.19,1774.2,,
41670,1782.59,1794.19,,
41673,1741.89,1782.59,,
41674,1755.2,1741.89,,
41675,1751.64,1755.2,,
41676,1773.43,1751.64,,
41677,1797.02,1773.43,,
41680,1799.84,1797.02,,
41681,1819.75,1799.84,,
41682,1819.26,1819.75,,
41683,1829.83,1819.26,,
41684,1838.63,1829.83,,
41688,1840.76,1838.63,,
41689,1828.75,1840.76,,
41690,1839.78,1828.75,,
41691,1836.25,1839.78,,
41694,1847.61,1836.25,,
41695,1845.12,1847.61,,
41696,1845.16,1845.12,,
41697,1854.29,1845.16,,
41698,1859.45,1854.29,,
41701,1845.73,1859.45,,
41702,1873.91,1845.73,,
41703,1873.81,1873.91,,
41704,1877.03,1873.81,,
41705,1878.04,1877.03,,
41708,1877.17,1878.04,,
41709,1867.63,1877.17,,
41710,1868.2,1867.63,,
41711,1846.34,1868.2,,
41712,1841.13,1846.34,,
41715,1858.83,1841.13,,
41716,1872.25,1858.83,,
41717,1860.77,1872.25,,
41718,1872.01,1860.77,,
41719,1866.52,1872.01,,
41722,1857.44,1866.52,,
41723,1865.62,1857.44,,
41724,1852.56,1865.62,,
41725,1849.04,1852.56,,
41726,1857.62,1849.04,,
41729,1872.34,1857.62,,
41730,1885.52,1872.34,,
41731,1890.9,1885.52,,
41732,1888.77,1890.9,,
41733,1865.09,1888.77,,
41736,1845.04,1865.09,,
41737,1851.96,1845.04,,
41738,1872.18,1851.96,,
41739,1833.08,1872.18,,
41740,1815.69,1833.08,,
41743,1830.61,1815.69,,
41744,1842.98,1830.61,,
41745,1862.31,1842.98,,
41746,1864.85,1862.31,,
41750,1871.89,1864.85,,
41751,1879.55,1871.89,,
41752,1875.39,1879.55,,
41753,1878.61,1875.39,,
41754,1863.4,1878.61,,
41757,1869.43,1863.4,,
41758,1878.33,1869.43,,
41759,1883.95,1878.33,,
41760,1883.68,1883.95,,
41761,1881.14,1883.68,,
41764,1884.66,1881.14,,
41765,1867.72,1884.66,,
41766,1878.21,1867.72,,
41767,1875.63,1878.21,,
41768,1878.48,1875.63,,
41771,1896.65,1878.48,,
41772,1897.45,1896.65,,
41773,1888.53,1897.45,,
41774,1870.85,1888.53,,
41775,1877.86,1870.85,,
41778,1885.08,1877.86,,
41779,1872.83,1885.08,,
41780,1888.03,1872.83,,
41781,1892.49,1888.03,,
41782,1900.53,1892.49,,
41786,1911.91,1900.53,,
41787,1909.78,1911.91,,
41788,1920.03,1909.78,,
41789,1923.57,1920.03,,
41792,1924.97,1923.57,,
41793,1924.24,1924.97,,
41794,1927.88,1924.24,,
41795,1940.46,1927.88,,
41796,1949.44,1940.46,,
41799,1951.27,1949.44,,
41800,1950.79,1951.27,,
41801,1943.89,1950.79,,
41802,1930.11,1943.89,,
41803,1936.16,1930.11,,
41806,1937.78,1936.16,,
41807,1941.99,1937.78,,
41808,1956.98,1941.99,,
41809,1959.48,1956.98,,
41810,1962.87,1959.48,,
41813,1962.61,1962.87,,
41814,1949.98,1962.61,,
41815,1959.53,1949.98,,
41816,1957.22,1959.53,,
41817,1960.96,1957.22,,
41820,1960.23,1960.96,,
41821,1973.32,1960.23,,
41822,1974.62,1973.32,,
41823,1985.44,1974.62,,
41827,1977.65,1985.44,,
41828,1963.71,1977.65,,
41829,1972.83,1963.71,,
41830,1964.68,1972.83,,
41831,1967.57,1964.68,,
41834,1977.1,1967.57,,
41835,1973.28,1977.1,,
41836,1981.57,1973.28,,
41837,1958.12,1981.57,,
41838,1978.22,1958.12,,
41841,1973.63,1978.22,,
41842,1983.53,1973.63,,
41843,1987.01,1983.53,,
41844,1987.98,1987.01,,
41845,1978.34,1987.98,,
41848,1978.91,1978.34,,
41849,1969.95,1978.91,,
41850,1970.07,1969.95,,
41851,1930.67,1970.07,,
41852,1925.15,1930.67,,
41855,1938.99,1925.15,,
41856,1920.21,1938.99,,
41857,1920.24,1920.21,,
41858,1909.57,1920.24,,
41859,1931.59,1909.57,,
41862,1936.92,1931.59,,
41863,1933.75,1936.92,,
41864,1946.72,1933.75,,
41865,1955.18,1946.72,,
41866,1955.06,1955.18,,
41869,1971.74,1955.06,,
41870,1981.6,1971.74,,
41871,1986.51,1981.6,,
41872,1992.37,1986.51,,
41873,1988.4,1992.37,,
41876,1997.92,1988.4,,
41877,2000.02,1997.92,,
41878,2000.12,2000.02,,
41879,1996.74,2000.12,,
41880,2003.37,1996.74,,
41884,2002.28,2003.37,,
41885,2000.72,2002.28,,
41886,1997.65,2000.72,,
41887,2007.71,1997.65,,
41890,2001.54,2007.71,,
41891,1988.44,2001.54,,
41892,1995.69,1988.44,,
41893,1997.45,1995.69,,
41894,1985.54,1997.45,,
41897,1984.13,1985.54,,
41898,1998.98,1984.13,,
41899,2001.57,1998.98,,
41900,2011.36,2001.57,,
41901,2010.4,2011.36,,
41904,1994.29,2010.4,,
41905,1982.77,1994.29,,
41906,1998.3,1982.77,,
41907,1965.99,1998.3,,
41908,1982.85,1965.99,,
41911,1977.8,1982.85,,
41912,1972.29,1977.8,,
41913,1946.16,1972.29,,
41914,1946.17,1946.16,,
41915,1967.9,1946.17,,
41918,1964.82,1967.9,,
41919,1935.1,1964.82,,
41920,1968.89,1935.1,,
41921,1928.21,1968.89,,
41922,1906.13,1928.21,,
41925,1874.74,1906.13,,
41926,1877.7,1874.74,,
41927,1862.49,1877.7,,
41928,1862.76,1862.49,,
41929,1886.76,1862.76,,
41932,1904.01,1886.76,,
41933,1941.28,1904.01,,
41934,1927.11,1941.28,,
41935,1950.82,1927.11,,
41936,1964.58,1950.82,,
41939,1961.63,1964.58,,
41940,1985.05,1961.63,,
41941,1982.3,1985.05,,
41942,1994.65,1982.3,,
41943,2018.05,1994.65,,
41946,2017.81,2018.05,,
41947,2012.1,2017.81,,
41948,2023.57,2012.1,,
41949,2031.21,2023.57,,
41950,2031.92,2031.21,,
41953,2038.26,2031.92,,
41954,2039.68,2038.26,,
41955,2038.25,2039.68,,
41956,2039.33,2038.25,,
41957,2039.82,2039.33,,
41960,2041.32,2039.82,,
41961,2051.8,2041.32,,
41962,2048.72,2051.8,,
41963,2052.75,2048.72,,
41964,2063.5,2052.75,,
41967,2069.41,2063.5,,
41968,2067.03,2069.41,,
41969,2072.83,2067.03,,
41971,2067.56,2072.83,,
41974,2053.44,2067.56,,
41975,2066.55,2053.44,,
41976,2074.33,2066.55,,
41977,2071.92,2074.33,,
41978,2075.37,2071.92,,
41981,2060.31,2075.37,,
41982,2059.82,2060.31,,
41983,2026.14,2059.82,,
41984,2035.33,2026.14,,
41985,2002.33,2035.33,,
41988,1989.63,2002.33,,
41989,1972.74,1989.63,,
41990,2012.89,1972.74,,
41991,2061.23,2012.89,,
41992,2070.65,2061.23,,
41995,2078.54,2070.65,,
41996,2082.17,2078.54,,
41997,2081.88,2082.17,,
41999,2088.77,2081.88,,
42002,2090.57,2088.77,,
42003,2080.35,2090.57,,
42004,2058.9,2080.35,,
42006,2058.2,2058.9,,
42009,2020.58,2058.2,,
42010,2002.61,2020.58,,
42011,2025.9,2002.61,,
42012,2062.14,2025.9,,
42013,2044.81,2062.14,,
42016,2028.26,2044.81,,
42017,2023.03,2028.26,,
42018,2011.27,2023.03,,
42019,1992.67,2011.27,,
42020,2019.42,1992.67,,
42024,2022.55,2019.42,,
42025,2032.12,2022.55,,
42026,2063.15,2032.12,,
42027,2051.82,2063.15,,
42030,2057.09,2051.82,,
42031,2029.55,2057.09,,
42032,2002.16,2029.55,,
42033,2021.25,2002.16,,
42034,1994.99,2021.25,,
42037,2020.85,1994.99,,
42038,2050.03,2020.85,,
42039,2041.51,2050.03,,
42040,2062.52,2041.51,,
42041,2055.47,2062.52,,
42044,2046.74,2055.47,,
42045,2068.59,2046.74,,
42046,2068.53,2068.59,,
42047,2088.48,2068.53,,
42048,2096.99,2088.48,,
42052,2100.34,2096.99,,
42053,2099.68,2100.34,,
42054,2097.45,2099.68,,
42055,2110.3,2097.45,,
42058,2109.66,2110.3,,
42059,2115.48,2109.66,,
42060,2113.86,2115.48,,
42061,2110.74,2113.86,,
42062,2104.5,2110.74,,
42065,2117.39,2104.5,,
42066,2107.78,2117.39,,
42067,2098.53,2107.78,,
42068,2101.04,2098.53,,
42069,2071.26,2101.04,,
42072,2079.43,2071.26,,
42073,2044.16,2079.43,,
42074,2040.24,2044.16,,
42075,2065.95,2040.24,,
42076,2053.4,2065.95,,
42079,2081.19,2053.4,,
42080,2074.28,2081.19,,
42081,2099.5,2074.28,,
42082,2089.27,2099.5,,
42083,2108.1,2089.27,,
42086,2104.42,2108.1,,
42087,2091.5,2104.42,,
42088,2061.05,2091.5,,
42089,2056.15,2061.05,,
42090,2061.02,2056.15,,
42093,2086.24,2061.02,,
42094,2067.89,2086.24,,
42095,2059.69,2067.89,,
42096,2066.96,2059.69,,
42100,2080.62,2066.96,,
42101,2076.33,2080.62,,
42102,2081.9,2076.33,,
42103,2091.18,2081.9,,
42104,2102.06,2091.18,,
42107,2092.43,2102.06,,
42108,2095.84,2092.43,,
42109,2106.63,2095.84,,
42110,2104.99,2106.63,,
42111,2081.18,2104.99,,
42114,2100.4,2081.18,,
42115,2097.29,2100.4,,
42116,2107.96,2097.29,,
42117,2112.93,2107.96,,
42118,2117.69,2112.93,,
42121,2108.92,2117.69,,
42122,2114.76,2108.92,,
42123,2106.85,2114.76,,
42124,2085.51,2106.85,,
42125,2108.29,2085.51,,
42128,2114.49,2108.29,,
42129,2089.46,2114.49,,
42130,2080.15,2089.46,,
42131,2088,2080.15,,
42132,2116.1,2088,,
42135,2105.33,2116.1,,
42136,2099.12,2105.33,,
42137,2098.48,2099.12,,
42138,2121.1,2098.48,,
42139,2122.73,2121.1,,
42142,2129.2,2122.73,,
42143,2127.83,2129.2,,
42144,2125.85,2127.83,,
42145,2130.82,2125.85,,
42146,2126.06,2130.82,,
42150,2104.2,2126.06,,
42151,2123.48,2104.2,,
42152,2120.79,2123.48,,
42153,2107.39,2120.79,,
42156,2111.73,2107.39,,
42157,2109.6,2111.73,,
42158,2114.07,2109.6,,
42159,2095.84,2114.07,,
42160,2092.83,2095.84,,
42163,2079.28,2092.83,,
42164,2080.15,2079.28,,
42165,2105.2,2080.15,,
42166,2108.86,2105.2,,
42167,2094.11,2108.86,,
42170,2084.43,2094.11,,
42171,2096.29,2084.43,,
42172,2100.44,2096.29,,
42173,2121.24,2100.44,,
42174,2109.99,2121.24,,
42177,2122.85,2109.99,,
42178,2124.2,2122.85,,
42179,2108.58,2124.2,,
42180,2102.31,2108.58,,
42181,2101.49,2102.31,,
42184,2057.64,2101.49,,
42185,2063.11,2057.64,,
42186,2077.42,2063.11,,
42187,2076.78,2077.42,,
42191,2068.76,2076.78,,
42192,2081.34,2068.76,,
42193,2046.68,2081.34,,
42194,2051.31,2046.68,,
42195,2076.62,2051.31,,
42198,2099.6,2076.62,,
42199,2108.95,2099.6,,
42200,2107.4,2108.95,,
42201,2124.29,2107.4,,
42202,2126.64,2124.29,,
42205,2128.28,2126.64,,
42206,2119.21,2128.28,,
42207,2114.15,2119.21,,
42208,2102.15,2114.15,,
42209,2079.65,2102.15,,
42212,2067.64,2079.65,,
42213,2093.25,2067.64,,
42214,2108.57,2093.25,,
42215,2108.63,2108.57,,
42216,2103.84,2108.63,,
42219,2098.04,2103.84,,
42220,2093.32,2098.04,,
42221,2099.84,2093.32,,
42222,2083.56,2099.84,,
42223,2077.57,2083.56,,
42226,2104.18,2077.57,,
42227,2084.07,2104.18,,
42228,2086.05,2084.07,,
42229,2083.39,2086.05,,
42230,2091.54,2083.39,,
42233,2102.44,2091.54,,
42234,2096.92,2102.44,,
42235,2079.61,2096.92,,
42236,2035.73,2079.61,,
42237,1970.89,2035.73,,
42240,1893.21,1970.89,,
42241,1867.61,1893.21,,
42242,1940.51,1867.61,,
42243,1987.66,1940.51,,
42244,1988.87,1987.66,,
42247,1972.18,1988.87,,
42248,1913.85,1972.18,,
42249,1948.86,1913.85,,
42250,1951.13,1948.86,,
42251,1921.22,1951.13,,
42255,1969.41,1921.22,,
42256,1942.04,1969.41,,
42257,1952.29,1942.04,,
42258,1961.05,1952.29,,
42261,1953.03,1961.05,,
42262,1978.09,1953.03,,
42263,1995.31,1978.09,,
42264,1990.2,1995.31,,
42265,1958.03,1990.2,,
42268,1966.97,1958.03,,
42269,1942.74,1966.97,,
42270,1938.76,1942.74,,
42271,1932.24,1938.76,,
42272,1931.34,1932.24,,
42275,1881.77,1931.34,,
42276,1884.09,1881.77,,
42277,1920.03,1884.09,,
42278,1923.82,1920.03,,
42279,1951.36,1923.82,,
42282,1987.05,1951.36,,
42283,1979.92,1987.05,,
42284,1995.83,1979.92,,
42285,2013.43,1995.83,,
42286,2014.89,2013.43,,
42289,2017.46,2014.89,,
42290,2003.69,2017.46,,
42291,1994.24,2003.69,,
42292,2023.86,1994.24,,
42293,2033.11,2023.86,,
42296,2033.66,2033.11,,
42297,2030.77,2033.66,,
42298,2018.94,2030.77,,
42299,2052.51,2018.94,,
42300,2075.15,2052.51,,
42303,2071.18,2075.15,,
42304,2065.89,2071.18,,
42305,2090.35,2065.89,,
42306,2089.41,2090.35,,
42307,2079.36,2089.41,,
42310,2104.05,2079.36,,
42311,2109.79,2104.05,,
42312,2102.31,2109.79,,
42313,2099.93,2102.31,,
42314,2099.2,2099.93,,
42317,2078.58,2099.2,,
42318,2081.72,2078.58,,
42319,2075,2081.72,,
42320,2045.97,2075,,
42321,2023.04,2045.97,,
42324,2053.19,2023.04,,
42325,2050.44,2053.19,,
42326,2083.58,2050.44,,
42327,2081.24,2083.58,,
42328,2089.17,2081.24,,
42331,2086.59,2089.17,,
42332,2089.14,2086.59,,
42333,2088.87,2089.14,,
42335,2090.11,2088.87,,
42338,2080.41,2090.11,,
42339,2102.63,2080.41,,
42340,2079.51,2102.63,,
42341,2049.62,2079.51,,
42342,2091.69,2049.62,,
42345,2077.07,2091.69,,
42346,2063.59,2077.07,,
42347,2047.62,2063.59,,
42348,2052.23,2047.62,,
42349,2012.37,2052.23,,
42352,2021.94,2012.37,,
42353,2043.41,2021.94,,
42354,2073.07,2043.41,,
42355,2041.89,2073.07,,
42356,2005.55,2041.89,,
42359,2021.15,2005.55,,
42360,2038.97,2021.15,,
42361,2064.29,2038.97,,
42362,2060.99,2064.29,,
42366,2056.5,2060.99,,
42367,2078.36,2056.5,,
42368,2063.36,2078.36,,
42369,2043.94,2063.36,,
42373,2012.66,2043.94,,
42374,2016.71,2012.66,,
42375,1990.26,2016.71,,
42376,1943.09,1990.26,,
42377,1922.03,1943.09,,
42380,1923.67,1922.03,,
42381,1938.68,1923.67,,
42382,1890.28,1938.68,,
42383,1921.84,1890.28,,
42384,1880.33,1921.84,,
42388,1881.33,1880.33,,
42389,1859.33,1881.33,,
42390,1868.99,1859.33,,
42391,1906.9,1868.99,,
42394,1877.08,1906.9,,
42395,1903.63,1877.08,,
42396,1882.95,1903.63,,
42397,1893.36,1882.95,,
42398,1940.24,1893.36,,
42401,1939.38,1940.24,,
42402,1903.03,1939.38,,
42403,1912.53,1903.03,,
42404,1915.45,1912.53,,
42405,1880.05,1915.45,,
42408,1853.44,1880.05,,
42409,1852.21,1853.44,,
42410,1851.86,1852.21,,
42411,1829.08,1851.86,,
42412,1864.78,1829.08,,
42416,1895.58,1864.78,,
42417,1926.82,1895.58,,
42418,1917.83,1926.82,,
42419,1917.78,1917.83,,
42422,1945.5,1917.78,,
42423,1921.27,1945.5,,
42424,1929.8,1921.27,,
42425,1951.7,1929.8,,
42426,1948.05,1951.7,,
42429,1932.23,1948.05,,
42430,1978.35,1932.23,,
42431,1986.45,1978.35,,
42432,1993.4,1986.45,,
42433,1999.99,1993.4,,
42436,2001.76,1999.99,,
42437,1979.26,2001.76,,
42438,1989.26,1979.26,,
42439,1989.57,1989.26,,
42440,2022.19,1989.57,,
42443,2019.64,2022.19,,
42444,2015.93,2019.64,,
42445,2027.22,2015.93,,
42446,2040.59,2027.22,,
42447,2049.58,2040.59,,
42450,2051.6,2049.58,,
42451,2049.8,2051.6,,
42452,2036.71,2049.8,,
42453,2035.94,2036.71,,
42457,2037.05,2035.94,,
42458,2055.01,2037.05,,
42459,2063.95,2055.01,,
42460,2059.74,2063.95,,
42461,2072.78,2059.74,,
42464,2066.13,2072.78,,
42465,2045.17,2066.13,,
42466,2066.66,2045.17,,
42467,2041.91,2066.66,,
42468,2047.6,2041.91,,
42471,2041.99,2047.6,,
42472,2061.72,2041.99,,
42473,2082.42,2061.72,,
42474,2082.78,2082.42,,
42475,2080.73,2082.78,,
42478,2094.34,2080.73,,
42479,2100.8,2094.34,,
42480,2102.4,2100.8,,
42481,2091.48,2102.4,,
42482,2091.58,2091.48,,
42485,2087.79,2091.58,,
42486,2091.7,2087.79,,
42487,2095.15,2091.7,,
42488,2075.81,2095.15,,
42489,2065.3,2075.81,,
42492,2081.43,2065.3,,
42493,2063.37,2081.43,,
42494,2051.12,2063.37,,
42495,2050.63,2051.12,,
42496,2057.14,2050.63,,
42499,2058.69,2057.14,,
42500,2084.39,2058.69,,
42501,2064.46,2084.39,,
42502,2064.11,2064.46,,
42503,2046.61,2064.11,,
42506,2066.66,2046.61,,
42507,2047.21,2066.66,,
42508,2047.63,2047.21,,
42509,2040.04,2047.63,,
42510,2052.32,2040.04,,
42513,2048.04,2052.32,,
42514,2076.06,2048.04,,
42515,2090.54,2076.06,,
42516,2090.1,2090.54,,
42517,2099.06,2090.1,,
42521,2096.96,2099.06,,
42522,2099.33,2096.96,,
42523,2105.26,2099.33,,
42524,2099.13,2105.26,,
42527,2109.41,2099.13,,
42528,2112.13,2109.41,,
42529,2119.12,2112.13,,
42530,2115.48,2119.12,,
42531,2096.07,2115.48,,
42534,2079.06,2096.07,,
42535,2075.32,2079.06,,
42536,2071.5,2075.32,,
42537,2077.99,2071.5,,
42538,2071.22,2077.99,,
42541,2083.25,2071.22,,
42542,2088.9,2083.25,,
42543,2085.45,2088.9,,
42544,2113.32,2085.45,,
42545,2037.41,2113.32,,
42548,2000.54,2037.41,,
42549,2036.09,2000.54,,
42550,2070.77,2036.09,,
42551,2098.86,2070.77,,
42552,2102.95,2098.86,,
42556,2088.55,2102.95,,
42557,2099.73,2088.55,,
42558,2097.9,2099.73,,
42559,2129.9,2097.9,,
42562,2137.16,2129.9,,
42563,2152.14,2137.16,,
42564,2152.43,2152.14,,
42565,2163.75,2152.43,,
42566,2161.74,2163.75,,
42569,2166.89,2161.74,,
42570,2163.78,2166.89,,
42571,2173.02,2163.78,,
42572,2165.17,2173.02,,
42573,2175.03,2165.17,,
42576,2168.48,2175.03,,
42577,2169.18,2168.48,,
42578,2166.58,2169.18,,
42579,2170.06,2166.58,,
42580,2173.6,2170.06,,
42583,2170.84,2173.6,,
42584,2157.03,2170.84,,
42585,2163.79,2157.03,,
42586,2164.25,2163.79,,
42587,2182.87,2164.25,,
42590,2180.89,2182.87,,
42591,2181.74,2180.89,,
42592,2175.49,2181.74,,
42593,2185.79,2175.49,,
42594,2184.05,2185.79,,
42597,2190.15,2184.05,,
42598,2178.15,2190.15,,
42599,2182.22,2178.15,,
42600,2187.02,2182.22,,
42601,2183.87,2187.02,,
42604,2182.64,2183.87,,
42605,2186.9,2182.64,,
42606,2175.44,2186.9,,
42607,2172.47,2175.44,,
42608,2169.04,2172.47,,
42611,2180.38,2169.04,,
42612,2176.12,2180.38,,
42613,2170.95,2176.12,,
42614,2170.86,2170.95,,
42615,2179.98,2170.86,,
42619,2186.48,2179.98,,
42620,2186.16,2186.48,,
42621,2181.3,2186.16,,
42622,2127.81,2181.3,,
42625,2159.04,2127.81,,
42626,2127.02,2159.04,,
42627,2125.77,2127.02,,
42628,2147.26,2125.77,,
42629,2139.16,2147.26,,
42632,2139.12,2139.16,,
42633,2139.76,2139.12,,
42634,2163.12,2139.76,,
42635,2177.18,2163.12,,
42636,2164.69,2177.18,,
42639,2146.1,2164.69,,
42640,2159.93,2146.1,,
42641,2171.37,2159.93,,
42642,2151.13,2171.37,,
42643,2168.27,2151.13,,
42646,2161.2,2168.27,,
42647,2150.49,2161.2,,
42648,2159.73,2150.49,,
42649,2160.77,2159.73,,
42650,2153.74,2160.77,,
42653,2163.66,2153.74,,
42654,2136.73,2163.66,,
42655,2139.18,2136.73,,
42656,2132.55,2139.18,,
42657,2132.98,2132.55,,
42660,2126.5,2132.98,,
42661,2139.6,2126.5,,
42662,2144.29,2139.6,,
42663,2141.34,2144.29,,
42664,2141.16,2141.34,,
42667,2151.33,2141.16,,
42668,2143.16,2151.33,,
42669,2139.43,2143.16,,
42670,2133.04,2139.43,,
42671,2126.41,2133.04,,
42674,2126.15,2126.41,,
42675,2111.72,2126.15,,
42676,2097.94,2111.72,,
42677,2088.66,2097.94,,
42678,2085.18,2088.66,,
42681,2131.52,2085.18,,
42682,2139.56,2131.52,,
42683,2163.26,2139.56,,
42684,2167.48,2163.26,,
42685,2164.45,2167.48,,
42688,2164.2,2164.45,,
42689,2180.39,2164.2,,
42690,2176.94,2180.39,,
42691,2187.12,2176.94,,
42692,2181.9,2187.12,,
42695,2198.18,2181.9,,
42696,2202.94,2198.18,,
42697,2204.72,2202.94,,
42699,2213.35,2204.72,,
42702,2201.72,2213.35,,
42703,2204.66,2201.72,,
42704,2198.81,2204.66,,
42705,2191.08,2198.81,,
42706,2191.95,2191.08,,
42709,2204.71,2191.95,,
42710,2212.23,2204.71,,
42711,2241.35,2212.23,,
42712,2246.19,2241.35,,
42713,2259.53,2246.19,,
42716,2256.96,2259.53,,
42717,2271.72,2256.96,,
42718,2253.28,2271.72,,
42719,2262.03,2253.28,,
42720,2258.07,2262.03,,
42723,2262.53,2258.07,,
42724,2270.76,2262.53,,
42725,2265.18,2270.76,,
42726,2260.96,2265.18,,
42727,2263.79,2260.96,,
42731,2268.88,2263.79,,
42732,2249.92,2268.88,,
42733,2249.26,2249.92,,
42734,2238.83,2249.26,,
42738,2257.83,2238.83,,
42739,2270.75,2257.83,,
42740,2269,2270.75,,
42741,2276.98,2269,,
42744,2268.9,2276.98,,
42745,2268.9,2268.9,,
42746,2275.32,2268.9,,
42747,2270.44,2275.32,,
42748,2274.64,2270.44,,
42752,2267.89,2274.64,,
42753,2271.89,2267.89,,
42754,2263.69,2271.89,,
42755,2271.31,2263.69,,
42758,2265.2,2271.31,,
42759,2280.07,2265.2,,
42760,2298.37,2280.07,,
42761,2296.68,2298.37,,
42762,2294.69,2296.68,,
42765,2280.9,2294.69,,
42766,2278.87,2280.9,,
42767,2279.55,2278.87,,
42768,2280.85,2279.55,,
42769,2297.42,2280.85,,
42772,2292.56,2297.42,,
42773,2293.08,2292.56,,
42774,2294.67,2293.08,,
42775,2307.87,2294.67,,
42776,2316.1,2307.87,,
42779,2328.25,2316.1,,
42780,2337.58,2328.25,,
42781,2349.25,2337.58,,
42782,2347.22,2349.25,,
42783,2351.16,2347.22,,
42787,2365.38,2351.16,,
42788,2362.82,2365.38,,
42789,2363.81,2362.82,,
42790,2367.34,2363.81,,
42793,2369.75,2367.34,,
42794,2363.64,2369.75,,
42795,2395.96,2363.64,,
42796,2381.92,2395.96,,
42797,2383.12,2381.92,,
42800,2375.31,2383.12,,
42801,2368.39,2375.31,,
42802,2362.98,2368.39,,
42803,2364.87,2362.98,,
42804,2372.6,2364.87,,
42807,2373.47,2372.6,,
42808,2365.45,2373.47,,
42809,2385.26,2365.45,,
42810,2381.38,2385.26,,
42811,2378.25,2381.38,,
42814,2373.47,2378.25,,
42815,2344.02,2373.47,,
42816,2348.45,2344.02,,
42817,2345.96,2348.45,,
42818,2343.98,2345.96,,
42821,2341.59,2343.98,,
42822,2358.57,2341.59,,
42823,2361.13,2358.57,,
42824,2368.06,2361.13,,
42825,2362.72,2368.06,,
42828,2358.84,2362.72,,
42829,2360.16,2358.84,,
42830,2352.95,2360.16,,
42831,2357.49,2352.95,,
42832,2355.54,2357.49,,
42835,2357.16,2355.54,,
42836,2353.78,2357.16,,
42837,2344.93,2353.78,,
42838,2328.95,2344.93,,
42842,2349.01,2328.95,,
42843,2342.19,2349.01,,
42844,2338.17,2342.19,,
42845,2355.84,2338.17,,
42846,2348.69,2355.84,,
42849,2374.15,2348.69,,
42850,2388.61,2374.15,,
42851,2387.45,2388.61,,
42852,2388.77,2387.45,,
42853,2384.2,2388.77,,
42856,2388.33,2384.2,,
42857,2391.17,2388.33,,
42858,2388.13,2391.17,,
42859,2389.52,2388.13,,
42860,2399.29,2389.52,,
42863,2399.38,2399.29,,
42864,2396.92,2399.38,,
42865,2399.63,2396.92,,
42866,2394.44,2399.63,,
42867,2390.9,2394.44,,
42870,2402.32,2390.9,,
42871,2400.67,2402.32,,
42872,2357.03,2400.67,,
42873,2365.72,2357.03,,
42874,2381.73,2365.72,,
42877,2394.02,2381.73,,
42878,2398.42,2394.02,,
42879,2404.39,2398.42,,
42880,2415.07,2404.39,,
42881,2415.82,2415.07,,
42885,2412.91,2415.82,,
42886,2411.8,2412.91,,
42887,2430.06,2411.8,,
42888,2439.07,2430.06,,
42891,2436.1,2439.07,,
42892,2429.33,2436.1,,
42893,2433.14,2429.33,,
42894,2433.79,2433.14,,
42895,2431.77,2433.79,,
42898,2429.39,2431.77,,
42899,2440.35,2429.39,,
42900,2437.92,2440.35,,
42901,2432.46,2437.92,,
42902,2433.15,2432.46,,
42905,2453.46,2433.15,,
42906,2437.03,2453.46,,
42907,2435.61,2437.03,,
42908,2434.5,2435.61,,
42909,2438.3,2434.5,,
42912,2439.07,2438.3,,
42913,2419.38,2439.07,,
42914,2440.69,2419.38,,
42915,2419.7,2440.69,,
42916,2423.41,2419.7,,
42919,2429.01,2423.41,,
42921,2432.54,2429.01,,
42922,2409.75,2432.54,,
42923,2425.18,2409.75,,
42926,2427.43,2425.18,,
42927,2425.53,2427.43,,
42928,2443.25,2425.53,,
42929,2447.83,2443.25,,
42930,2459.27,2447.83,,
42933,2459.14,2459.27,,
42934,2460.61,2459.14,,
42935,2473.83,2460.61,,
42936,2473.45,2473.83,,
42937,2472.54,2473.45,,
42940,2469.91,2472.54,,
42941,2477.13,2469.91,,
42942,2477.83,2477.13,,
42943,2475.42,2477.83,,
42944,2472.1,2475.42,,
42947,2470.3,2472.1,,
42948,2476.35,2470.3,,
42949,2477.57,2476.35,,
42950,2472.16,2477.57,,
42951,2476.83,2472.16,,
42954,2480.91,2476.83,,
42955,2474.92,2480.91,,
42956,2474.02,2474.92,,
42957,2438.21,2474.02,,
42958,2441.32,2438.21,,
42961,2465.84,2441.32,,
42962,2464.61,2465.84,,
42963,2468.11,2464.61,,
42964,2430.01,2468.11,,
42965,2425.55,2430.01,,
42968,2428.37,2425.55,,
42969,2452.51,2428.37,,
42970,2444.04,2452.51,,
42971,2438.97,2444.04,,
42972,2443.05,2438.97,,
42975,2444.24,2443.05,,
42976,2446.3,2444.24,,
42977,2457.59,2446.3,,
42978,2471.65,2457.59,,
42979,2476.55,2471.65,,
42983,2457.85,2476.55,,
42984,2465.54,2457.85,,
42985,2465.1,2465.54,,
42986,2461.43,2465.1,,
42989,2488.11,2461.43,,
42990,2496.48,2488.11,,
42991,2498.37,2496.48,,
42992,2495.62,2498.37,,
42993,2500.23,2495.62,,
42996,2503.87,2500.23,,
42997,2506.65,2503.87,,
42998,2508.24,2506.65,,
42999,2500.6,2508.24,,
43000,2502.22,2500.6,,
43003,2496.66,2502.22,,
43004,2496.84,2496.66,,
43005,2507.04,2496.84,,
43006,2510.06,2507.04,,
43007,2519.36,2510.06,,
43010,2529.12,2519.36,,
43011,2534.58,2529.12,,
43012,2537.74,2534.58,,
43013,2552.07,2537.74,,
43014,2549.33,2552.07,,
43017,2544.73,2549.33,,
43018,2550.64,2544.73,,
43019,2555.24,2550.64,,
43020,2550.93,2555.24,,
43021,2553.17,2550.93,,
43024,2557.64,2553.17,,
43025,2559.36,2557.64,,
43026,2561.26,2559.36,,
43027,2562.1,2561.26,,
43028,2575.21,2562.1,,
43031,2564.98,2575.21,,
43032,2569.13,2564.98,,
43033,2557.15,2569.13,,
43034,2560.4,2557.15,,
43035,2581.07,2560.4,,
43038,2572.83,2581.07,,
43039,2575.26,2572.83,,
43040,2579.36,2575.26,,
43041,2579.85,2579.36,,
43042,2587.84,2579.85,,
43045,2591.13,2587.84,,
43046,2590.64,2591.13,,
43047,2594.38,2590.64,,
43048,2584.62,2594.38,,
43049,2582.3,2584.62,,
43052,2584.84,2582.3,,
43053,2578.87,2584.84,,
43054,2564.62,2578.87,,
43055,2585.64,2564.62,,
43056,2578.85,2585.64,,
43059,2582.14,2578.85,,
43060,2599.03,2582.14,,
43061,2597.08,2599.03,,
43063,2602.42,2597.08,,
43066,2601.42,2602.42,,
43067,2627.04,2601.42,,
43068,2626.07,2627.04,,
43069,2647.58,2626.07,,
43070,2642.22,2647.58,,
43073,2639.44,2642.22,,
43074,2629.57,2639.44,,
43075,2629.27,2629.57,,
43076,2636.98,2629.27,,
43077,2651.5,2636.98,,
43080,2659.99,2651.5,,
43081,2664.11,2659.99,,
43082,2662.85,2664.11,,
43083,2652.01,2662.85,,
43084,2675.81,2652.01,,
43087,2690.16,2675.81,,
43088,2681.47,2690.16,,
43089,2679.25,2681.47,,
43090,2684.57,2679.25,,
43091,2683.34,2684.57,,
43095,2680.5,2683.34,,
43096,2682.62,2680.5,,
43097,2687.54,2682.62,,
43098,2673.61,2687.54,,
43102,2695.81,2673.61,,
43103,2713.06,2695.81,,
43104,2723.99,2713.06,,
43105,2743.15,2723.99,,
43108,2747.71,2743.15,,
43109,2751.29,2747.71,,
43110,2748.23,2751.29,,
43111,2767.56,2748.23,,
43112,2786.24,2767.56,,
43116,2776.42,2786.24,,
43117,2802.56,2776.42,,
43118,2798.03,2802.56,,
43119,2810.3,2798.03,,
43122,2832.97,2810.3,,
43123,2839.13,2832.97,,
43124,2837.54,2839.13,,
43125,2839.25,2837.54,,
43126,2872.87,2839.25,,
43129,2853.53,2872.87,,
43130,2822.43,2853.53,,
43131,2823.81,2822.43,,
43132,2821.98,2823.81,,
43133,2762.13,2821.98,,
43136,2648.94,2762.13,,
43137,2695.14,2648.94,,
43138,2681.66,2695.14,,
43139,2581,2681.66,,
43140,2619.55,2581,,
43143,2656,2619.55,,
43144,2662.94,2656,,
43145,2698.63,2662.94,,
43146,2731.2,2698.63,,
43147,2732.22,2731.2,,
43151,2716.26,2732.22,,
43152,2701.33,2716.26,,
43153,2703.96,2701.33,,
43154,2747.3,2703.96,,
43157,2779.6,2747.3,,
43158,2744.28,2779.6,,
43159,2713.83,2744.28,,
43160,2677.67,2713.83,,
43161,2691.25,2677.67,,
43164,2720.94,2691.25,,
43165,2728.12,2720.94,,
43166,2726.8,2728.12,,
43167,2738.97,2726.8,,
43168,2786.57,2738.97,,
43171,2783.02,2786.57,,
43172,2765.31,2783.02,,
43173,2749.48,2765.31,,
43174,2747.33,2749.48,,
43175,2752.01,2747.33,,
43178,2712.92,2752.01,,
43179,2716.94,2712.92,,
43180,2711.93,2716.94,,
43181,2643.69,2711.93,,
43182,2588.26,2643.69,,
43185,2658.55,2588.26,,
43186,2612.62,2658.55,,
43187,2605,2612.62,,
43188,2640.87,2605,,
43192,2581.88,2640.87,,
43193,2614.45,2581.88,,
43194,2644.69,2614.45,,
43195,2662.84,2644.69,,
43196,2604.47,2662.84,,
43199,2613.16,2604.47,,
43200,2656.87,2613.16,,
43201,2642.19,2656.87,,
43202,2663.99,2642.19,,
43203,2656.3,2663.99,,
43206,2677.84,2656.3,,
43207,2706.39,2677.84,,
43208,2708.64,2706.39,,
43209,2693.13,2708.64,,
43210,2670.14,2693.13,,
43213,2670.29,2670.14,,
43214,2634.56,2670.29,,
43215,2639.4,2634.56,,
43216,2666.94,2639.4,,
43217,2669.91,2666.94,,
43220,2648.05,2669.91,,
43221,2654.8,2648.05,,
43222,2635.67,2654.8,,
43223,2629.73,2635.67,,
43224,2663.42,2629.73,,
43227,2672.63,2663.42,,
43228,2671.92,2672.63,,
43229,2697.79,2671.92,,
43230,2723.07,2697.79,,
43231,2727.72,2723.07,,
43234,2730.13,2727.72,,
43235,2711.45,2730.13,,
43236,2722.46,2711.45,,
43237,2720.13,2722.46,,
43238,2712.97,2720.13,,
43241,2733.01,2712.97,,
43242,2724.44,2733.01,,
43243,2733.29,2724.44,,
43244,2727.76,2733.29,,
43245,2721.33,2727.76,,
43249,2689.86,2721.33,,
43250,2724.01,2689.86,,
43251,2705.27,2724.01,,
43252,2734.62,2705.27,,
43255,2746.87,2734.62,,
43256,2748.8,2746.87,,
43257,2772.35,2748.8,,
43258,2770.37,2772.35,,
43259,2779.03,2770.37,,
43262,2782,2779.03,,
43263,2786.85,2782,,
43264,2775.63,2786.85,,
43265,2782.49,2775.63,,
43266,2779.66,2782.49,,
43269,2773.75,2779.66,,
43270,2762.59,2773.75,,
43271,2767.32,2762.59,,
43272,2749.76,2767.32,,
43273,2754.88,2749.76,,
43276,2717.07,2754.88,,
43277,2723.06,2717.07,,
43278,2699.63,2723.06,,
43279,2716.31,2699.63,,
43280,2718.37,2716.31,,
43283,2726.71,2718.37,,
43284,2713.22,2726.71,,
43286,2736.61,2713.22,,
43287,2759.82,2736.61,,
43290,2784.17,2759.82,,
43291,2793.84,2784.17,,
43292,2774.02,2793.84,,
43293,2798.29,2774.02,,
43294,2801.31,2798.29,,
43297,2798.43,2801.31,,
43298,2809.55,2798.43,,
43299,2815.62,2809.55,,
43300,2804.49,2815.62,,
43301,2801.83,2804.49,,
43304,2806.98,2801.83,,
43305,2820.4,2806.98,,
43306,2846.07,2820.4,,
43307,2837.44,2846.07,,
43308,2818.82,2837.44,,
43311,2802.6,2818.82,,
43312,2816.29,2802.6,,
43313,2813.36,2816.29,,
43314,2827.22,2813.36,,
43315,2840.35,2827.22,,
43318,2850.4,2840.35,,
43319,2858.45,2850.4,,
43320,2857.7,2858.45,,
43321,2853.58,2857.7,,
43322,2833.28,2853.58,,
43325,2821.93,2833.28,,
43326,2839.96,2821.93,,
43327,2818.37,2839.96,,
43328,2840.69,2818.37,,
43329,2850.13,2840.69,,
43332,2857.05,2850.13,,
43333,2862.96,2857.05,,
43334,2861.82,2862.96,,
43335,2856.98,2861.82,,
43336,2874.69,2856.98,,
43339,2896.74,2874.69,,
43340,2897.52,2896.74,,
43341,2914.04,2897.52,,
43342,2901.13,2914.04,,
43343,2901.52,2901.13,,
43347,2896.72,2901.52,,
43348,2888.6,2896.72,,
43349,2878.05,2888.6,,
43350,2871.68,2878.05,,
43353,2877.13,2871.68,,
43354,2887.89,2877.13,,
43355,2888.92,2887.89,,
43356,2904.18,2888.92,,
43357,2904.98,2904.18,,
43360,2888.8,2904.98,,
43361,2904.31,2888.8,,
43362,2907.95,2904.31,,
43363,2930.75,2907.95,,
43364,2929.67,2930.75,,
43367,2919.37,2929.67,,
43368,2915.56,2919.37,,
43369,2905.97,2915.56,,
43370,2914,2905.97,,
43371,2913.98,2914,,
43374,2924.59,2913.98,,
43375,2923.43,2924.59,,
43376,2925.51,2923.43,,
43377,2901.61,2925.51,,
43378,2885.57,2901.61,,
43381,2884.43,2885.57,,
43382,2880.34,2884.43,,
43383,2785.68,2880.34,,
43384,2728.37,2785.68,,
43385,2767.13,2728.37,,
43388,2750.79,2767.13,,
43389,2809.92,2750.79,,
43390,2809.21,2809.92,,
43391,2768.78,2809.21,,
43392,2767.78,2768.78,,
43395,2755.88,2767.78,,
43396,2740.69,2755.88,,
43397,2656.1,2740.69,,
43398,2705.57,2656.1,,
43399,2658.69,2705.57,,
43402,2641.25,2658.69,,
43403,2682.63,2641.25,,
43404,2711.74,2682.63,,
43405,2740.37,2711.74,,
43406,2723.06,2740.37,,
43409,2738.31,2723.06,,
43410,2755.45,2738.31,,
43411,2813.89,2755.45,,
43412,2806.83,2813.89,,
43413,2781.01,2806.83,,
43416,2726.22,2781.01,,
43417,2722.18,2726.22,,
43418,2701.58,2722.18,,
43419,2730.2,2701.58,,
43420,2736.27,2730.2,,
43423,2690.73,2736.27,,
43424,2641.89,2690.73,,
43425,2649.93,2641.89,,
43427,2632.56,2649.93,,
43430,2673.45,2632.56,,
43431,2682.17,2673.45,,
43432,2743.79,2682.17,,
43433,2737.76,2743.79,,
43434,2760.17,2737.76,,
43437,2790.37,2760.17,,
43438,2700.06,2790.37,,
43440,2695.95,2700.06,,
43441,2633.08,2695.95,,
43444,2637.72,2633.08,,
43445,2636.78,2637.72,,
43446,2651.07,2636.78,,
43447,2650.54,2651.07,,
43448,2599.95,2650.54,,
43451,2545.94,2599.95,,
43452,2546.16,2545.94,,
43453,2506.96,2546.16,,
43454,2467.42,2506.96,,
43455,2416.62,2467.42,,
43458,2351.1,2416.62,,
43460,2467.7,2351.1,,
43461,2488.83,2467.7,,
43462,2485.74,2488.83,,
43465,2506.85,2485.74,,
43467,2510.03,2506.85,,
43468,2447.89,2510.03,,
43469,2531.94,2447.89,,
43472,2549.69,2531.94,,
43473,2574.41,2549.69,,
43474,2584.96,2574.41,,
43475,2596.64,2584.96,,
43476,2596.26,2596.64,,
43479,2582.61,2596.26,,
43480,2610.3,2582.61,,
43481,2616.1,2610.3,,
43482,2635.96,2616.1,,
43483,2670.71,2635.96,,
43487,2632.9,2670.71,,
43488,2638.7,2632.9,,
43489,2642.33,2638.7,,
43490,2664.76,2642.33,,
43493,2643.85,2664.76,,
43494,2640,2643.85,,
43495,2681.05,2640,,
43496,2704.1,2681.05,,
43497,2706.53,2704.1,,
43500,2724.87,2706.53,,
43501,2737.7,2724.87,,
43502,2731.61,2737.7,,
43503,2706.05,2731.61,,
43504,2707.88,2706.05,,
43507,2709.8,2707.88,,
43508,2744.73,2709.8,,
43509,2753.03,2744.73,,
43510,2745.73,2753.03,,
43511,2775.6,2745.73,,
43515,2779.76,2775.6,,
43516,2784.7,2779.76,,
43517,2774.88,2784.7,,
43518,2792.67,2774.88,,
43521,2796.11,2792.67,,
43522,2793.9,2796.11,,
43523,2792.38,2793.9,,
43524,2784.49,2792.38,,
43525,2803.69,2784.49,,
43528,2792.81,2803.69,,
43529,2789.65,2792.81,,
43530,2771.45,2789.65,,
43531,2748.93,2771.45,,
43532,2743.07,2748.93,,
43535,2783.3,2743.07,,
43536,2791.52,2783.3,,
43537,2810.92,2791.52,,
43538,2808.48,2810.92,,
43539,2822.48,2808.48,,
43542,2832.94,2822.48,,
43543,2832.57,2832.94,,
43544,2824.23,2832.57,,
43545,2854.88,2824.23,,
43546,2800.71,2854.88,,
43549,2798.36,2800.71,,
43550,2818.46,2798.36,,
43551,2805.37,2818.46,,
43552,2815.44,2805.37,,
43553,2834.4,2815.44,,
43556,2867.19,2834.4,,
43557,2867.24,2867.19,,
43558,2873.4,2867.24,,
43559,2879.39,2873.4,,
43560,2892.74,2879.39,,
43563,2895.77,2892.74,,
43564,2878.2,2895.77,,
43565,2888.21,2878.2,,
43566,2888.32,2888.21,,
43567,2907.41,2888.32,,
43570,2905.58,2907.41,,
43571,2907.06,2905.58,,
43572,2900.45,2907.06,,
43573,2905.03,2900.45,,
43577,2907.97,2905.03,,
43578,2933.68,2907.97,,
43579,2927.25,2933.68,,
43580,2926.17,2927.25,,
43581,2939.88,2926.17,,
43584,2943.03,2939.88,,
43585,2945.83,2943.03,,
43586,2923.73,2945.83,,
43587,2917.52,2923.73,,
43588,2945.64,2917.52,,
43591,2932.47,2945.64,,
43592,2884.05,2932.47,,
43593,2879.42,2884.05,,
43594,2870.72,2879.42,,
43595,2881.4,2870.72,,
43598,2811.87,2881.4,,
43599,2834.41,2811.87,,
43600,2850.96,2834.41,,
43601,2876.32,2850.96,,
43602,2859.53,2876.32,,
43605,2840.23,2859.53,,
43606,2864.36,2840.23,,
43607,2856.27,2864.36,,
43608,2822.24,2856.27,,
43609,2826.06,2822.24,,
43613,2802.39,2826.06,,
43614,2783.02,2802.39,,
43615,2788.86,2783.02,,
43616,2752.06,2788.86,,
43619,2744.45,2752.06,,
43620,2803.27,2744.45,,
43621,2826.15,2803.27,,
43622,2843.49,2826.15,,
43623,2873.34,2843.49,,
43626,2886.73,2873.34,,
43627,2885.72,2886.73,,
43628,2879.84,2885.72,,
43629,2891.64,2879.84,,
43630,2886.98,2891.64,,
43633,2889.67,2886.98,,
43634,2917.75,2889.67,,
43635,2926.46,2917.75,,
43636,2954.18,2926.46,,
43637,2950.46,2954.18,,
43640,2945.35,2950.46,,
43641,2917.38,2945.35,,
43642,2913.78,2917.38,,
43643,2924.92,2913.78,,
43644,2941.76,2924.92,,
43647,2964.33,2941.76,,
43648,2973.01,2964.33,,
43649,2995.82,2973.01,,
43651,2990.41,2995.82,,
43654,2975.95,2990.41,,
43655,2979.63,2975.95,,
43656,2993.07,2979.63,,
43657,2999.91,2993.07,,
43658,3013.77,2999.91,,
43661,3014.3,3013.77,,
43662,3004.04,3014.3,,
43663,2984.42,3004.04,,
43664,2995.11,2984.42,,
43665,2976.61,2995.11,,
43668,2985.03,2976.61,,
43669,3005.47,2985.03,,
43670,3019.56,3005.47,,
43671,3003.67,3019.56,,
43672,3025.86,3003.67,,
43675,3020.97,3025.86,,
43676,3013.18,3020.97,,
43677,2980.38,3013.18,,
43678,2953.56,2980.38,,
43679,2932.05,2953.56,,
43682,2844.74,2932.05,,
43683,2881.77,2844.74,,
43684,2883.98,2881.77,,
43685,2938.09,2883.98,,
43686,2918.65,2938.09,,
43689,2883.75,2918.65,,
43690,2926.32,2883.75,,
43691,2840.6,2926.32,,
43692,2847.6,2840.6,,
43693,2888.68,2847.6,,
43696,2923.65,2888.68,,
43697,2900.51,2923.65,,
43698,2924.43,2900.51,,
43699,2922.95,2924.43,,
43700,2847.11,2922.95,,
43703,2878.38,2847.11,,
43704,2869.16,2878.38,,
43705,2887.94,2869.16,,
43706,2924.58,2887.94,,
43707,2926.46,2924.58,,
43711,2906.27,2926.46,,
43712,2937.78,2906.27,,
43713,2976,2937.78,,
43714,2978.71,2976,,
43717,2978.43,2978.71,,
43718,2979.39,2978.43,,
43719,3000.93,2979.39,,
43720,3009.57,3000.93,,
43721,3007.39,3009.57,,
43724,2997.96,3007.39,,
43725,3005.7,2997.96,,
43726,3006.73,3005.7,,
43727,3006.79,3006.73,,
43728,2992.07,3006.79,,
43731,2991.78,2992.07,,
43732,2966.6,2991.78,,
43733,2984.87,2966.6,,
43734,2977.62,2984.87,,
43735,2961.79,2977.62,,
43738,2976.74,2961.79,,
43739,2940.25,2976.74,,
43740,2887.61,2940.25,,
43741,2910.63,2887.61,,
43742,2952.01,2910.63,,
43745,2938.79,2952.01,,
43746,2893.06,2938.79,,
43747,2919.4,2893.06,,
43748,2938.13,2919.4,,
43749,2970.27,2938.13,,
43752,2966.15,2970.27,,
43753,2995.68,2966.15,,
43754,2989.69,2995.68,,
43755,2997.95,2989.69,,
43756,2986.2,2997.95,,
43759,3006.72,2986.2,,
43760,2995.99,3006.72,,
43761,3004.52,2995.99,,
43762,3010.29,3004.52,,
43763,3022.55,3010.29,,
43766,3039.42,3022.55,,
43767,3036.89,3039.42,,
43768,3046.77,3036.89,,
43769,3037.56,3046.77,,
43770,3066.91,3037.56,,
43773,3078.27,3066.91,,
43774,3074.62,3078.27,,
43775,3076.78,3074.62,,
43776,3085.18,3076.78,,
43777,3093.08,3085.18,,
43780,3087.01,3093.08,,
43781,3091.84,3087.01,,
43782,3094.04,3091.84,,
43783,3096.63,3094.04,,
43784,3120.46,3096.63,,
43787,3122.03,3120.46,,
43788,3120.18,3122.03,,
43789,3108.46,3120.18,,
43790,3103.54,3108.46,,
43791,3110.29,3103.54,,
43794,3133.64,3110.29,,
43795,3140.52,3133.64,,
43796,3153.63,3140.52,,
43798,3140.98,3153.63,,
43801,3113.87,3140.98,,
43802,3093.2,3113.87,,
43803,3112.76,3093.2,,
43804,3117.43,3112.76,,
43805,3145.91,3117.43,,
43808,3135.96,3145.91,,
43809,3132.52,3135.96,,
43810,3141.63,3132.52,,
43811,3168.57,3141.63,,
43812,3168.8,3168.57,,
43815,3191.45,3168.8,,
43816,3192.52,3191.45,,
43817,3191.14,3192.52,,
43818,3205.37,3191.14,,
43819,3221.22,3205.37,,
43822,3224.01,3221.22,,
43823,3223.38,3224.01,,
43825,3239.91,3223.38,,
43826,3240.02,3239.91,,
43829,3221.29,3240.02,,
43830,3230.78,3221.29,,
43832,3257.85,3230.78,,
43833,3234.85,3257.85,,
43836,3246.28,3234.85,,
43837,3237.18,3246.28,,
43838,3253.05,3237.18,,
43839,3274.7,3253.05,,
43840,3265.35,3274.7,,
43843,3288.13,3265.35,,
43844,3283.15,3288.13,,
43845,3289.29,3283.15,,
43846,3316.81,3289.29,,
43847,3329.62,3316.81,,
43851,3320.79,3329.62,,
43852,3321.75,3320.79,,
43853,3325.54,3321.75,,
43854,3295.47,3325.54,,
43857,3243.63,3295.47,,
43858,3276.24,3243.63,,
43859,3273.4,3276.24,,
43860,3283.66,3273.4,,
43861,3225.52,3283.66,,
43864,3248.92,3225.52,,
43865,3297.59,3248.92,,
43866,3334.69,3297.59,,
43867,3345.78,3334.69,,
43868,3327.71,3345.78,,
43871,3352.09,3327.71,,
43872,3357.75,3352.09,,
43873,3379.45,3357.75,,
43874,3373.94,3379.45,,
43875,3380.16,3373.94,,
43879,3370.29,3380.16,,
43880,3386.15,3370.29,,
43881,3373.23,3386.15,,
43882,3337.75,3373.23,,
43885,3225.89,3337.75,,
43886,3128.21,3225.89,,
43887,3116.39,3128.21,,
43888,2978.76,3116.39,,
43889,2954.22,2978.76,,
43892,3090.23,2954.22,,
43893,3003.37,3090.23,,
43894,3130.12,3003.37,,
43895,3023.94,3130.12,,
43896,2972.37,3023.94,,
43899,2746.56,2972.37,,
43900,2882.23,2746.56,,
43901,2741.38,2882.23,,
43902,2480.64,2741.38,,
43903,2711.02,2480.64,,
43906,2386.13,2711.02,,
43907,2529.19,2386.13,,
43908,2398.1,2529.19,,
43909,2409.39,2398.1,,
43910,2304.92,2409.39,,
43913,2237.4,2304.92,,
43914,2447.33,2237.4,,
43915,2475.56,2447.33,,
43916,2630.07,2475.56,,
43917,2541.47,2630.07,,
43920,2626.65,2541.47,,
43921,2584.59,2626.65,,
43922,2470.5,2584.59,,
43923,2526.9,2470.5,,
43924,2488.65,2526.9,,
43927,2663.68,2488.65,,
43928,2659.41,2663.68,,
43929,2749.98,2659.41,,
43930,2789.82,2749.98,,
43934,2761.63,2789.82,,
43935,2846.06,2761.63,,
43936,2783.36,2846.06,,
43937,2799.55,2783.36,,
43938,2874.56,2799.55,,
43941,2823.16,2874.56,,
43942,2736.56,2823.16,,
43943,2799.31,2736.56,,
43944,2797.8,2799.31,,
43945,2836.74,2797.8,,
43948,2878.48,2836.74,,
43949,2863.39,2878.48,,
43950,2939.51,2863.39,,
43951,2912.43,2939.51,,
43952,2830.71,2912.43,,
43955,2842.74,2830.71,,
43956,2868.44,2842.74,,
43957,2848.42,2868.44,,
43958,2881.19,2848.42,,
43959,2929.8,2881.19,,
43962,2930.32,2929.8,,
43963,2870.12,2930.32,,
43964,2820,2870.12,,
43965,2852.5,2820,,
43966,2863.7,2852.5,,
43969,2953.91,2863.7,,
43970,2922.94,2953.91,,
43971,2971.61,2922.94,,
43972,2948.51,2971.61,,
43973,2955.45,2948.51,,
43977,2991.77,2955.45,,
43978,3036.13,2991.77,,
43979,3029.73,3036.13,,
43980,3044.31,3029.73,,
43983,3055.73,3044.31,,
43984,3080.82,3055.73,,
43985,3122.87,3080.82,,
43986,3112.35,3122.87,,
43987,3193.93,3112.35,,
43990,3232.39,3193.93,,
43991,3207.18,3232.39,,
43992,3190.14,3207.18,,
43993,3002.1,3190.14,,
43994,3041.31,3002.1,,
43997,3066.59,3041.31,,
43998,3124.74,3066.59,,
43999,3113.49,3124.74,,
44000,3115.34,3113.49,,
44001,3097.74,3115.34,,
44004,3117.86,3097.74,,
44005,3131.29,3117.86,,
44006,3050.33,3131.29,,
44007,3083.76,3050.33,,
44008,3009.05,3083.76,,
44011,3053.24,3009.05,,
44012,3100.29,3053.24,,
44013,3115.86,3100.29,,
44014,3130.01,3115.86,,
44018,3179.72,3130.01,,
44019,3145.32,3179.72,,
44020,3169.94,3145.32,,
44021,3152.05,3169.94,,
44022,3185.04,3152.05,,
44025,3155.22,3185.04,,
44026,3197.52,3155.22,,
44027,3226.56,3197.52,,
44028,3215.57,3226.56,,
44029,3224.73,3215.57,,
44032,3251.84,3224.73,,
44033,3257.3,3251.84,,
44034,3276.02,3257.3,,
44035,3235.66,3276.02,,
44036,3215.63,3235.66,,
44039,3239.41,3215.63,,
44040,3218.44,3239.41,,
44041,3258.44,3218.44,,
44042,3246.22,3258.44,,
44043,3271.12,3246.22,,
44046,3294.61,3271.12,,
44047,3306.51,3294.61,,
44048,3327.77,3306.51,,
44049,3349.16,3327.77,,
44050,3351.28,3349.16,,
44053,3360.47,3351.28,,
44054,3333.69,3360.47,,
44055,3380.35,3333.69,,
44056,3373.43,3380.35,,
44057,3372.85,3373.43,,
44060,3381.99,3372.85,,
44061,3389.78,3381.99,,
44062,3374.85,3389.78,,
44063,3385.51,3374.85,,
44064,3397.16,3385.51,,
44067,3431.28,3397.16,,
44068,3443.62,3431.28,,
44069,3478.73,3443.62,,
44070,3484.55,3478.73,,
44071,3508.01,3484.55,,
44074,3500.31,3508.01,,
44075,3526.65,3500.31,,
44076,3580.84,3526.65,,
44077,3455.06,3580.84,,
44078,3426.96,3455.06,,
44082,3331.84,3426.96,,
44083,3398.96,3331.84,,
44084,3339.19,3398.96,,
44085,3340.97,3339.19,,
44088,3383.54,3340.97,,
44089,3401.2,3383.54,,
44090,3385.49,3401.2,,
44091,3357.01,3385.49,,
44092,3319.47,3357.01,,
44095,3281.06,3319.47,,
44096,3315.57,3281.06,,
44097,3236.92,3315.57,,
44098,3246.59,3236.92,,
44099,3298.46,3246.59,,
44102,3351.6,3298.46,,
44103,3335.47,3351.6,,
44104,3363,3335.47,,
44105,3380.8,3363,,
44106,3348.44,3380.8,,
44109,3408.63,3348.44,,
44110,3360.95,3408.63,,
44111,3419.45,3360.95,,
44112,3446.83,3419.45,,
44113,3477.13,3446.83,,
44116,3534.22,3477.13,,
44117,3511.93,3534.22,,
44118,3488.67,3511.93,,
44119,3483.34,3488.67,,
44120,3483.81,3483.34,,
44123,3426.92,3483.81,,
44124,3443.12,3426.92,,
44125,3435.56,3443.12,,
44126,3453.49,3435.56,,
44127,3465.39,3453.49,,
44130,3400.97,3465.39,,
44131,3390.68,3400.97,,
44132,3271.03,3390.68,,
44133,3310.11,3271.03,,
44134,3269.96,3310.11,,
44137,3310.24,3269.96,,
44138,3369.16,3310.24,,
44139,3443.44,3369.16,,
44140,3510.45,3443.44,,
44141,3509.44,3510.45,,
44144,3550.5,3509.44,,
44145,3545.53,3550.5,,
44146,3572.66,3545.53,,
44147,3537.01,3572.66,,
44148,3585.15,3537.01,,
44151,3626.91,3585.15,,
44152,3609.53,3626.91,,
44153,3567.79,3609.53,,
44154,3581.87,3567.79,,
44155,3557.54,3581.87,,
44158,3577.59,3557.54,,
44159,3635.41,3577.59,,
44160,3629.65,3635.41,,
44162,3638.35,3629.65,,
44165,3621.63,3638.35,,
44166,3662.45,3621.63,,
44167,3669.01,3662.45,,
44168,3666.72,3669.01,,
44169,3699.12,3666.72,,
44172,3691.96,3699.12,,
44173,3702.25,3691.96,,
44174,3672.82,3702.25,,
44175,3668.1,3672.82,,
44176,3663.46,3668.1,,
44179,3647.49,3663.46,,
44180,3694.62,3647.49,,
44181,3701.17,3694.62,,
44182,3722.48,3701.17,,
44183,3709.41,3722.48,,
44186,3694.92,3709.41,,
44187,3687.26,3694.92,,
44188,3690.01,3687.26,,
44189,3703.06,3690.01,,
44193,3735.36,3703.06,,
44194,3727.04,3735.36,,
44195,3732.04,3727.04,,
44196,3756.07,3732.04,,
44200,3700.65,3756.07,,
44201,3726.86,3700.65,,
44202,3748.14,3726.86,,
44203,3803.79,3748.14,,
44204,3824.68,3803.79,,
44207,3799.61,3824.68,,
44208,3801.19,3799.61,,
44209,3809.84,3801.19,,
44210,3795.54,3809.84,,
44211,3768.25,3795.54,,
44215,3798.91,3768.25,,
44216,3851.85,3798.91,,
44217,3853.07,3851.85,,
44218,3841.47,3853.07,,
44221,3855.36,3841.47,,
44222,3849.62,3855.36,,
44223,3750.77,3849.62,,
44224,3787.38,3750.77,,
44225,3714.24,3787.38,,
44228,3773.86,3714.24,,
44229,3826.31,3773.86,,
44230,3830.17,3826.31,,
44231,3871.74,3830.17,,
44232,3886.83,3871.74,,
44235,3915.59,3886.83,,
44236,3911.23,3915.59,,
44237,3909.88,3911.23,,
44238,3916.38,3909.88,,
44239,3934.83,3916.38,,
44243,3932.59,3934.83,,
44244,3931.33,3932.59,,
44245,3913.97,3931.33,,
44246,3906.71,3913.97,,
44249,3876.5,3906.71,,
44250,3881.37,3876.5,,
44251,3925.43,3881.37,,
44252,3829.34,3925.43,,
44253,3811.15,3829.34,,
44256,3901.82,3811.15,,
44257,3870.29,3901.82,,
44258,3819.72,3870.29,,
44259,3768.47,3819.72,,
44260,3841.94,3768.47,,
44263,3821.35,3841.94,,
44264,3875.44,3821.35,,
44265,3898.81,3875.44,,
44266,3939.34,3898.81,,
44267,3943.34,3939.34,,
44270,3968.94,3943.34,,
44271,3962.71,3968.94,,
44272,3974.12,3962.71,,
44273,3915.46,3974.12,,
44274,3913.1,3915.46,,
44277,3940.59,3913.1,,
44278,3910.52,3940.59,,
44279,3889.14,3910.52,,
44280,3909.52,3889.14,,
44281,3974.54,3909.52,,
44284,3971.09,3974.54,,
44285,3958.55,3971.09,,
44286,3972.89,3958.55,,
44287,4019.87,3972.89,,
44291,4077.91,4019.87,,
44292,4073.94,4077.91,,
44293,4079.95,4073.94,,
44294,4097.17,4079.95,,
44295,4128.8,4097.17,,
44298,4127.99,4128.8,,
44299,4141.59,4127.99,,
44300,4124.66,4141.59,,
44301,4170.42,4124.66,,
44302,4185.47,4170.42,,
44305,4163.26,4185.47,,
44306,4134.94,4163.26,,
44307,4173.42,4134.94,,
44308,4134.98,4173.42,,
44309,4180.17,4134.98,,
44312,4187.62,4180.17,,
44313,4186.72,4187.62,,
44314,4183.18,4186.72,,
44315,4211.47,4183.18,,
44316,4181.17,4211.47,,
44319,4192.66,4181.17,,
44320,4164.66,4192.66,,
44321,4167.59,4164.66,,
44322,4201.62,4167.59,,
44323,4232.6,4201.62,,
44326,4188.43,4232.6,,
44327,4152.1,4188.43,,
44328,4063.04,4152.1,,
44329,4112.5,4063.04,,
44330,4173.85,4112.5,,
44333,4163.29,4173.85,,
44334,4127.83,4163.29,,
44335,4115.68,4127.83,,
44336,4159.12,4115.68,,
44337,4155.86,4159.12,,
44340,4197.05,4155.86,,
44341,4188.13,4197.05,,
44342,4195.99,4188.13,,
44343,4200.88,4195.99,,
44344,4204.11,4200.88,,
44348,4202.04,4204.11,,
44349,4208.12,4202.04,,
44350,4192.85,4208.12,,
44351,4229.89,4192.85,,
44354,4226.52,4229.89,,
44355,4227.26,4226.52,,
44356,4219.55,4227.26,,
44357,4239.18,4219.55,,
44358,4247.44,4239.18,,
44361,4255.15,4247.44,,
44362,4246.59,4255.15,,
44363,4223.7,4246.59,,
44364,4221.86,4223.7,,
44365,4166.45,4221.86,,
44368,4224.79,4166.45,,
44369,4246.44,4224.79,,
44370,4241.84,4246.44,,
44371,4266.49,4241.84,,
44372,4280.7,4266.49,,
44375,4290.61,4280.7,,
44376,4291.8,4290.61,,
44377,4297.5,4291.8,,
44378,4319.94,4297.5,,
44379,4352.34,4319.94,,
44383,4343.54,4352.34,,
44384,4358.13,4343.54,,
44385,4320.82,4358.13,,
44386,4369.55,4320.82,,
44389,4384.63,4369.55,,
44390,4369.21,4384.63,,
44391,4374.3,4369.21,,
44392,4360.03,4374.3,,
44393,4327.16,4360.03,,
44396,4258.49,4327.16,,
44397,4323.06,4258.49,,
44398,4358.69,4323.06,,
44399,4367.48,4358.69,,
44400,4411.79,4367.48,,
44403,4422.3,4411.79,,
44404,4401.46,4422.3,,
44405,4400.64,4401.46,,
44406,4419.15,4400.64,,
44407,4395.26,4419.15,,
44410,4387.16,4395.26,,
44411,4423.15,4387.16,,
44412,4402.66,4423.15,,
44413,4429.1,4402.66,,
44414,4436.52,4429.1,,
44417,4432.35,4436.52,,
44418,4436.75,4432.35,,
44419,4447.7,4436.75,,
44420,4460.83,4447.7,,
44421,4468,4460.83,,
44424,4479.71,4468,,
44425,4448.08,4479.71,,
44426,4400.27,4448.08,,
44427,4405.8,4400.27,,
44428,4441.67,4405.8,,
44431,4479.53,4441.67,,
44432,4486.23,4479.53,,
44433,4496.19,4486.23,,
44434,4470,4496.19,,
44435,4509.37,4470,,
44438,4528.79,4509.37,,
44439,4522.68,4528.79,,
44440,4524.09,4522.68,,
44441,4536.95,4524.09,,
44442,4535.43,4536.95,,
44446,4520.03,4535.43,,
44447,4514.07,4520.03,,
44448,4493.28,4514.07,,
44449,4458.58,4493.28,,
44452,4468.73,4458.58,,
44453,4443.05,4468.73,,
44454,4480.7,4443.05,,
44455,4473.75,4480.7,,
44456,4432.99,4473.75,,
44459,4357.73,4432.99,,
44460,4354.19,4357.73,,
44461,4395.64,4354.19,,
44462,4448.98,4395.64,,
44463,4455.48,4448.98,,
44466,4443.11,4455.48,,
44467,4352.63,4443.11,,
44468,4359.46,4352.63,,
44469,4307.54,4359.46,,
44470,4357.04,4307.54,,
44473,4300.46,4357.04,,
44474,4345.72,4300.46,,
44475,4363.55,4345.72,,
44476,4399.76,4363.55,,
44477,4391.34,4399.76,,
44480,4361.19,4391.34,,
44481,4350.65,4361.19,,
44482,4363.8,4350.65,,
44483,4438.26,4363.8,,
44484,4471.37,4438.26,,
44487,4486.46,4471.37,,
44488,4519.63,4486.46,,
44489,4536.19,4519.63,,
44490,4549.78,4536.19,,
44491,4544.9,4549.78,,
44494,4566.48,4544.9,,
44495,4574.79,4566.48,,
44496,4551.68,4574.79,,
44497,4596.42,4551.68,,
44498,4605.38,4596.42,,
44501,4613.67,4605.38,,
44502,4630.65,4613.67,,
44503,4660.57,4630.65,,
44504,4680.06,4660.57,,
44505,4697.53,4680.06,,
44508,4701.7,4697.53,,
44509,4685.25,4701.7,,
44510,4646.71,4685.25,,
44511,4649.27,4646.71,,
44512,4682.85,4649.27,,
44515,4682.8,4682.85,,
44516,4700.9,4682.8,,
44517,4688.67,4700.9,,
44518,4704.54,4688.67,,
44519,4697.96,4704.54,,
44522,4682.94,4697.96,,
44523,4690.7,4682.94,,
44524,4701.46,4690.7,,
44526,4594.62,4701.46,,
44529,4655.27,4594.62,,
44530,4567,4655.27,,
44531,4513.04,4567,,
44532,4577.1,4513.04,,
44533,4538.43,4577.1,,
44536,4591.67,4538.43,,
44537,4686.75,4591.67,,
44538,4701.21,4686.75,,
44539,4667.45,4701.21,,
44540,4712.02,4667.45,,
44543,4668.97,4712.02,,
44544,4634.09,4668.97,,
44545,4709.85,4634.09,,
44546,4668.67,4709.85,,
44547,4620.64,4668.67,,
44550,4568.02,4620.64,,
44551,4649.23,4568.02,,
44552,4696.56,4649.23,,
44553,4725.79,4696.56,,
44557,4791.19,4725.79,,
44558,4786.35,4791.19,,
44559,4793.06,4786.35,,
44560,4778.73,4793.06,,
44561,4766.18,4778.73,,
44564,4796.56,4766.18,,
44565,4793.54,4796.56,,
44566,4700.58,4793.54,,
44567,4696.05,4700.58,,
44568,4677.03,4696.05,,
44571,4670.29,4677.03,,
44572,4713.07,4670.29,,
44573,4726.35,4713.07,,
44574,4659.03,4726.35,,
44575,4662.85,4659.03,,
44579,4577.11,4662.85,,
44580,4532.76,4577.11,,
44581,4482.73,4532.76,,
44582,4397.94,4482.73,,
44585,4410.13,4397.94,,
44586,4356.45,4410.13,,
44587,4349.93,4356.45,,
44588,4326.51,4349.93,,
44589,4431.85,4326.51,,
44592,4515.55,4431.85,,
44593,4546.54,4515.55,,
44594,4589.38,4546.54,,
44595,4477.44,4589.38,,
44596,4500.53,4477.44,,
44599,4483.87,4500.53,,
44600,4521.54,4483.87,,
44601,4587.18,4521.54,,
44602,4504.08,4587.18,,
44603,4418.64,4504.08,,
44606,4401.67,4418.64,,
44607,4471.07,4401.67,,
44608,4475.01,4471.07,,
44609,4380.26,4475.01,,
44610,4348.87,4380.26,,
44614,4304.76,4348.87,,
44615,4225.5,4304.76,,
44616,4288.7,4225.5,,
44617,4384.65,4288.7,,
44620,4373.94,4384.65,,
44621,4306.26,4373.94,,
44622,4386.54,4306.26,,
44623,4363.49,4386.54,,
44624,4328.87,4363.49,,
44627,4201.09,4328.87,,
44628,4170.7,4201.09,,
44629,4277.88,4170.7,,
44630,4259.52,4277.88,,
44631,4204.31,4259.52,,
44634,4173.11,4204.31,,
44635,4262.45,4173.11,,
44636,4357.86,4262.45,,
44637,4411.67,4357.86,,
44638,4463.12,4411.67,,
44641,4461.18,4463.12,,
44642,4511.61,4461.18,,
44643,4456.24,4511.61,,
44644,4520.16,4456.24,,
44645,4543.06,4520.16,,
44648,4575.52,4543.06,,
44649,4631.6,4575.52,,
44650,4602.45,4631.6,,
44651,4530.41,4602.45,,
44652,4545.86,4530.41,,
44655,4582.64,4545.86,,
44656,4525.12,4582.64,,
44657,4481.15,4525.12,,
44658,4500.21,4481.15,,
44659,4488.28,4500.21,,
44662,4412.53,4488.28,,
44663,4397.45,4412.53,,
44664,4446.59,4397.45,,
44665,4392.59,4446.59,,
44669,4391.69,4392.59,,
44670,4462.21,4391.69,,
44671,4459.45,4462.21,,
44672,4393.66,4459.45,,
44673,4271.78,4393.66,,
44676,4296.12,4271.78,,
44677,4175.2,4296.12,,
44678,4183.96,4175.2,,
44679,4287.5,4183.96,,
44680,4131.93,4287.5,,
44683,4155.38,4131.93,,
44684,4175.48,4155.38,,
44685,4300.17,4175.48,,
44686,4146.87,4300.17,,
44687,4123.34,4146.87,,
44690,3991.24,4123.34,,
44691,4001.05,3991.24,,
44692,3935.18,4001.05,,
44693,3930.08,3935.18,,
44694,4023.89,3930.08,,
44697,4008.01,4023.89,,
44698,4088.85,4008.01,,
44699,3923.68,4088.85,,
44700,3900.79,3923.68,,
44701,3901.36,3900.79,,
44704,3973.75,3901.36,,
44705,3941.48,3973.75,,
44706,3978.73,3941.48,,
44707,4057.84,3978.73,,
44708,4158.24,4057.84,,
44712,4132.15,4158.24,,
44713,4101.23,4132.15,,
44714,4176.82,4101.23,,
44715,4108.54,4176.82,,
44718,4121.43,4108.54,,
44719,4160.68,4121.43,,
44720,4115.77,4160.68,,
44721,4017.82,4115.77,,
44722,3900.86,4017.82,,
44725,3749.63,3900.86,,
44726,3735.48,3749.63,,
44727,3789.99,3735.48,,
44728,3666.77,3789.99,,
44729,3674.84,3666.77,,
44733,3764.79,3674.84,,
44734,3759.89,3764.79,,
44735,3795.73,3759.89,,
44736,3911.74,3795.73,,
44739,3900.11,3911.74,,
44740,3821.55,3900.11,,
44741,3818.83,3821.55,,
44742,3785.38,3818.83,,
44743,3825.33,3785.38,,
44747,3831.39,3825.33,,
44748,3845.08,3831.39,,
44749,3902.62,3845.08,,
44750,3899.38,3902.62,,
44753,3854.43,3899.38,,
44754,3818.8,3854.43,,
44755,3801.78,3818.8,,
44756,3790.38,3801.78,,
44757,3863.16,3790.38,,
44760,3830.85,3863.16,,
44761,3936.69,3830.85,,
44762,3959.9,3936.69,,
44763,3998.95,3959.9,,
44764,3961.63,3998.95,,
44767,3966.84,3961.63,,
44768,3921.05,3966.84,,
44769,4023.61,3921.05,,
44770,4072.43,4023.61,,
44771,4130.29,4072.43,,
44774,4118.63,4130.29,,
44775,4091.19,4118.63,,
44776,4155.17,4091.19,,
44777,4151.94,4155.17,,
44778,4145.19,4151.94,,
44781,4140.06,4145.19,,
44782,4122.47,4140.06,,
44783,4210.24,4122.47,,
44784,4207.27,4210.24,,
44785,4280.15,4207.27,,
44788,4297.14,4280.15,,
44789,4305.2,4297.14,,
44790,4274.04,4305.2,,
44791,4283.74,4274.04,,
44792,4228.48,4283.74,,
44795,4137.99,4228.48,,
44796,4128.73,4137.99,,
44797,4140.77,4128.73,,
44798,4199.12,4140.77,,
44799,4057.66,4199.12,,
44802,4030.61,4057.66,,
44803,3986.16,4030.61,,
44804,3955,3986.16,,
44805,3966.85,3955,,
44806,3924.26,3966.85,,
44810,3908.19,3924.26,,
44811,3979.87,3908.19,,
44812,4006.18,3979.87,,
44813,4067.36,4006.18,,
44816,4110.41,4067.36,,
44817,3932.69,4110.41,,
44818,3946.01,3932.69,,
44819,3901.35,3946.01,,
44820,3873.33,3901.35,,
44823,3899.89,3873.33,,
44824,3855.93,3899.89,,
44825,3789.93,3855.93,,
44826,3757.99,3789.93,,
44827,3693.23,3757.99,,
44830,3655.04,3693.23,,
44831,3647.29,3655.04,,
44832,3719.04,3647.29,,
44833,3640.47,3719.04,,
44834,3585.62,3640.47,,
44837,3678.43,3585.62,,
44838,3790.93,3678.43,,
44839,3783.28,3790.93,,
44840,3744.52,3783.28,,
44841,3639.66,3744.52,,
44844,3612.39,3639.66,,
44845,3588.84,3612.39,,
44846,3577.03,3588.84,,
44847,3669.91,3577.03,,
44848,3583.07,3669.91,,
44851,3677.95,3583.07,,
44852,3719.98,3677.95,,
44853,3695.16,3719.98,,
44854,3665.78,3695.16,,
44855,3752.75,3665.78,,
44858,3797.34,3752.75,,
44859,3859.11,3797.34,,
44860,3830.6,3859.11,,
44861,3807.3,3830.6,,
44862,3901.06,3807.3,,
44865,3871.98,3901.06,,
44866,3856.1,3871.98,,
44867,3759.69,3856.1,,
44868,3719.89,3759.69,,
44869,3770.55,3719.89,,
44872,3806.8,3770.55,,
44873,3828.11,3806.8,,
44874,3748.57,3828.11,,
44875,3956.37,3748.57,,
44876,3992.93,3956.37,,
44879,3957.25,3992.93,,
44880,3991.73,3957.25,,
44881,3958.79,3991.73,,
44882,3946.56,3958.79,,
44883,3965.34,3946.56,,
44886,3949.94,3965.34,,
44887,4003.58,3949.94,,
44888,4027.26,4003.58,,
44890,4026.12,4027.26,,
44893,3963.94,4026.12,,
44894,3957.63,3963.94,,
44895,4080.11,3957.63,,
44896,4076.57,4080.11,,
44897,4071.7,4076.57,,
44900,3998.84,4071.7,,
44901,3941.26,3998.84,,
44902,3933.92,3941.26,,
44903,3963.51,3933.92,,
44904,3934.38,3963.51,,
44907,3990.56,3934.38,,
44908,4019.65,3990.56,,
44909,3995.32,4019.65,,
44910,3895.75,3995.32,,
44911,3852.36,3895.75,,
44914,3817.66,3852.36,,
44915,3821.62,3817.66,,
44916,3878.44,3821.62,,
44917,3822.39,3878.44,,
44918,3844.82,3822.39,,
44922,3829.25,3844.82,,
44923,3783.22,3829.25,,
44924,3849.28,3783.22,,
44925,3839.5,3849.28,,
44929,3824.14,3839.5,,
44930,3852.97,3824.14,,
44931,3808.1,3852.97,,
44932,3895.08,3808.1,,
44935,3892.09,3895.08,,
44936,3919.25,3892.09,,
44937,3969.61,3919.25,,
44938,3983.17,3969.61,,
44939,3999.09,3983.17,,
44943,3990.97,3999.09,,
44944,3928.86,3990.97,,
44945,3898.85,3928.86,,
44946,3972.61,3898.85,,
44949,4019.81,3972.61,,
44950,4016.95,4019.81,,
44951,4016.22,4016.95,,
44952,4060.43,4016.22,,
44953,4070.56,4060.43,,
44956,4017.77,4070.56,,
44957,4076.6,4017.77,,
44958,4119.21,4076.6,,
44959,4179.76,4119.21,,
44960,4136.48,4179.76,,
44963,4111.08,4136.48,,
44964,4164,4111.08,,
44965,4117.86,4164,,
44966,4081.5,4117.86,,
44967,4090.46,4081.5,,
44970,4137.29,4090.46,,
44971,4136.13,4137.29,,
44972,4147.6,4136.13,,
44973,4090.41,4147.6,,
44974,4079.09,4090.41,,
44978,3997.34,4079.09,,
44979,3991.05,3997.34,,
44980,4012.32,3991.05,,
44981,3970.04,4012.32,,
44984,3982.24,3970.04,,
44985,3970.15,3982.24,,
44986,3951.39,3970.15,,
44987,3981.35,3951.39,,
44988,4045.64,3981.35,,
44991,4048.42,4045.64,,
44992,3986.37,4048.42,,
44993,3992.01,3986.37,,
44994,3918.32,3992.01,,
44995,3861.59,3918.32,,
44998,3855.76,3861.59,,
44999,3919.29,3855.76,,
45000,3891.93,3919.29,,
45001,3960.28,3891.93,,
45002,3916.64,3960.28,,
45005,3951.57,3916.64,,
45006,4002.87,3951.57,,
45007,3936.97,4002.87,,
45008,3948.72,3936.97,,
45009,3970.99,3948.72,,
45012,3977.53,3970.99,,
45013,3971.27,3977.53,,
45014,4027.81,3971.27,,
45015,4050.83,4027.81,,
45016,4109.31,4050.83,,
45019,4124.51,4109.31,,
45020,4100.6,4124.51,,
45021,4090.38,4100.6,,
45022,4105.02,4090.38,,
45026,4109.11,4105.02,,
45027,4108.94,4109.11,,
45028,4091.95,4108.94,,
45029,4146.22,4091.95,,
45030,4137.64,4146.22,,
45033,4151.32,4137.64,,
45034,4154.87,4151.32,,
45035,4154.52,4154.87,,
45036,4129.79,4154.52,,
45037,4133.52,4129.79,,
45040,4137.04,4133.52,,
45041,4071.63,4137.04,,
45042,4055.99,4071.63,,
45043,4135.35,4055.99,,
45044,4169.48,4135.35,,
45047,4167.87,4169.48,,
45048,4119.58,4167.87,,
45049,4090.75,4119.58,,
45050,4061.22,4090.75,,
45051,4136.25,4061.22,,
45054,4138.12,4136.25,,
45055,4119.17,4138.12,,
45056,4137.64,4119.17,,
45057,4130.62,4137.64,,
45058,4124.08,4130.62,,
45061,4136.28,4124.08,,
45062,4109.9,4136.28,,
45063,4158.77,4109.9,,
45064,4198.05,4158.77,,
45065,4191.98,4198.05,,
45068,4192.63,4191.98,,
45069,4145.58,4192.63,,
45070,4115.24,4145.58,,
45071,4151.28,4115.24,,
45072,4205.45,4151.28,,
45076,4205.52,4205.45,,
45077,4179.83,4205.52,,
45078,4221.02,4179.83,,
45079,4282.37,4221.02,,
45082,4273.79,4282.37,,
45083,4283.85,4273.79,,
45084,4267.52,4283.85,,
45085,4293.93,4267.52,,
45086,4298.86,4293.93,,
45089,4338.93,4298.86,,
45090,4369.01,4338.93,,
45091,4372.59,4369.01,,
45092,4425.84,4372.59,,
45093,4409.59,4425.84,,
45097,4388.71,4409.59,,
45098,4365.69,4388.71,,
45099,4381.89,4365.69,,
45100,4348.33,4381.89,,
45103,4328.82,4348.33,,
45104,4378.41,4328.82,,
45105,4376.86,4378.41,,
45106,4396.44,4376.86,,
45107,4450.38,4396.44,,
45110,4455.59,4450.38,,
45112,4446.82,4455.59,,
45113,4411.59,4446.82,,
45114,4398.95,4411.59,,
45117,4409.53,4398.95,,
45118,4439.26,4409.53,,
45119,4472.16,4439.26,,
45120,4510.04,4472.16,,
45121,4505.42,4510.04,,
45124,4522.79,4505.42,,
45125,4554.98,4522.79,,
45126,4565.72,4554.98,,
45127,4534.87,4565.72,,
45128,4536.34,4534.87,,
45131,4554.64,4536.34,,
45132,4567.46,4554.64,,
45133,4566.75,4567.46,,
45134,4537.41,4566.75,,
45135,4582.23,4537.41,,
45138,4588.96,4582.23,,
45139,4576.73,4588.96,,
45140,4513.39,4576.73,,
45141,4501.89,4513.39,,
45142,4478.03,4501.89,,
45145,4518.44,4478.03,,
45146,4499.38,4518.44,,
45147,4467.71,4499.38,,
45148,4468.83,4467.71,,
45149,4464.05,4468.83,,
45152,4489.72,4464.05,,
45153,4437.86,4489.72,,
45154,4404.33,4437.86,,
45155,4370.36,4404.33,,
45156,4369.71,4370.36,,
45159,4399.77,4369.71,,
45160,4387.55,4399.77,,
45161,4436.01,4387.55,,
45162,4376.31,4436.01,,
45163,4405.71,4376.31,,
45166,4433.31,4405.71,,
45167,4497.63,4433.31,,
45168,4514.87,4497.63,,
45169,4507.66,4514.87,,
45170,4515.77,4507.66,,
45174,4496.83,4515.77,,
45175,4465.48,4496.83,,
45176,4451.14,4465.48,,
45177,4457.49,4451.14,,
45180,4487.46,4457.49,,
45181,4461.9,4487.46,,
45182,4467.44,4461.9,,
45183,4505.1,4467.44,,
45184,4450.32,4505.1,,
45187,4453.53,4450.32,,
45188,4443.95,4453.53,,
45189,4402.2,4443.95,,
45190,4330,4402.2,,
45191,4320.06,4330,,
45194,4337.44,4320.06,,
45195,4273.53,4337.44,,
45196,4274.51,4273.53,,
45197,4299.7,4274.51,,
45198,4288.05,4299.7,,
45201,4288.39,4288.05,,
45202,4229.45,4288.39,,
45203,4263.75,4229.45,,
45204,4258.19,4263.75,,
45205,4308.5,4258.19,,
45208,4335.66,4308.5,,
45209,4358.24,4335.66,,
45210,4376.95,4358.24,,
45211,4349.61,4376.95,,
45212,4327.78,4349.61,,
45215,4373.63,4327.78,,
45216,4373.2,4373.63,,
45217,4314.6,4373.2,,
45218,4278,4314.6,,
45219,4224.16,4278,,
45222,4217.04,4224.16,,
45223,4247.68,4217.04,,
45224,4186.77,4247.68,,
45225,4137.23,4186.77,,
45226,4117.37,4137.23,,
45229,4166.82,4117.37,,
45230,4193.8,4166.82,,
45231,4237.86,4193.8,,
45232,4317.78,4237.86,,
45233,4358.34,4317.78,,
45236,4365.98,4358.34,,
45237,4378.38,4365.98,,
45238,4382.78,4378.38,,
45239,4347.35,4382.78,,
45240,4415.24,4347.35,,
45243,4411.55,4415.24,,
45244,4495.7,4411.55,,
45245,4502.88,4495.7,,
45246,4508.24,4502.88,,
45247,4514.02,4508.24,,
45250,4547.38,4514.02,,
45251,4538.19,4547.38,,
45252,4556.62,4538.19,,
45254,4559.34,4556.62,,
45257,4550.43,4559.34,,
45258,4554.89,4550.43,,
45259,4550.58,4554.89,,
45260,4567.8,4550.58,,
45261,4594.63,4567.8,,
45264,4569.78,4594.63,,
45265,4567.18,4569.78,,
45266,4549.34,4567.18,,
45267,4585.59,4549.34,,
45268,4604.37,4585.59,,
45271,4622.44,4604.37,,
45272,4643.7,4622.44,,
45273,4707.09,4643.7,,
45274,4719.55,4707.09,,
45275,4719.19,4719.55,,
45278,4740.56,4719.19,,
45279,4768.37,4740.56,,
45280,4698.35,4768.37,,
45281,4746.75,4698.35,,
45282,4754.63,4746.75,,
45286,4774.75,4754.63,,
45287,4781.58,4774.75,,
45288,4783.35,4781.58,,
45289,4769.83,4783.35,,
45293,4742.83,4769.83,,
45294,4704.81,4742.83,,
45295,4688.68,4704.81,,
45296,4697.24,4688.68,,
45299,4763.54,4697.24,,
45300,4756.5,4763.54,,
45301,4783.45,4756.5,,
45302,4780.24,4783.45,,
45303,4783.83,4780.24,,
45307,4765.98,4783.83,,
45308,4739.21,4765.98,,
45309,4780.94,4739.21,,
45310,4839.81,4780.94,,
45313,4850.43,4839.81,,
45314,4864.6,4850.43,,
45315,4868.55,4864.6,,
45316,4894.16,4868.55,,
45317,4890.97,4894.16,,
45320,4927.93,4890.97,,
45321,4924.97,4927.93,,
45322,4845.65,4924.97,,
45323,4906.19,4845.65,,
45324,4958.61,4906.19,,
45327,4942.81,4958.61,,
45328,4954.23,4942.81,,
45329,4995.06,4954.23,,
45330,4997.91,4995.06,,
45331,5026.61,4997.91,,
45334,5021.84,5026.61,,
45335,4953.17,5021.84,,
45336,5000.62,4953.17,,
45337,5029.73,5000.62,,
45338,5005.57,5029.73,,
45342,4975.51,5005.57,,
45343,4981.8,4975.51,,
45344,5087.03,4981.8,,
45345,5088.8,5087.03,,
45348,5069.53,5088.8,,
45349,5078.18,5069.53,,
45350,5069.76,5078.18,,
45351,5096.27,5069.76,,
45352,5137.08,5096.27,,
45355,5130.95,5137.08,,
45356,5078.65,5130.95,,
45357,5104.76,5078.65,,
45358,5157.36,5104.76,,
45359,5123.69,5157.36,,
45362,5117.94,5123.69,,
45363,5175.27,5117.94,,
45364,5165.31,5175.27,,
45365,5150.48,5165.31,,
45366,5117.09,5150.48,,
45369,5149.42,5117.09,,
45370,5178.51,5149.42,,
45371,5224.62,5178.51,,
45372,5241.53,5224.62,,
45373,5234.18,5241.53,,
45376,5218.19,5234.18,,
45377,5203.58,5218.19,,
45378,5248.49,5203.58,,
45379,5254.35,5248.49,,
45383,5243.77,5254.35,,
45384,5205.81,5243.77,,
45385,5211.49,5205.81,,
45386,5147.21,5211.49,,
45387,5204.34,5147.21,,
45390,5202.39,5204.34,,
45391,5209.91,5202.39,,
45392,5160.64,5209.91,,
45393,5199.06,5160.64,,
45394,5123.41,5199.06,,
45397,5061.82,5123.41,,
45398,5051.41,5061.82,,
45399,5022.21,5051.41,,
45400,5011.12,5022.21,,
45401,4967.23,5011.12,,
45404,5010.6,4967.23,,
45405,5070.55,5010.6,,
45406,5071.63,5070.55,,
45407,5048.42,5071.63,,
45408,5099.96,5048.42,,
45411,5116.17,5099.96,,
45412,5035.69,5116.17,,
45413,5018.39,5035.69,,
45414,5064.2,5018.39,,
45415,5127.79,5064.2,,
45418,5180.74,5127.79,,
45419,5187.7,5180.74,,
45420,5187.67,5187.7,,
45421,5214.08,5187.67,,
45422,5222.68,5214.08,,
45425,5221.42,5222.68,,
45426,5246.68,5221.42,,
45427,5308.15,5246.68,,
45428,5297.1,5308.15,,
45429,5303.27,5297.1,,
45432,5308.13,5303.27,,
45433,5321.41,5308.13,,
45434,5307.01,5321.41,,
45435,5267.84,5307.01,,
45436,5304.72,5267.84,,
45440,5306.04,5304.72,,
45441,5266.95,5306.04,,
45442,5235.48,5266.95,,
45443,5277.51,5235.48,,
45446,5283.4,5277.51,,
45447,5291.34,5283.4,,
45448,5354.03,5291.34,,
45449,5352.96,5354.03,,
45450,5346.99,5352.96,,
45453,5360.79,5346.99,,
45454,5375.32,5360.79,,
45455,5421.03,5375.32,,
45456,5433.74,5421.03,,
45457,5431.6,5433.74,,
45460,5473.23,5431.6,,
45461,5487.03,5473.23,,
45463,5473.17,5487.03,,
45464,5464.62,5473.17,,
45467,5447.87,5464.62,,
45468,5469.3,5447.87,,
45469,5477.9,5469.3,,
45470,5482.87,5477.9,,
45471,5460.48,5482.87,,
45474,5475.09,5460.48,,
45475,5509.01,5475.09,,
45476,5537.02,5509.01,,
45478,5567.19,5537.02,,
45481,5572.85,5567.19,,
45482,5576.98,5572.85,,
45483,5633.91,5576.98,,
45484,5584.54,5633.91,,
45485,5615.35,5584.54,,
45488,5631.22,5615.35,,
45489,5667.2,5631.22,,
45490,5588.27,5667.2,,
45491,5544.59,5588.27,,
45492,5505,5544.59,,
45495,5564.41,5505,,
45496,5555.74,5564.41,,
45497,5427.13,5555.74,,
45498,5399.22,5427.13,,
45499,5459.1,5399.22,,
45502,5463.54,5459.1,,
45503,5436.44,5463.54,,
45504,5522.3,5436.44,,
45505,5446.68,5522.3,,
45506,5346.56,5446.68,,
45509,5186.33,5346.56,,
45510,5240.03,5186.33,,
45511,5199.5,5240.03,,
45512,5319.31,5199.5,,
45513,5344.16,5319.31,,
45516,5344.39,5344.16,,
45517,5434.43,5344.39,,
45518,5455.21,5434.43,,
45519,5543.22,5455.21,,
45520,5554.25,5543.22,,
45523,5608.25,5554.25,,
45524,5597.12,5608.25,,
45525,5620.85,5597.12,,
45526,5570.64,5620.85,,
45527,5634.61,5570.64,,
45530,5616.84,5634.61,,
45531,5625.8,5616.84,,
45532,5592.18,5625.8,,
45533,5591.96,5592.18,,
45534,5648.4,5591.96,,
45538,5528.93,5648.4,,
45539,5520.07,5528.93,,
45540,5503.41,5520.07,,
45541,5408.42,5503.41,,
45544,5471.05,5408.42,,
45545,5495.52,5471.05,,
45546,5554.13,5495.52,,
45547,5595.76,5554.13,,
45548,5626.02,5595.76,,
45551,5633.09,5626.02,,
45552,5634.58,5633.09,,
45553,5618.26,5634.58,,
45554,5713.64,5618.26,,
45555,5702.55,5713.64,,
45558,5718.57,5702.55,,
45559,5732.93,5718.57,,
45560,5722.26,5732.93,,
45561,5745.37,5722.26,,
45562,5738.17,5745.37,,
45565,5762.48,5738.17,,
45566,5708.75,5762.48,,
45567,5709.54,5708.75,,
45568,5699.94,5709.54,,
45569,5751.07,5699.94,,
45572,5695.94,5751.07,,
45573,5751.13,5695.94,,
45574,5792.04,5751.13,,
45575,5780.05,5792.04,,
45576,5815.03,5780.05,,
45579,5859.85,5815.03,,
45580,5815.26,5859.85,,
45581,5842.47,5815.26,,
45582,5841.47,5842.47,,
45583,5864.67,5841.47,,
45586,5853.98,5864.67,,
45587,5851.2,5853.98,,
45588,5797.42,5851.2,,
45589,5809.86,5797.42,,
45590,5808.12,5809.86,,
45593,5823.52,5808.12,,
45594,5832.92,5823.52,,
45595,5813.67,5832.92,,
45596,5705.45,5813.67,,
45597,5728.8,5705.45,,
45600,5712.69,5728.8,,
45601,5782.76,5712.69,,
45602,5929.04,5782.76,,
45603,5973.1,5929.04,,
45604,5995.54,5973.1,,
45607,6001.35,5995.54,,
45608,5983.99,6001.35,,
45609,5985.38,5983.99,,
45610,5949.17,5985.38,,
45611,5870.62,5949.17,,
45614,5893.62,5870.62,,
45615,5916.98,5893.62,,
45616,5917.11,5916.98,,
45617,5948.71,5917.11,,
45618,5969.34,5948.71,,
45621,5987.37,5969.34,,
45622,6021.63,5987.37,,
45623,5998.74,6021.63,,
45625,6032.38,5998.74,,
45628,6047.15,6032.38,,
45629,6049.88,6047.15,,
45630,6086.49,6049.88,,
45631,6075.11,6086.49,,
45632,6090.27,6075.11,,
45635,6052.85,6090.27,,
45636,6034.91,6052.85,,
45637,6084.19,6034.91,,
45638,6051.25,6084.19,,
45639,6051.09,6051.25,,
45642,6074.08,6051.09,,
45643,6050.61,6074.08,,
45644,5872.16,6050.61,,
45645,5867.08,5872.16,,
45646,5930.85,5867.08,,
45649,5974.07,5930.85,,
45650,6040.04,5974.07,,
45652,6037.59,6040.04,,
45653,5970.84,6037.59,,
45656,5906.94,5970.84,,
45657,5881.63,5906.94,,
45659,5868.55,5881.63,,
45660,5942.47,5868.55,,
45663,5975.38,5942.47,,
45664,5909.03,5975.38,,
45665,5918.25,5909.03,,
45667,5827.04,5918.25,,
45670,5836.22,5827.04,,
45671,5842.91,5836.22,,
45672,5949.91,5842.91,,
45673,5937.34,5949.91,,
45674,5996.66,5937.34,,
45678,6049.24,5996.66,,
45679,6086.37,6049.24,,
45680,6118.71,6086.37,,
45681,6101.24,6118.71,,
45684,6012.28,6101.24,,
45685,6067.7,6012.28,,
45686,6039.31,6067.7,,
45687,6071.17,6039.31,,
45688,6040.53,6071.17,,
45691,5994.57,6040.53,,
45692,6037.88,5994.57,,
45693,6061.48,6037.88,,
45694,6083.57,6061.48,,
45695,6025.99,6083.57,,
45698,6066.44,6025.99,,
45699,6068.5,6066.44,,
45700,6051.97,6068.5,,
45701,6115.07,6051.97,,
45702,6114.63,6115.07,,
45706,6129.58,6114.63,,
45707,6144.15,6129.58,,
45708,6117.52,6144.15,,
45709,6013.13,6117.52,,
45712,5983.25,6013.13,,
45713,5955.25,5983.25,,
45714,5956.06,5955.25,,
45715,5861.57,5956.06,,
45716,5954.5,5861.57,,
45719,5849.72,5954.5,,
45720,5778.15,5849.72,,
45721,5842.63,5778.15,,
45722,5738.52,5842.63,,
45723,5770.2,5738.52,,
45726,5614.56,5770.2,,
45727,5572.07,5614.56,,
45728,5599.3,5572.07,,
45729,5521.52,5599.3,,
45730,5638.94,5521.52,,
45733,5675.12,5638.94,,
45734,5614.66,5675.12,,
45735,5675.29,5614.66,,
45736,5662.89,5675.29,,
45737,5667.56,5662.89,,
45740,5767.57,5667.56,,
45741,5776.65,5767.57,,
45742,5712.2,5776.65,,
45743,5693.31,5712.2,,
45744,5580.94,5693.31,,
45747,5611.85,5580.94,,
45748,5633.07,5611.85,,
45749,5670.97,5633.07,,
45750,5396.52,5670.97,,
45751,5074.08,5396.52,,
45754,5062.25,5074.08,,
45755,4982.77,5062.25,,
45756,5456.9,4982.77,,
45757,5268.05,5456.9,,
45758,5363.36,5268.05,,
45761,5405.97,5363.36,,
45762,5396.63,5405.97,,
45763,5275.7,5396.63,,
45764,5282.7,5275.7,,
45768,5158.2,5282.7,,
45769,5287.76,5158.2,,
45770,5375.86,5287.76,,
45771,5484.77,5375.86,,
45772,5525.21,5484.77,,
45775,5528.75,5525.21,,
45776,5560.83,5528.75,,
45777,5569.06,5560.83,,
45778,5604.14,5569.06,,
45779,5686.67,5604.14,,
45782,5650.38,5686.67,,
45783,5606.91,5650.38,,
45784,5631.28,5606.91,,
45785,5663.94,5631.28,,
45786,5659.91,5663.94,,
45789,5844.19,5659.91,,
45790,5886.55,5844.19,,
45791,5892.58,5886.55,,
45792,5916.93,5892.58,,
45793,5958.38,5916.93,,
45796,5963.6,5958.38,,
45797,5940.46,5963.6,,
45798,5844.61,5940.46,,
45799,5842.01,5844.61,,
45800,5802.82,5842.01,,
45804,5921.54,5802.82,,
45805,5888.55,5921.54,,
45806,5912.17,5888.55,,
45807,5911.69,5912.17,,
45810,5935.94,5911.69,,
45811,5970.37,5935.94,,
45812,5970.81,5970.37,,
45813,5939.3,5970.81,,
45814,6000.36,5939.3,,
45817,6005.88,6000.36,,
45818,6038.81,6005.88,,
45819,6022.24,6038.81,,
45820,6045.26,6022.24,,
45821,5976.97,6045.26,,
45824,6033.11,5976.97,,
45825,5982.72,6033.11,,
45826,5980.87,5982.72,,
45828,5967.84,5980.87,,
45831,6025.17,5967.84,,
45832,6092.18,6025.17,,
45833,6092.16,6092.18,,
45834,6141.02,6092.16,,
45835,6173.07,6141.02,,
45838,6204.95,6173.07,,
45839,6198.01,6204.95,,
45840,6227.42,6198.01,,
45841,6279.35,6227.42,,
45845,6229.98,6279.35,,
45846,6225.52,6229.98,,
45847,6263.26,6225.52,,
45848,6280.46,6263.26,,
45849,6259.75,6280.46,,
45852,6268.56,6259.75,,
45853,6243.76,6268.56,,
45854,6263.7,6243.76,,
45855,6297.36,6263.7,,
45856,6296.79,6297.36,,
45859,6305.6,6296.79,,
45860,6309.62,6305.6,,
45861,6358.91,6309.62,,
45862,6363.35,6358.91,,
45863,6388.64,6363.35,,
45866,6389.77,6388.64,,
45867,6370.86,6389.77,,
45868,6362.9,6370.86,,
45869,6339.39,6362.9,,
45870,6238.01,6339.39,,
45873,6329.94,6238.01,,
45874,6299.19,6329.94,,
45875,6345.06,6299.19,,
45876,6340,6345.06,,
45877,6389.45,6340,,
45880,6373.45,6389.45,,
45881,6445.76,6373.45,,
45882,6466.58,6445.76,,
45883,6468.54,6466.58,,
45884,6449.8,6468.54,,
45887,6449.15,6449.8,,
45888,6411.37,6449.15,,
45889,6395.78,6411.37,,
45890,6370.17,6395.78,,
45891,6466.91,6370.17,,
45894,6439.32,6466.91,,
45895,6465.94,6439.32,,
45896,6481.4,6465.94,,
45897,6501.86,6481.4,,
45898,6460.26,6501.86,,
45902,6415.54,6460.26,,
45903,6448.26,6415.54,,
45904,6502.08,6448.26,,
45905,6481.5,6502.08,,
45908,6495.15,6481.5,,
45909,6512.61,6495.15,,
45910,6532.04,6512.61,,
45911,6587.47,6532.04,,
45912,6584.29,6587.47,,
45915,6615.28,6584.29,,
45916,6606.76,6615.28,,
45917,6600.35,6606.76,,
45918,6631.96,6600.35,,
45919,6664.36,6631.96,,
45922,6693.75,6664.36,,
45923,6656.92,6693.75,,
45924,6637.97,6656.92,,
45925,6604.72,6637.97,,
45926,6643.7,6604.72,,
45929,6661.21,6643.7,,
45930,6688.46,6661.21,,
45931,6711.2,6688.46,,
45932,6715.35,6711.2,,
45933,6715.79,6715.35,,
45936,6740.28,6715.79,,
45937,6714.59,6740.28,,
45938,6753.72,6714.59,,
45939,6735.11,6753.72,,
45940,6552.51,6735.11,,
45943,6654.72,6552.51,,
45944,6644.31,6654.72,,
45945,6671.06,6644.31,,
45946,6629.07,6671.06,,
45947,6664.01,6629.07,,
45950,6735.13,6664.01,,
45951,6735.35,6735.13,,
45952,6699.4,6735.35,,
45953,6738.44,6699.4,,
45954,6791.69,6738.44,,
45957,6875.16,6791.69,,
45958,6890.89,6875.16,,
45959,6890.59,6890.89,,
45960,6822.34,6890.59,,
45961,6840.2,6822.34,,
45964,6851.97,6840.2,,
45965,6771.55,6851.97,,
45966,6796.29,6771.55,,
45967,6720.32,6796.29,,
45968,6728.8,6720.32,,
45971,6832.43,6728.8,,
45972,6846.61,6832.43,,
45973,6850.92,6846.61,,
45974,6737.49,6850.92,,
45975,6734.11,6737.49,,
45978,6672.41,6734.11,,
45979,6617.32,6672.41,,
45980,6642.16,6617.32,,
45981,6538.76,6642.16,,
45982,6602.99,6538.76,,
45985,6705.12,6602.99,,
45986,6765.88,6705.12,,
45987,6812.61,6765.88,,
45989,6849.09,6812.61,,
45992,6812.63,6849.09,,
45993,6829.37,6812.63,,
45994,6849.72,6829.37,,
45995,6857.12,6849.72,,
45996,6870.4,6857.12,,
45999,6846.51,6870.4,,
46000,6840.51,6846.51,,
46001,6886.68,6840.51,,
46002,6901,6886.68,,
46003,6827.41,6901,,
46006,6816.51,6827.41,,
46007,6800.26,6816.51,,
46008,6721.43,6800.26,,
46009,6774.76,6721.43,,
46010,6834.5,6774.76,,
46013,6878.49,6834.5,,
46014,6909.79,6878.49,,
46015,6932.05,6909.79,,
46017,6929.94,6932.05,,
46020,6905.74,6929.94,,
46021,6896.24,6905.74,,
46022,6845.5,6896.24,,
46024,6858.47,6845.5,,
46027,6902.05,6858.47,,
46028,6944.82,6902.05,,
46029,6920.93,6944.82,,
46030,6921.46,6920.93,,
46031,6966.28,6921.46,,
46034,6977.27,6966.28,,
46035,6963.74,6977.27,,
46036,6926.6,6963.74,,
46037,6944.47,6926.6,,
46038,6940.01,6944.47,,
46042,6796.86,6940.01,,
46043,6875.62,6796.86,,
46044,6913.35,6875.62,,
46045,6915.61,6913.35,,
46048,6950.23,6915.61,,
46049,6978.6,6950.23,,
46050,6978.03,6978.6,,
46051,6969.01,6978.03,,
46052,6939.03,6969.01,,
46055,6976.44,6939.03,,
46056,6917.81,6976.44,,
46057,6882.72,6917.81,,
46058,6798.4,6882.72,,
46059,6932.3,6798.4,,
46062,6964.82,6932.3,,
46063,6941.81,6964.82,,
46064,6941.47,6941.81,,
46065,6832.76,6941.47,,
46066,6836.17,6832.76,,
46070,6843.22,6836.17,,
46071,6881.31,6843.22,,
46072,6861.89,6881.31,,
46073,6909.51,6861.89,,
46076,6837.75,6909.51,,
46077,6890.07,6837.75,,
46078,6946.13,6890.07,,
46079,6908.86,6946.13,,
46080,6878.88,6908.86,,
46083,6881.62,6878.88,,
46084,6816.63,6881.62,,
46085,6869.5,6816.63,,
46086,6830.71,6869.5,,
46087,6740.02,6830.71,,
46090,6795.99,6740.02,,
46091,6781.48,6795.99,,
46092,6775.8,6781.48,,
46093,6672.62,6775.8,,
46094,6632.19,6672.62,,
46097,6699.38,6632.19,,
46098,6716.09,6699.38,,
46099,6624.7,6716.09,,
46100,6606.49,6624.7,,
46101,6506.48,6606.49,,
46104,6581,6506.48,,
46105,6556.37,6581,,
46106,6591.9,6556.37,,
46107,6477.16,6591.9,,
46108,6368.85,6477.16,,
46111,6343.72,6368.85,,
46112,6528.52,6343.72,,
46113,6575.32,6528.52,,
46114,6582.69,6575.32,,
46118,6611.83,6582.69,,
46119,6616.85,6611.83,,
46120,6782.81,6616.85,,
46121,6824.66,6782.81,,
46122,6816.89,6824.66,,
46125,6886.24,6816.89,,
46126,6967.38,6886.24,,
46127,7022.95,6967.38,,
46128,7041.28,7022.95,,
46129,7126.06,7041.28,,
46132,7109.14,7126.06,,
46133,7064.01,7109.14,,
46134,7137.9,7064.01,,
46135,7108.4,7137.9,,
46136,7165.08,7108.4,,
46139,7173.91,7165.08,,
46140,7138.8,7173.91,,
46141,7135.95,7138.8,,
46142,7209.01,7135.95,,
46143,7230.12,7209.01,,
46146,7200.75,7230.12,,
46147,7259.22,7200.75,,